source_file,case_name,court,year,courtlistener_cluster_id,courtlistener_url,database_sources,source_text_status,sha256_lf
025 - Arrington v MZ 2640 OWNER LLP,Arrington v. MZ 2640 OWNER LLP,S.D.N.Y.,2024,,,3604; claims; csv,on file with author,d1771333a58432ae8bce4ca9e39a75e30f035e0152f861e6a702cb1a3d4aa8ed
025 - MATTER OF HART v New York City Hous Auth 2,Matter of Hart v. New York City Hous. Auth.,"N.Y. App. Div., 2d Dep't",2024,9884278,https://www.courtlistener.com/api/rest/v4/clusters/9884278/,3604; claims; dates_resolved,,
025 - MATTER OF HART v New York City Housing Authority,Matter of Hart v New York City Housing Authority,"N.Y. App. Div., 2d Dep't",2024,9884278,https://www.courtlistener.com/api/rest/v4/clusters/9884278/,3604; claims; dates_resolved,,
025 - United States v FOX RUN APARTMENTS LLC,"United States v. Fox Run Apartments, LLC",D. Kan.,2024,,,3604; claims; csv,,
025 - Williams v BINGHAMTON CITY POLICE,,,,,,3604; claims,,
025 - Williams v BINGHAMTON UHS,,,,,,3604; claims,,
034 - CLOVER COMMUNITIES BEAVERCREEK LLC v MUSSACHIO ARCHITECTS PC,"CLOVER COMMUNITIES BEAVERCREEK, LLC v. MUSSACHIO ARCHITECTS PC",N.D.N.Y.,2024,,,3604; claims; csv; phase2_extraction; dates_resolved,,
034 - Collins v TEAM MANAGEMENT LLC,Collins v. TEAM MANAGEMENT LLC,E.D. Wis.,2025,,,3604; claims; csv; phase2_extraction,,
10000566_2024_Robinson v. District of Columbia_dcd,Robinson v. District of Columbia,D.D.C.,2024,9533953,https://www.courtlistener.com/api/rest/v4/clusters/9533953/,3604; claims; csv; iqbal,on file with author,2f00fe16d20a55aad5f20adc915b16dadd87b33bc55dc6c61c3307085b7f536d
10005587_2024_Allentown Victory Church v. City of Allentown_ca3,Allentown Victory Church v. City of Allentown,3d Cir.,2024,10005587,https://www.courtlistener.com/api/rest/v4/clusters/10005587/,RA; 3604; claims; csv,,
10006353_2024_David Q. Webb v. Miami-Dade County Government_ca11,David Q. Webb v. Miami-Dade County Government,11th Cir.,2024,10006353,https://www.courtlistener.com/api/rest/v4/clusters/10006353/,RA; claims; csv,on file with author,4c16d49015b3de7d8dfc89688c727093653de772b6f3b75d850dc5f4d970e033
10006778_2024_Celia Litman v. Jennifer Guckin_ca3,Celia Litman; et al. v. Jennifer Guckin; Township of Towamencin,3d Cir.,2024,10006778,https://www.courtlistener.com/api/rest/v4/clusters/10006778/,RA; claims; csv,,
10034090_2024_Jeremy Morris v. West Hayden Estates First Add._ca9,"Jeremy Ray Morris; Kristy Morris v. West Hayden Estates First Addition Homeowners Association, Inc.",9th Cir.,2024,10034090,https://www.courtlistener.com/api/rest/v4/clusters/10034090/,3604; claims; csv; dates_resolved,,
"10038254_2024_Gilead Community Services, Inc. v. Town of Cromwell_ca2","Gilead Community Services, Inc. v. Town of Cromwell",Second Circuit,2024,10038254,https://www.courtlistener.com/api/rest/v4/clusters/10038254/,RA; 3604; claims; csv,,
"10046364_2024_Thomas Merck v. Walmart, Inc._ca6","Merck v. Walmart, Inc.",Sixth Circuit,2024,10046364,https://www.courtlistener.com/api/rest/v4/clusters/10046364/,RA; claims; csv; phase1_patch,,
10047397_2024_Jeffrey Cogan v. Arnaldo Trabucco_ca9,,,,10047397,https://www.courtlistener.com/api/rest/v4/clusters/10047397/,RA; claims; csv,,
10082236_2024_Joshua Debity v. Vintage Village Homeowners Ass'n_ca6,"Joshua A. Debity, et al. v. Vintage Village Homeowners Association",6th Cir.,2024,10082236,https://www.courtlistener.com/api/rest/v4/clusters/10082236/,RA; 3604; claims; csv,,
10089373_2024_Katalin Bloodgood-Loper v. Lenard Loper_ca9,"Katalin Bloodgood-Loper v. Lenard Loper; LVL Investments, LLC; Michelle L. Mercer",9th Cir.,2024,10089373,https://www.courtlistener.com/api/rest/v4/clusters/10089373/,RA; 3604; claims; csv,,
"10098080_2024_Neway Mengistu v. Forestview Apartments, LLC_ca9","Neway Mengistu v. Forestview Apartments, LLC",9th Cir.,2024,10098080,https://www.courtlistener.com/api/rest/v4/clusters/10098080/,RA; 3604; claims; csv,,
10099647_2024_Earlando Samuel v. Delaware County Housing Authority_ca3,Earlando Samuel v. Delaware County Housing Authority,Third Circuit,2024,10099647,https://www.courtlistener.com/api/rest/v4/clusters/10099647/,RA; claims; csv,,
"10105570_2024_Adam U. Steines v. Westgate Palace, L.L.C._ca11","Adam U. Steines v. Westgate Palace, L.L.C.",11th Cir.,2024,10105570,https://www.courtlistener.com/api/rest/v4/clusters/10105570/,RA; claims; csv; phase1_patch,,
10113641_2024_Seals v. Itex Group_ca5,"J.W. Seals, Jr.; Vergie Seals; Marie L. Pace v. Itex Group L.L.C.",5th Cir.,2024,10113641,https://www.courtlistener.com/api/rest/v4/clusters/10113641/,RA; claims; csv,,
10122741_2024_Arizona Alliance for Retired Americans v. Kristin K. Mayes_ca9,,,,10122741,https://www.courtlistener.com/api/rest/v4/clusters/10122741/,RA; claims; csv,,
"10143415_2024_New Heights Farm I, LLC v. Great Am. Ins. Co._ca6",,,,10143415,https://www.courtlistener.com/api/rest/v4/clusters/10143415/,RA; claims; csv,,
10161706_2024_In re_ Nyah Sekel_ca4,In re: Nyah Sekel,4th Cir.,2024,10161706,https://www.courtlistener.com/api/rest/v4/clusters/10161706/,RA; claims; csv,,
"10164483_2022_Equal Employment Opportunity Commission v. Dolgencorp, LLC_alnd",,,,10164483,https://www.courtlistener.com/api/rest/v4/clusters/10164483/,RA; claims; csv,,
10164688_2024_Dunn v. Manuel_alnd,"Nora Dunn v. Carter Manuel, et al.",N.D. Ala.,2024,10164688,https://www.courtlistener.com/api/rest/v4/clusters/10164688/,RA; 3604; claims; csv,on file with author,8e76af71e0134aa5645cdc6e6b8c233cb7beb06c3a218f11c73deb48712fb422
10164858_2021_Miller v. Coastline Management_alsd,Miller v. Coastline Management,S.D. Ala.,2021,10164858,https://www.courtlistener.com/api/rest/v4/clusters/10164858/,RA; claims; csv,on file with author,cbd0b2d8400778ce0089d412c0864607c64599e48f0320a1a857bb1797c14b02
10166008_2023_Muldrow v. State of Arkansas_arwd,,,,10166008,https://www.courtlistener.com/api/rest/v4/clusters/10166008/,RA; claims; csv,,
"10166666_2024_Equal Employment Opportunity Commission v. Crain Automotive Holdings, LLC_arwd",,,,10166666,https://www.courtlistener.com/api/rest/v4/clusters/10166666/,RA; claims; csv,,
10166678_2024_Southwest Fair Housing Council v. WG Scottsdale LLC_azd,Southwest Fair Housing Council v. WG Scottsdale LLC,D. Ariz.,2024,10166678,https://www.courtlistener.com/api/rest/v4/clusters/10166678/,RA; claims; csv; phase1_patch,,
10166836_2024_Hiatt v. Sun City Festival Community Association Incorporated_azd,Wayne Hiatt v. Sun City Festival Community Association Incorporated,D. Ariz.,2024,10166836,https://www.courtlistener.com/api/rest/v4/clusters/10166836/,RA; 3604; claims; csv; phase1_patch,,
10166885_2024_Hiatt v. Sun City Festival Community Association Incorporated_azd,Wayne Hiatt v. Sun City Festival Community Association Incorporated,D. Ariz.,2024,10166885,https://www.courtlistener.com/api/rest/v4/clusters/10166885/,RA; 3604; claims; csv,,
10166992_2024_Harvey v. Maxwell _ Morgan P.C._azd,"TL Harvey v. Maxwell & Morgan P.C., et al.",D. Ariz.,2024,10166992,https://www.courtlistener.com/api/rest/v4/clusters/10166992/,RA; claims; csv,on file with author,e066f8916b8e01de6ca85b02e77f807aee3a53f6a27e12eacd4c0619814d3e26
10167001_2024_Fog v. Jackson_azd,,,,10167001,https://www.courtlistener.com/api/rest/v4/clusters/10167001/,RA; 3604; claims; csv,,
10167251_2024_Hiatt v. Sun City Festival Community Association Incorporated_azd,Wayne Hiatt v. Sun City Festival Community Association Incorporated,D. Ariz.,2024,10167251,https://www.courtlistener.com/api/rest/v4/clusters/10167251/,RA; 3604; claims; csv,,
10167263_2024_Garfield Sacred Heart Housing LLC v. Santos_azd,,,,10167263,https://www.courtlistener.com/api/rest/v4/clusters/10167263/,RA; claims; csv,,
"10167516_2024_Timothy Neilson v. KC Hotels Group, Inc._cacd",,,,10167516,https://www.courtlistener.com/api/rest/v4/clusters/10167516/,RA; 3604; claims; csv,,
"10167686_2024_The People of the State of California v. Rish Investments, Inc._cacd",,,,10167686,https://www.courtlistener.com/api/rest/v4/clusters/10167686/,3604; claims,,
10167751_2024_United African-Asian Abilities Club v. Alexander C. Freiberg_cacd,United African-Asian Abilities Club et al v. Alexander C. Freiberg et al,C.D. Cal.,2024,10167751,https://www.courtlistener.com/api/rest/v4/clusters/10167751/,RA; claims; csv,,
10167883_2024_United States v. Aqua 388 Community Association_cacd,Emma Adams v. Aqua 388 Community Association et al.,C.D. Cal.,2024,10167883,https://www.courtlistener.com/api/rest/v4/clusters/10167883/,RA; claims; csv,,
10168164_2024_United African-Asian Abilities Club v. 6335 Whitsett Ave LLC_cacd,"United African-Asian Abilities Club, et al. v. 6335 Whitsett Ave LLC, et al.",C.D. Cal.,2024,10168164,https://www.courtlistener.com/api/rest/v4/clusters/10168164/,RA; claims; csv; phase1_patch,,
10168274_2024_Deepa Patel v. City of Stanton_cacd,Deepa Patel et al. v. City of Stanton et al.,C.D. Cal.,2024,10168274,https://www.courtlistener.com/api/rest/v4/clusters/10168274/,RA; 3604; claims; csv,,
10168915_2024_United States v. Nolen_caed,"United States of America v. Joel Lynn Nolen, et al.",E.D. Cal.,2024,10168915,https://www.courtlistener.com/api/rest/v4/clusters/10168915/,RA; claims; csv; phase1_patch,,
10169656_2024_Chhang v. West Coast USA Properties LLC_caed,"Pharilyn Chhang v. West Coast USA Properties LLC, et al.",E.D. Cal.,2024,10169656,https://www.courtlistener.com/api/rest/v4/clusters/10169656/,RA; claims; csv; phase2_extraction,on file with author,01e5289cb73b48b63f97cae64808533495453cb38ad1e1cbf7e514781eb94a85
10170006_2024_United States v. Salazar_caed,"United States of America v. Javier Salazar, Jr., et al.",E.D. Cal.,2024,10170006,https://www.courtlistener.com/api/rest/v4/clusters/10170006/,RA; 3604; claims; csv,,
10170549_2024_Chhang v. West Coast USA Properties LLC_caed,Pharilyn Chhang v. West Coast USA Properties LLC,E.D. Cal.,2024,10170549,https://www.courtlistener.com/api/rest/v4/clusters/10170549/,RA; claims; csv; phase1_patch,,
10170862_2024_United States v. Nolen_caed,"United States v. Joel Lynn Nolen, et al.",E.D. Cal.,2024,10170862,https://www.courtlistener.com/api/rest/v4/clusters/10170862/,RA; claims; csv,,
10171363_2024_(PS) Frye v. Situ_caed,,,,10171363,https://www.courtlistener.com/api/rest/v4/clusters/10171363/,RA; 3604; claims; csv,,
10171441_2024_(PS) Coleman v. Fang_caed,Jacqueline Coleman v. Xiaoyan Fang and Ye Fang,E.D. Cal.,2024,10171441,https://www.courtlistener.com/api/rest/v4/clusters/10171441/,RA; claims; csv; phase1_patch,,
10171622_2024_United States v. Salazar_caed,"United States of America v. Javier Salazar, Jr., et al.",E.D. Cal.,2024,10171622,https://www.courtlistener.com/api/rest/v4/clusters/10171622/,RA; claims; csv,,
10171744_2021_Sam Sohn v. California Housing Financing Agency_cand,Sam Sohn v. California Housing Financing Agency,N.D. Cal.,2021,10171744,https://www.courtlistener.com/api/rest/v4/clusters/10171744/,RA; claims; csv,on file with author,7d3b8735edeeb07fc5539d3ad552dbdbb327fb7b609228ab65eb34f65ba65efc
"10172026_2024_Filho v. Mercy Housing California XVII, LP_cand","Filho v. Mercy Housing California XVII, LP",N.D. Cal.,2024,10172026,https://www.courtlistener.com/api/rest/v4/clusters/10172026/,3604; claims; csv,,
10172491_2024_Prado v. City of Berkeley_cand,Prado v. City of Berkeley,N.D. Cal.,2024,10172491,https://www.courtlistener.com/api/rest/v4/clusters/10172491/,3604; claims; csv; dates_resolved,,
"10172890_2024_Heyward v. Mosser Properties, Inc._cand","Heyward v. Mosser Properties, Inc.",N.D. Cal.,2024,10172890,https://www.courtlistener.com/api/rest/v4/clusters/10172890/,RA; claims; csv,on file with author,a11ed729556e52214be181b945338e6cd16a14a58a3dd3b9bfcedd6823c398cc
10172920_2024_Gonzalez v. Ahern_cand,,,,10172920,https://www.courtlistener.com/api/rest/v4/clusters/10172920/,RA; claims; csv,,
10173300_2024_Next Petroleum LLC v. Ramirez_cand,,,,10173300,https://www.courtlistener.com/api/rest/v4/clusters/10173300/,RA; claims; csv,,
10173558_2024_Macias v. Lange_casd,Erika Macias v. Myron Lange,S.D. Cal.,2024,10173558,https://www.courtlistener.com/api/rest/v4/clusters/10173558/,RA; claims; csv; phase1_patch; phase2_extraction,,
10174224_2022_Laufer v. Boulderado Hotel Ltd_cod,,,,10174224,https://www.courtlistener.com/api/rest/v4/clusters/10174224/,RA; claims; csv,,
"10174550_2022_Gilead Community Services, Inc. v. Cromwell_ctd","Gilead Community Services, Inc. v. Town of Cromwell",D. Conn.,2022,10174550,https://www.courtlistener.com/api/rest/v4/clusters/10174550/,RA; 3604; claims; csv,,
10176464_2024_Atlantic Housing Partners L.L.L.P. v. Brevard County_flmd,Atlantic Housing Partners L.L.L.P. v. Brevard County,M.D. Fla.,2024,10176464,https://www.courtlistener.com/api/rest/v4/clusters/10176464/,RA; claims; csv,,
10177003_2024_MAZILE v. Larkin University Corp._flsd,,,,10177003,https://www.courtlistener.com/api/rest/v4/clusters/10177003/,RA; claims; csv,,
10177302_2024_Derhem v. Bay House Miami Condominium Association_flsd,Kanayo Derhem v. Bay House Miami Condominium Association,S.D. Fla.,2024,10177302,https://www.courtlistener.com/api/rest/v4/clusters/10177302/,RA; claims; csv; phase1_patch,,
10177731_2024_Willis v. Nelson NG_gand,Edgar Willis v. Nelson Ng,N.D. Ga.,2024,10177731,https://www.courtlistener.com/api/rest/v4/clusters/10177731/,RA; 3604; claims; csv,on file with author,96c1791bbd73a391987a65d23d39a4fdc422e120667a5073756c85bc61247418
10177844_2024_Tanksley v. Cedar Rock Plantation_gasd,Ralph Tanksley v. Cedar Rock Plantation,S.D. Ga.,2024,10177844,https://www.courtlistener.com/api/rest/v4/clusters/10177844/,RA; claims; csv; phase1_patch,,
"10177885_2024_Resurrection House Ministries, Inc v. City of Brunswick_gasd",,,,10177885,https://www.courtlistener.com/api/rest/v4/clusters/10177885/,RA; claims; csv,,
"10178049_2024_Galarza v. Quam Properties Hawaii, Inc._hid","Beverly Galarza and Steven Galarza v. Quam Properties Hawaii, Inc.",D. Haw.,2024,10178049,https://www.courtlistener.com/api/rest/v4/clusters/10178049/,RA; claims; csv,,
10178074_2024_Hauanio v. The Michaels Organization_hid,Sunshine H. Hauanio v. The Michaels Organization,D. Haw.,2024,10178074,https://www.courtlistener.com/api/rest/v4/clusters/10178074/,RA; 3604; claims; csv,on file with author,b62a0d33a6731115fd575e8d5cd2d4b699e8e3ab2372a5cb4a48cbb0f59346e1
10178103_2024_Thorson v. Hawaii Public Housing Authority_hid,Laurie Thorson v. Hawai'i Public Housing Authority,D. Haw.,2024,10178103,https://www.courtlistener.com/api/rest/v4/clusters/10178103/,RA; claims; csv,,
10178218_2022_Witzke v. Idaho State Bar_idd,,,,10178218,https://www.courtlistener.com/api/rest/v4/clusters/10178218/,RA; claims; csv,,
"10178278_2024_Bock v. Brentwood Homeowners Association, Inc._idd","Les Bock and Dunnia E. Aplicano v. Brentwood Homeowners' Association, Inc.",D. Idaho,2024,10178278,https://www.courtlistener.com/api/rest/v4/clusters/10178278/,RA; 3604; claims; csv,on file with author,c8bc01dddd8d2fa1b17f60532e6220831043c12fdb75aaca10ccb5c9ddef5fc6
10178312_2024_Doe v. University Of Idaho_idd,Jane Doe v. University of Idaho,D. Idaho,2024,10178312,https://www.courtlistener.com/api/rest/v4/clusters/10178312/,RA; 3604; claims; csv,on file with author,ea274ef39a739af61c757fb3561dfbcfc624e6900866ee91e590ba466a1e8a3f
"10178413_2024_Valencia v. City of Springfield, Illinois_ilcd","Valencia v. City of Springfield, Illinois",C.D. Ill.,2024,10178413,https://www.courtlistener.com/api/rest/v4/clusters/10178413/,RA; 3604; claims; csv,,
10178561_2019_National Fair Housing Alliance v. Deutsche Bank National Trust_ilnd,National Fair Housing Alliance v. Deutsche Bank National Trust,N.D. Ill.,2019,10178561,https://www.courtlistener.com/api/rest/v4/clusters/10178561/,3604; claims; csv,,
10178593_2022_County Of Cook v. Bank of America Corporation_ilnd,"County of Cook v. Bank of America Corporation, et al.",N.D. Ill.,2022,10178593,https://www.courtlistener.com/api/rest/v4/clusters/10178593/,RA; claims; csv,,
"10178987_2024_Connectors Realty Group Corporation, The v. State Farm Fire _ Casualty Company_ilnd",Connectors Realty Group Corporation v. State Farm Fire & Casualty Company,N.D. Ill.,2024,10178987,https://www.courtlistener.com/api/rest/v4/clusters/10178987/,RA; 3604; claims; csv,,
"10179253_2024_Legal Aid Chicago v. Hunter Properties, Inc._ilnd","Legal Aid Chicago v. Hunter Properties, Inc.",N.D. Ill.,2024,10179253,https://www.courtlistener.com/api/rest/v4/clusters/10179253/,RA; 3604; claims; csv,,
10179261_2024_Access Living of Metropolitan Chicago v. City Of Chicago_ilnd,"Access Living of Metropolitan Chicago, Inc. v. City of Chicago",N.D. Ill.,2024,10179261,https://www.courtlistener.com/api/rest/v4/clusters/10179261/,RA; 3604; claims; csv,,
10180425_2024_COPENY v. ENGLAND_insd,"Gary Copeny v. Diana England, Matt Evans, Diana Wright",S.D. Ind.,2024,10180425,https://www.courtlistener.com/api/rest/v4/clusters/10180425/,RA; claims; csv,,
"10180547_2024_FAIR HOUSING CENTER OF CENTRAL INDIANA, INC. v. M_J MANAGEMENT COMPANY, LLC, d_b_a THE SEXTON COMPANIES_insd","Fair Housing Center of Central Indiana, Inc. v. M&J Management Company, LLC, d/b/a The Sexton Companies",S.D. Ind.,2024,10180547,https://www.courtlistener.com/api/rest/v4/clusters/10180547/,RA; 3604; claims; csv,,
"10180644_2024_FAIR HOUSING CENTER OF CENTRAL INDIANA, INC. v. M_J MANAGEMENT COMPANY, LLC, d_b_a THE SEXTON COMPANIES_insd","Fair Housing Center of Central Indiana, Inc. v. M&J Management Company, LLC, d/b/a The Sexton Companies",S.D. Ind.,2024,10180644,https://www.courtlistener.com/api/rest/v4/clusters/10180644/,RA; claims; csv,,
"10180688_2024_FAIR HOUSING CENTER OF CENTRAL INDIANA, INC. v. M_J MANAGEMENT COMPANY, LLC, d_b_a THE SEXTON COMPANIES_insd","Fair Housing Center of Central Indiana, Inc. v. M&J Management Company, LLC, d/b/a The Sexton Companies",S.D. Ind.,2024,10180688,https://www.courtlistener.com/api/rest/v4/clusters/10180688/,RA; claims; csv,,
"10180724_2024_United States v. Fox Run Apartments, LLC_ksd","United States of America v. Fox Run Apartments, LLC",D. Kan.,2024,10180724,https://www.courtlistener.com/api/rest/v4/clusters/10180724/,RA; 3604; claims; csv,,
10180794_2024_Edwards v. Klinedinst_ksd,Edwards v. Klinedinst,D. Kan.,2024,10180794,https://www.courtlistener.com/api/rest/v4/clusters/10180794/,RA; claims; csv; phase1_patch,,
10180835_2024_Shortey v. Kansas City Shippers Association_ksd,,,,10180835,https://www.courtlistener.com/api/rest/v4/clusters/10180835/,RA; claims; csv,,
"10181821_2024_Military Road Revitalization Company, LLC v. St. Tammany Parish Government_laed","Military Road Revitalization Company, LLC et al. v. St. Tammany Parish Government et al.",E.D. La.,2024,10181821,https://www.courtlistener.com/api/rest/v4/clusters/10181821/,RA; 3604; claims; csv,,
10181920_2024_Stennis v. The Moorings of Oak Harbor Property Owners' Association LLC_laed,Shalmon J. Stennis et al. v. The Moorings of Oak Harbor Property Owners' Association Inc. et al.,E.D. La.,2024,10181920,https://www.courtlistener.com/api/rest/v4/clusters/10181920/,RA; 3604; claims; csv,,
10182054_2021_Banks v. Kottemann Law Firm_lamd,,,,10182054,https://www.courtlistener.com/api/rest/v4/clusters/10182054/,RA; claims,,
10182119_2024_Believe TGH LLC v. Pointe Coupee Parish_lamd,"Believe TGH, LLC, et al. v. Pointe Coupee Parish",M.D. La.,2024,10182119,https://www.courtlistener.com/api/rest/v4/clusters/10182119/,RA; claims; csv,,
10182408_2024_Wood v. Kansas City Southern Railway Co_lawd,,,,10182408,https://www.courtlistener.com/api/rest/v4/clusters/10182408/,RA; claims; csv,,
10182858_2022_Estate of DaMon R. Fisher v. City of Annapolis_mdd,Estate of DaMon R. Fisher v. City of Annapolis,D. Md.,2022,10182858,https://www.courtlistener.com/api/rest/v4/clusters/10182858/,RA; 3604; claims; csv,,
"10182954_2024_Siguel v. King Farm Citizens Assembly, Inc._mdd","Edward Siguel v. King Farm Citizens Assembly, Inc.",D. Md.,2024,10182954,https://www.courtlistener.com/api/rest/v4/clusters/10182954/,RA; claims; csv,,
"10182963_2024_Siguel v. King Farm Citizens Assembly, Inc._mdd","Edward Siguel v. King Farm Citizens Assembly, Inc., et al.",D. Md.,2024,10182963,https://www.courtlistener.com/api/rest/v4/clusters/10182963/,RA; 3604; claims; csv,on file with author,72f903e18d71b6090fb01c882145315dce203574904e00bbb5d54ab73c41cc1c
"10183030_2024_Bailey v. The Queen's Landing Council of Unit Owners, Inc._mdd","Rosanna Bailey v. The Queen's Landing Council of Unit Owners, Inc.",D. Md.,2024,10183030,https://www.courtlistener.com/api/rest/v4/clusters/10183030/,RA; 3604; claims; csv,,
10183094_2024_Johnson v. City of Annapolis_mdd,"Tamara Johnson, et al. v. City of Annapolis",D. Md.,2024,10183094,https://www.courtlistener.com/api/rest/v4/clusters/10183094/,RA; 3604; claims; csv,,
10183095_2024_Estate of DaMon R. Fisher v. City of Annapolis_mdd,Estate of DaMon R. Fisher v. City of Annapolis,D. Md.,2024,10183095,https://www.courtlistener.com/api/rest/v4/clusters/10183095/,RA; 3604; claims; csv,,
10183158_2024_Cooper v. Parham-Greene_mdd,Lynette Cooper v. Housing Authority Baltimore City et al.,D. Md.,2024,10183158,https://www.courtlistener.com/api/rest/v4/clusters/10183158/,RA; claims; csv; phase1_patch,on file with author,4fa1479bf6b4000cdd93d14baf530856a88b9b16cec1ce6eec05e13b86a7173e
"10183208_2024_CMDS Residential, LLC v. Mayor and City Council Of Baltimore_mdd","CMDS Residential, LLC v. Mayor and City Council of Baltimore",D. Md.,2024,10183208,https://www.courtlistener.com/api/rest/v4/clusters/10183208/,RA; claims; csv,,
"10183452_2024_Williams v. Carrington Mortgage Services, LLC_mdd","Antoinette Marie Williams v. Carrington Mortgage Services, LLC",D. Md.,2024,10183452,https://www.courtlistener.com/api/rest/v4/clusters/10183452/,RA; claims; csv,on file with author,b6dbbccc4a092eabfe9f80886a5b1c05dff65c905130bb5446d98e1ddec9a232
"10183759_2024_Arnold v. Poinsettia Homeowners Association, Inc._mied","Christine M. Arnold v. Poinsettia Homeowners Association, Inc.",E.D. Mich.,2024,10183759,https://www.courtlistener.com/api/rest/v4/clusters/10183759/,RA; claims; csv,on file with author,4a3533a27138417f07f08f49b249067396b9e7c897a7786845afe93c56c0d5e9
"10184427_2024_Lomax v. Marketplace Homes Lending, LLC_mied","Mattie T. Lomax v. Marketplace Homes Lending, LLC",E.D. Mich.,2024,10184427,https://www.courtlistener.com/api/rest/v4/clusters/10184427/,RA; claims; csv,on file with author,5098773552b581153a5a7bb5213ed3777463302f886e96b9c2f663879797f62d
10185180_2024_Doll v. Trellis Walnut Towers LLC_mnd,Doll v. Trellis Walnut Towers LLC,D. Minn.,2024,10185180,https://www.courtlistener.com/api/rest/v4/clusters/10185180/,3604; claims; csv; dates_resolved,on file with author,ad79ae8fbac73d428a10acd8dd85b2b8ac906869a47a02cfbaf4aac8c0af37c4
10186071_2024_Stallworth v. Newrez LLC_mssd,Stallworth v. Newrez LLC d/b/a Shellpoint Mortgage Servicing Co.,S.D. Miss.,2024,10186071,https://www.courtlistener.com/api/rest/v4/clusters/10186071/,RA; claims; csv,,
"10186174_2024_Baptist Homes, Inc. v. City of Madison, Mississippi_mssd","Baptist Homes, Inc. v. City of Madison, Mississippi",S.D. Miss.,2024,10186174,https://www.courtlistener.com/api/rest/v4/clusters/10186174/,RA; 3604; claims; csv,,
10186453_2024_Weik v. Asby_mtd,"David L. Weik v. Jim Asby, et al.",D. Mont.,2024,10186453,https://www.courtlistener.com/api/rest/v4/clusters/10186453/,RA; claims; csv,on file with author,aef431b086f69e5f6d0b98917b6eec18ea6ad35a343f6768eb3b363ef11c8d06
"10187188_2024_BRYANT v. EASTWOOD CONSTRUCTION, LLC_ncmd","James L. Bryant, Jr. and Sharon R. Bryant v. Eastwood Construction, LLC",M.D.N.C.,2024,10187188,https://www.courtlistener.com/api/rest/v4/clusters/10187188/,RA; claims; csv,,
"10187928_2024_MAK Development LLC v. City of Lincoln, Nebraska_ned","MAK Development LLC v. City of Lincoln, Nebraska",D. Neb.,2024,10187928,https://www.courtlistener.com/api/rest/v4/clusters/10187928/,RA; claims; csv,,
"10187994_2023_Brookline Opportunities, LLC v. Brookline, NH, Town of_nhd","Brookline Opportunities, LLC et al. v. Town of Brookline et al.",D.N.H.,2023,10187994,https://www.courtlistener.com/api/rest/v4/clusters/10187994/,RA; 3604; claims; csv,,
"10188107_2019_BLAKE GARDENS, LLC v. STATE OF NEW JERSEY_njd","Blake Gardens, LLC v. State of New Jersey",D.N.J.,2019,10188107,https://www.courtlistener.com/api/rest/v4/clusters/10188107/,3604; claims; csv,,
"10188344_2021_WR PROPERTY LLC v. TOWNSHIP OF JACKSON, NEW JERSEY_njd",,,,10188344,https://www.courtlistener.com/api/rest/v4/clusters/10188344/,RA; claims,,
10188392_2022_KENDRICK v. GREWAL_njd,,,,10188392,https://www.courtlistener.com/api/rest/v4/clusters/10188392/,RA; claims; csv,,
10188511_2022_POWELL v. ADVANCING OPPORTUNITIES_njd,,,,10188511,https://www.courtlistener.com/api/rest/v4/clusters/10188511/,RA; claims; csv,,
10189004_2023_PRINCE v. PAJELA_njd,Donnell L. Prince v. Priscilla Pajela,D.N.J.,2023,10189004,https://www.courtlistener.com/api/rest/v4/clusters/10189004/,RA; claims; csv; phase1_patch,,
"10189170_2023_431 E PALISADE AVENUE REAL ESTATE, LLC v. CITY OF ENGLEWOOD_njd","431 E Palisade Avenue Real Estate, LLC v. City of Englewood",D.N.J.,2023,10189170,https://www.courtlistener.com/api/rest/v4/clusters/10189170/,RA; 3604; claims; csv,,
10189320_2024_FRANKLIN v. THE JERSEY CITY HOUSING AUTHORITY_njd,"Edwina Franklin v. The Jersey City Housing Authority, Secretary, Department of Housing and Urban Development",D.N.J.,2024,10189320,https://www.courtlistener.com/api/rest/v4/clusters/10189320/,RA; claims; csv; phase1_patch; phase2_extraction,,
"10189406_2024_CAREONE AT BIRCHWOOD, LLC v. TOWNSHIP OF EDISON_njd","CareOne at Birchwood, LLC v. Township of Edison",D.N.J.,2024,10189406,https://www.courtlistener.com/api/rest/v4/clusters/10189406/,RA; 3604; claims; csv,,
10189448_2024_BOUNDS v. 531 STETSON LLC_njd,"Reginald Bounds and Gina Levin v. 531 Stetson LLC, et al.",D.N.J.,2024,10189448,https://www.courtlistener.com/api/rest/v4/clusters/10189448/,p3ext_20260703,,
10189729_2024_BORIA v. THE HERITAGE AT ALEXANDER HAMILTON_njd,Boria v. The Heritage at Alexander Hamilton,D.N.J.,2024,10189729,https://www.courtlistener.com/api/rest/v4/clusters/10189729/,RA; claims; csv,on file with author,42abd897fa59b9da53d743f60943476c51cceaf5bb85e4c5eb5a19fdf2704ff4
10189820_2024_MCGILLVARY v. SCUTARI_njd,,,,10189820,https://www.courtlistener.com/api/rest/v4/clusters/10189820/,RA; claims; csv,,
10189892_2024_FRANKLIN v. THE JERSEY CITY HOUSING AUTHORITY_njd,Franklin v. The Jersey City Housing Authority,D.N.J.,2024,10189892,https://www.courtlistener.com/api/rest/v4/clusters/10189892/,RA; claims; csv,on file with author,fd4fc54d085085d4708063325bab242d16b12de9694837bf1563adb353ac2b80
10189925_2024_FRISCO v. COMMISSIONER OF SOCIAL SECURITY_njd,,,,10189925,https://www.courtlistener.com/api/rest/v4/clusters/10189925/,RA; claims; csv,,
10190122_2024_NELSON v. CLAUSSEN_njd,Nelson v. Claussen,D.N.J.,2024,10190122,https://www.courtlistener.com/api/rest/v4/clusters/10190122/,RA; 3604; claims; csv,on file with author,3adaf1166b65118c0f8f7167285c678fea9d5d3ed41efe93c148c15e7a6c23f9
10190181_2024_MCLEAN v. SUMITRA_njd,"Ruth T. McLean v. Aimee D. Sumitra, et al.",D.N.J.,2024,10190181,https://www.courtlistener.com/api/rest/v4/clusters/10190181/,RA; claims; csv; phase1_patch,,
10190254_2024_BIRD BUYS HOUSES LLC v. BRYANT ROGERS_njd,,,,10190254,https://www.courtlistener.com/api/rest/v4/clusters/10190254/,RA; claims; csv,,
10190572_2024_Smith v. Supportive Housing Coalition_nmd,Jerry Smith v. Supportive Housing Coalition,D.N.M.,2024,10190572,https://www.courtlistener.com/api/rest/v4/clusters/10190572/,RA; 3604; claims; csv,,
10190730_2024_Smith v. Supportive Housing Coalition_nmd,Jerry Smith v. Supportive Housing Coalition,D.N.M.,2024,10190730,https://www.courtlistener.com/api/rest/v4/clusters/10190730/,RA; 3604; claims; csv,on file with author,b3618a9c50a50917266737d1a847fb4e968098dacf6aa95f603297e6bf5bba3e
10190775_2024_Stevenson v. Kynor_nmd,,,,10190775,https://www.courtlistener.com/api/rest/v4/clusters/10190775/,RA; claims; csv,,
10192324_2022_Saint-Jean v. Emigrant Mortgage Company_nyed,"Jean Robert Saint-Jean, et al. v. Emigrant Mortgage Company, et al.",E.D.N.Y.,2022,10192324,https://www.courtlistener.com/api/rest/v4/clusters/10192324/,RA; claims; csv; phase1_patch,,
10192576_2024_Dixon v. NYCHDC_nyed,Terrance Dixon v. New York City Housing Development Corporation,E.D.N.Y.,2024,10192576,https://www.courtlistener.com/api/rest/v4/clusters/10192576/,RA; 3604; claims; csv,,
"10192659_2024_Fair Housing Justice Center, Inc. v. 203 Jay St. Associates, LLC_nyed","Fair Housing Justice Center, Inc. v. 203 Jay St. Associates, LLC",E.D.N.Y.,2024,10192659,https://www.courtlistener.com/api/rest/v4/clusters/10192659/,RA; claims; csv,,
"10193115_2024_Mills Pond Group LLC v. Town of Smithtown, New York_nyed","Mills Pond Group LLC v. Town of Smithtown, New York",E.D.N.Y.,2024,10193115,https://www.courtlistener.com/api/rest/v4/clusters/10193115/,RA; claims; csv,on file with author,db2fcf7ee0a8b970f8f4f9dbf0306465594832061801407fee4dae53d9851c93
"10193270_2024_Chestnut Hill NY, Inc. v. City of Kingston_nynd","Chestnut Hill NY, Inc. v. City of Kingston",N.D.N.Y.,2024,10193270,https://www.courtlistener.com/api/rest/v4/clusters/10193270/,RA; 3604; claims; csv,on file with author,2bfbf395bd836ed791752953dfa361649474aa77545aac1f673bf387013fbd79
"10193508_2024_Brown v. Community Preservation Partners, LLC_nynd","Brown v. Community Preservation Partners, LLC",N.D.N.Y.,2024,10193508,https://www.courtlistener.com/api/rest/v4/clusters/10193508/,RA; claims; csv; phase1_patch,,
10193512_2024_Hendricks v. Urban _ Economic Development_nynd,Hendricks v. Urban & Economic Development,N.D.N.Y.,2024,10193512,https://www.courtlistener.com/api/rest/v4/clusters/10193512/,RA; claims; csv; phase1_patch,on file with author,a643ddf1aae137928db2dd5dfb4fdfdcf59e2a37bce0bb2422739a45af0b5a55
10193520_2024_David v. Whittaker_nynd,"Amanda David and Rootwork Herbals, LLC v. Robert Whittaker, Jr.",N.D.N.Y.,2024,10193520,https://www.courtlistener.com/api/rest/v4/clusters/10193520/,RA; 3604; claims; csv,,
10193726_2023_Pierre v. United States Office of the Comptroller of Currency_nysd,Katheline Pierre v. United States Office of the Comptroller of Currency,S.D.N.Y.,2023,10193726,https://www.courtlistener.com/api/rest/v4/clusters/10193726/,RA; claims; csv,on file with author,581a52b5671c407f2234d5b78db9d31c51a13a4e07a1488685d7857520b6d2fa
"10193731_2023_My Mavens, LLC v. Grubhub, Inc._nysd",,,,10193731,https://www.courtlistener.com/api/rest/v4/clusters/10193731/,RA; claims; csv,,
"10193740_2023_Fair Housing Justice Center, Inc. v. Goldfarb Properties, Inc._nysd","Fair Housing Justice Center, Inc. v. Pelican Management, Inc.",S.D.N.Y.,2023,10193740,https://www.courtlistener.com/api/rest/v4/clusters/10193740/,RA; claims; csv,,
10193828_2024_Williams v. Settle Homes_nysd,Michael O. Williams v. Settle Homes,S.D.N.Y.,2024,10193828,https://www.courtlistener.com/api/rest/v4/clusters/10193828/,RA; 3604; claims; csv; phase1_patch,on file with author,1f3e50a6f1f43e62555bd253f09402b73d718a3caa8cf1dd132617d90edfca34
"10193953_2024_Avila v. ACACIA Network, Inc._nysd","Jimmy Avila v. Acacia Network, Inc.",S.D.N.Y.,2024,10193953,https://www.courtlistener.com/api/rest/v4/clusters/10193953/,RA; claims; csv; phase1_patch,,
10194512_2024_Avila v. ACACIA Network_nysd,Avila v. Acacia Network,S.D.N.Y.,2024,10194512,https://www.courtlistener.com/api/rest/v4/clusters/10194512/,RA; claims; csv,,
10194559_2024_Gagliardi v. Prager Metis CPAs LLC_nysd,,,,10194559,https://www.courtlistener.com/api/rest/v4/clusters/10194559/,RA; claims; csv,,
10194659_2024_Torres v. MMS Group LLC_nysd,"Elewood Torres v. MMS Group, LLC, et al.",S.D.N.Y.,2024,10194659,https://www.courtlistener.com/api/rest/v4/clusters/10194659/,RA; claims; csv,on file with author,a46663eeebddd3a0443244f2f6e8098ff08f0c615275bbee3c70f14beda6c8cf
10194721_2024_Arrington v. MZ 2640 Owner LLP_nysd,,,,10194721,https://www.courtlistener.com/api/rest/v4/clusters/10194721/,RA; 3604; claims; csv,,
10194816_2024_Moore v. City of New York_nysd,Ali Moore v. City of New York,S.D.N.Y.,2024,10194816,https://www.courtlistener.com/api/rest/v4/clusters/10194816/,RA; claims; csv,on file with author,04ea48f78b5d4c8c12ee702633db77d4c0dfe95b52eb466c777ca489841eac98
10194992_2024_Leon v. Kearney_nysd,"Loren Leon v. Mary Kearney, et al.",S.D.N.Y.,2024,10194992,https://www.courtlistener.com/api/rest/v4/clusters/10194992/,RA; 3604; claims; csv,on file with author,74615905bc5a76d3c2c2fe2a183414642e262418ce242690c785566111c2e1d4
10195167_2024_Goldstein v. The Bowery_nysd,Goldstein v. The Bowery Defendants,S.D.N.Y.,2024,10195167,https://www.courtlistener.com/api/rest/v4/clusters/10195167/,3604; claims; csv; phase1_patch,on file with author,c209b7fe4f1bfabe3e7bfff5d993448cd492306928f7b08057cea9ba33bb6919
10195301_2024_MacNeal v. The State of New York_nysd,"Kelly MacNeal v. The State of New York, et al.",S.D.N.Y.,2024,10195301,https://www.courtlistener.com/api/rest/v4/clusters/10195301/,RA; claims; csv; phase1_patch,,
10195352_2024_Hall v. Crestwood Lake Section 8 Holding Corporation_nysd,Lisa Hall v. Crestwood Lake Section 8 Holding Corporation,S.D.N.Y.,2024,10195352,https://www.courtlistener.com/api/rest/v4/clusters/10195352/,RA; 3604; claims; csv,on file with author,c278fb96838cbfa4c006d752e500df0954bafed802e360827ce4bdf4c92664f9
10195641_2024_Indig v. Village of Pomona_nysd,"Samuel Indig, Leah Indig, Meir Kahana, Robert Klein, and Naftali Klein v. The Village of Pomona, Brett Yagel, Louis Zummo, Leon Harris, Doris Ulman, and Ian Banks",S.D.N.Y.,2024,10195641,https://www.courtlistener.com/api/rest/v4/clusters/10195641/,RA; 3604; claims; csv,,
10195658_2024_Charlier v. 21 Astor Place Condominium_nysd,Charlier v. 21 Astor Place Condominium,S.D.N.Y.,2024,10195658,https://www.courtlistener.com/api/rest/v4/clusters/10195658/,RA; 3604; claims; csv,,
10196516_2024_Williams v. LSG Sky Chefs_nysd,,,,10196516,https://www.courtlistener.com/api/rest/v4/clusters/10196516/,RA; claims; csv,,
10196929_2024_Cavallo v. HPD Section 8_nysd,Ronald Cavallo v. HPD Section 8; Goddard Riverside,S.D.N.Y.,2024,10196929,https://www.courtlistener.com/api/rest/v4/clusters/10196929/,RA; 3604; claims; csv,on file with author,ceba6d5e0185993624532384bd33c1f611456405b6a01a81636a4e6473415ee0
10196977_2024_Williams v. 647 E. 229th St. Bronx LLC_nysd,Williams v. 647 E. 229th St. Bronx LLC,S.D.N.Y.,2024,10196977,https://www.courtlistener.com/api/rest/v4/clusters/10196977/,RA; 3604; claims; csv,on file with author,d3ef30d9d22252939119213aee1bb7e74328fb32fd2ce6bd45a84647189d9019
10197106_2024_Avila v. New York City Housing Authority_nysd,Jimmy Avila v. New York City Housing Authority,S.D.N.Y.,2024,10197106,https://www.courtlistener.com/api/rest/v4/clusters/10197106/,RA; 3604; claims; csv,on file with author,7e0540b7a5dc1ad6394359b0d5d3362f4ff5c54df292299d4ae128de69a988bd
10197165_2024_Pownall El v. S. Realty_nysd,Annalicia Deandra Pownall El v. S. Realty; Lawrence Spitz; Manny; Mark,S.D.N.Y.,2024,10197165,https://www.courtlistener.com/api/rest/v4/clusters/10197165/,RA; 3604; claims; csv,on file with author,942f063b65422657805a2dc4859e272b8d39082c9098c3d785db9fddfc3b04ad
"10197328_2024_Moore v. Capital Realty Group, Inc._nywd","Jerry W. Moore v. Capital Realty Group, Inc.",W.D.N.Y.,2024,10197328,https://www.courtlistener.com/api/rest/v4/clusters/10197328/,RA; claims; csv,,
10197853_2024_Culver v. Churchill_ohnd,"Chelsea Culver, et al. v. Melissa Churchill, et al.",N.D. Ohio,2024,10197853,https://www.courtlistener.com/api/rest/v4/clusters/10197853/,RA; 3604; claims; csv; phase1_patch,,
10197943_2024_Hall v. Board_ohnd,,,,10197943,https://www.courtlistener.com/api/rest/v4/clusters/10197943/,RA; claims; csv,,
"10198277_2024_S.R. v. Wyndham Hotels _ Resorts, Inc._ohsd",,,,10198277,https://www.courtlistener.com/api/rest/v4/clusters/10198277/,RA; claims; csv,,
"10198286_2024_S.R. v. Wyndham Hotels _ Resorts, Inc._ohsd",,,,10198286,https://www.courtlistener.com/api/rest/v4/clusters/10198286/,RA; claims; csv,,
10198385_2024_Chapman v. Davis_ohsd,"Tasha Chapman v. Justin Davis, et al.",S.D. Ohio,2024,10198385,https://www.courtlistener.com/api/rest/v4/clusters/10198385/,RA; 3604; claims; csv,on file with author,6912e097c5c8eba65b90847f2ff8ecc71d712d8137a5434ee9a15adae837af9c
"10198531_2024_Doe v. Best Western International, Inc._ohsd",,,,10198531,https://www.courtlistener.com/api/rest/v4/clusters/10198531/,RA; claims; csv,,
10198762_2024_Leonard v. Hocking Metropolitan Housing Authority_ohsd,"Ronald D. Leonard v. Hocking Metropolitan Housing Authority, et al.",S.D. Ohio,2024,10198762,https://www.courtlistener.com/api/rest/v4/clusters/10198762/,3604; claims; csv; dates_resolved,on file with author,cae5b866cef4039e92c1d68ec4d06837523d36d77bb481314b10ea50da5e2878
10198974_2024_Chapman v. Franklin County Board of Commissioners_ohsd,,,,10198974,https://www.courtlistener.com/api/rest/v4/clusters/10198974/,RA; claims; csv,,
"10199087_2024_Metropolitan Fair Housing Council of Oklahoma, Inc v. Feiock_oked","Metropolitan Fair Housing Council of Oklahoma, Inc. v. Feiock",E.D. Okla.,2024,10199087,https://www.courtlistener.com/api/rest/v4/clusters/10199087/,RA; 3604; claims; csv,,
10199102_2024_White v. Matthews_oked,White v. Matthews,E.D. Okla.,2024,10199102,https://www.courtlistener.com/api/rest/v4/clusters/10199102/,RA; claims; csv; phase1_patch,,
"10199161_2024_Robinson v. Nationstar Mortgage, LLC._oked","Robinson v. Nationstar Mortgage, LLC",E.D. Okla.,2024,10199161,https://www.courtlistener.com/api/rest/v4/clusters/10199161/,RA; claims; csv; dates_resolved,,
10199166_2024_McVicker v. Muskogee Housing Authority_oked,Rosemary McVicker v. Muskogee Housing Authority,E.D. Okla.,2024,10199166,https://www.courtlistener.com/api/rest/v4/clusters/10199166/,RA; 3604; claims; csv; phase1_patch,,
10199481_2024_Blackburn v. Webb_okwd,"Tyeashia M. Blackburn; Lezlie E. Freeman v. Kelly Webb; Rent King, LLC",W.D. Okla.,2024,10199481,https://www.courtlistener.com/api/rest/v4/clusters/10199481/,RA; claims; csv; phase1_patch,on file with author,76d6c5474d48415f47ca70d4b86da12b86b188ce7943b4c8b6cc20c3385502ec
10199579_2024_Blackburn v. Webb_okwd,Blackburn v. Webb,W.D. Okla.,2024,10199579,https://www.courtlistener.com/api/rest/v4/clusters/10199579/,RA; claims; csv; phase1_patch,,
10199780_2024_Marquart v. City of Shaniko_ord,Zachary Forrest Marquart v. City of Shaniko,D. Or.,2024,10199780,https://www.courtlistener.com/api/rest/v4/clusters/10199780/,RA; claims; csv,,
10199996_2024_Washington v. Farmington Estates Owners Association_ord,"Wilmore Lee Washington, III v. Farmington Estates Owners Association",D. Or.,2024,10199996,https://www.courtlistener.com/api/rest/v4/clusters/10199996/,RA; claims; csv,,
10200390_2024_ALVAREZ v. CITY OF PHILA_paed,"King Anthony Alvarez v. City of Philadelphia, et al.",E.D. Pa.,2024,10200390,https://www.courtlistener.com/api/rest/v4/clusters/10200390/,RA; 3604; claims; csv,on file with author,151ff8d46740dc35ee12108a9de9f4b451b6fbf85adc68018eeb45fc469f65ce
10200456_2024_PARKER v. LEE_paed,Parker v. Lee,E.D. Pa.,2024,10200456,https://www.courtlistener.com/api/rest/v4/clusters/10200456/,RA; 3604; claims; csv,,
10200545_2024_LERNER v. CITY AND COUNTY OF PHILADELPHIA_paed,,,,10200545,https://www.courtlistener.com/api/rest/v4/clusters/10200545/,RA; claims; csv,,
"10201014_2024_Heffner v. Gemcraft Homes Group, Inc._pamd","Miriam Millan-Heffner, et al. v. Gemcraft Homes Group, Inc., et al.",M.D. Pa.,2024,10201014,https://www.courtlistener.com/api/rest/v4/clusters/10201014/,RA; 3604; claims; csv,,
10201075_2024_Ewideh v. Homesite Insurance Company of the Midwest_pamd,Ewideh v. Homesite Insurance Company of the Midwest,M.D. Pa.,2024,10201075,https://www.courtlistener.com/api/rest/v4/clusters/10201075/,RA; 3604; claims; csv,on file with author,015579a0505831362a4bab3871421e82efd58c9d5e5bb3d30fed06e76e10491e
"10201865_2024_Cortez-Villanueva v. Puerta de Tierra, LLC_prd","Gabriel Cortez-Villanueva v. Puerta de Tierra, LLC, et al.",D.P.R.,2024,10201865,https://www.courtlistener.com/api/rest/v4/clusters/10201865/,RA; claims; csv,on file with author,79e2c59c99d87038657e21b4f0d3b1561e9999c3187b44669e20cda6c0f2aed3
10201923_2024_Newbury v. United States Department of Housing and Urban Development_rid,"Nancy Newbury, et al. v. United States Department of Housing and Urban Development",D.R.I.,2024,10201923,https://www.courtlistener.com/api/rest/v4/clusters/10201923/,RA; 3604; claims; csv,,
10201943_2024_Larocque v. Spring Green Corporation_rid,Larocque v. Spring Green Corporation,D.R.I.,2024,10201943,https://www.courtlistener.com/api/rest/v4/clusters/10201943/,RA; 3604; claims; csv,,
"10202023_2024_Whisonant v. Exclusive Properties, LLC_scd","Whisonant v. Exclusive Properties, LLC",D.S.C.,2024,10202023,https://www.courtlistener.com/api/rest/v4/clusters/10202023/,RA; claims; csv,,
10202079_2024_Smalls v. RE Carroll Management Company_scd,Avril Smalls v. RE Carroll Management Company,D.S.C.,2024,10202079,https://www.courtlistener.com/api/rest/v4/clusters/10202079/,RA; claims; csv,,
10202266_2024_Scipio v. Housing Authority of Hartsville_scd,Eshawn Jessica Scipio v. Housing Authority of Hartsville,D.S.C.,2024,10202266,https://www.courtlistener.com/api/rest/v4/clusters/10202266/,RA; claims; csv; phase1_patch,,
"10202876_2024_Murphy v. Brixworth Homeowners Association, Inc._tned","Murphy v. Brixworth Homeowners Association, Inc.",E.D. Tenn.,2024,10202876,https://www.courtlistener.com/api/rest/v4/clusters/10202876/,RA; 3604; claims; csv; phase1_patch,on file with author,da5c12dbda866eef46e6082eccff5e33f0bca9745634cf178149cdaee49fcea2
"10203132_2024_George v. Overall Creek Apartments, LLC_tnmd","Cynthia George v. Overall Creek Apartments, LLC",M.D. Tenn.,2024,10203132,https://www.courtlistener.com/api/rest/v4/clusters/10203132/,RA; 3604; claims; csv,,
"10203219_2024_George v. Overall Creek Apartments, LLC_tnmd","George v. Overall Creek Apartments, LLC",M.D. Tenn.,2024,10203219,https://www.courtlistener.com/api/rest/v4/clusters/10203219/,3604; claims; csv,,
10203487_2023_Gamane v. Diamond_tnwd,Gamane v. Diamond,W.D. Tenn.,2023,10203487,https://www.courtlistener.com/api/rest/v4/clusters/10203487/,3604; claims; csv,,
10204105_2024_Brady v. The Evangelical Lutheran Good Samaritan Society_txed,Mary Brady v. The Evangelical Lutheran Good Samaritan Society,E.D. Tex.,2024,10204105,https://www.courtlistener.com/api/rest/v4/clusters/10204105/,RA; 3604; claims; csv,on file with author,d1ff7f6595e131da487fdbc9ffe962576d4cecfe33c14ca7d52a0b39c29a3ecf
10204880_2023_Lakeside of Coppell v. Hurst_txnd,Lakeside of Coppell v. Hurst,N.D. Tex.,2023,10204880,https://www.courtlistener.com/api/rest/v4/clusters/10204880/,RA; claims; csv,,
10204970_2024_Haire v. 5445 Caruth Haven Lane Apartments Owner LLC_txnd,Tiffany Haire v. 5445 Caruth Haven Lane Apartments Owner LLC,N.D. Tex.,2024,10204970,https://www.courtlistener.com/api/rest/v4/clusters/10204970/,RA; 3604; claims; csv,,
10205156_2024_Bowman v. SWBC Real Estate Services LLC_txnd,"Bowman v. SWBC Real Estates Services, LLC",N.D. Tex.,2024,10205156,https://www.courtlistener.com/api/rest/v4/clusters/10205156/,RA; 3604; claims; csv,,
"10208196_2021_Bowman v. Prida Construction, Inc._txsd","Dana Bowman v. Prida Construction, Inc., et al.",S.D. Tex.,2021,10208196,https://www.courtlistener.com/api/rest/v4/clusters/10208196/,RA; claims; csv,,
10208624_2022_Ford v. Camillo Properties_txsd,"Larry D. Ford v. Camillo Properties, et al.",S.D. Tex.,2022,10208624,https://www.courtlistener.com/api/rest/v4/clusters/10208624/,p3ext_20260703,,
10208709_2022_Stewart v. Purgason_txsd,,,,10208709,https://www.courtlistener.com/api/rest/v4/clusters/10208709/,RA; claims; csv,,
"10208849_2022_Parada v. Sandhill Shores Property Owners Association, Inc._txsd","Cecilia Parada v. Sandhill Shores Property Owners Association, Inc.",S.D. Tex.,2022,10208849,https://www.courtlistener.com/api/rest/v4/clusters/10208849/,RA; 3604; claims; csv,,
"10209181_2022_People for the Ethical Treatment of Animals, Inc. v. Young_txsd",,,,10209181,https://www.courtlistener.com/api/rest/v4/clusters/10209181/,RA; claims; csv,,
10209225_2022_Rubin v. De La Cruz_txsd,,,,10209225,https://www.courtlistener.com/api/rest/v4/clusters/10209225/,RA; claims; csv,,
"10209502_2023_Alviarez v. Goya Foods, Inc._txsd",,,,10209502,https://www.courtlistener.com/api/rest/v4/clusters/10209502/,3604; claims,,
10209750_2023_Hribar v. Commissioner of Social Security_txsd,,,,10209750,https://www.courtlistener.com/api/rest/v4/clusters/10209750/,RA; claims; csv,,
10210256_2023_El-Bey v. Berkshire Hathaway Home Service_txsd,Prinyah El-Bey v. Berkshire Hathaway Home Services,S.D. Tex.,2023,10210256,https://www.courtlistener.com/api/rest/v4/clusters/10210256/,RA; 3604; claims; csv,on file with author,dc8aa7f9b5c33c4e41bc756ecee3635d2d6b57ab31c9cb898c9abaa690909238
"10210465_2023_Bowman v. Shadowbriar Apartments, LLC_txsd","Bowman v. Shadowbriar Apartments, LLC",S.D. Tex.,2023,10210465,https://www.courtlistener.com/api/rest/v4/clusters/10210465/,RA; claims; csv,on file with author,e52a1695dee52a1cd78414a15895bebe17b0b11174eec1f798008d56960ae977
"10210900_2024_Anderson v. Sunridge Management Group, Inc._txsd","Shayla Anderson, et al. v. SunRidge Management Group, Inc., et al.",S.D. Tex.,2024,10210900,https://www.courtlistener.com/api/rest/v4/clusters/10210900/,RA; 3604; claims; csv,,
10211378_2024_Thomas v. 5860 San Felipe Ltd_txsd,,,,10211378,https://www.courtlistener.com/api/rest/v4/clusters/10211378/,RA; claims; csv,,
"10211893_2019_Payne v. City of San Antonio, Texas_txwd","Payne v. City of San Antonio, Texas",W.D. Tex.,2019,10211893,https://www.courtlistener.com/api/rest/v4/clusters/10211893/,3604; claims; csv,,
"10212330_2020_Harmony Haus Westlake, LLC v. Parkstone Property Owners Association, Inc._txwd","Harmony Haus Westlake, LLC v. Parkstone Property Owners Association, Inc.",W.D. Tex.,2020,10212330,https://www.courtlistener.com/api/rest/v4/clusters/10212330/,3604; claims; csv,on file with author,07163ff6b77045f92464225dfa39d3316064aae849499e815e5460c20f196498
10212491_2020_Mandawala v. Struga Management_txwd,Mandawala v. Struga Management,W.D. Tex.,2020,10212491,https://www.courtlistener.com/api/rest/v4/clusters/10212491/,3604; claims; csv,,
10212514_2020_Mandawala v. Struga Management_txwd,Mandawala v. Struga Management,W.D. Tex.,2020,10212514,https://www.courtlistener.com/api/rest/v4/clusters/10212514/,3604; claims; csv,,
"10212904_2021_Payne v. City of San Antonio, Texas_txwd","Payne v. City of San Antonio, Texas",W.D. Tex.,2021,10212904,https://www.courtlistener.com/api/rest/v4/clusters/10212904/,RA; 3604; claims; csv,,
10213255_2021_Mandawala v. Struga Management_txwd,"Symon Mandawala v. Struga Management, et al.",W.D. Tex.,2021,10213255,https://www.courtlistener.com/api/rest/v4/clusters/10213255/,RA; 3604; claims; csv,,
"10213380_2021_Payne v. City of San Antonio, Texas_txwd","Payne v. City of San Antonio, Texas",W.D. Tex.,2021,10213380,https://www.courtlistener.com/api/rest/v4/clusters/10213380/,RA; 3604; claims; csv,on file with author,b0773d60f64a4ea924398b4eadc6dc043d57f1745bb3348df35bd20268a184ba
"10213413_2021_MDG - RIO V Limited v. City of Seguin, Texas_txwd","MDG-Rio V Limited v. City of Seguin, Texas",W.D. Tex.,2021,10213413,https://www.courtlistener.com/api/rest/v4/clusters/10213413/,RA; claims; csv; phase1_patch,,
10214345_2022_Ricks v. DMA Companies_txwd,"Stephan A. Ricks v. DMA Companies, Diana McIver, Nichole Guptill, Roxanne Marroquin, and OPC Services",W.D. Tex.,2022,10214345,https://www.courtlistener.com/api/rest/v4/clusters/10214345/,RA; claims; csv,on file with author,2cae7a98f65a5c5af30aa2bce54ca744633fb991ee9623856e2ef7fc2f60e70d
"10214393_2022_Hernandez v. Roche, Jr._txwd",,,,10214393,https://www.courtlistener.com/api/rest/v4/clusters/10214393/,RA; claims; csv,,
10214721_2023_Ricks v. DMA Companies_txwd,Ricks v. DMA Companies,W.D. Tex.,2023,10214721,https://www.courtlistener.com/api/rest/v4/clusters/10214721/,RA; claims; csv,,
10215657_2023_Ricks v. DMA Companies_txwd,"Stephan A. Ricks v. DMA Companies, Diana McIver, Nichole Guptill, Roxanne Marroquin, and OPC Services",W.D. Tex.,2023,10215657,https://www.courtlistener.com/api/rest/v4/clusters/10215657/,RA; 3604; claims; csv,on file with author,e4396df46cd3f89e273ffd9e9f12bb7500326700d0de47d382aa19217ed33646
"10215742_2023_Lopez Carpintero v. Del Valle 969 Apartments, LTD_txwd","Yvette Lopez Carpintero v. Del Valle 969 Apartments, LTD",W.D. Tex.,2023,10215742,https://www.courtlistener.com/api/rest/v4/clusters/10215742/,RA; 3604; claims; csv; phase1_patch,on file with author,15a157333a89317bd58c78a5de0cf0dfaf1e75eb247b1499f77d81ac4420017b
10216074_2024_Holliday v. City of San Antonio_txwd,William Holliday d/b/a Not Just T-Shirt v. City of San Antonio,W.D. Tex.,2024,10216074,https://www.courtlistener.com/api/rest/v4/clusters/10216074/,3604; claims; csv,,
10216526_2019_Harper v. Lindon City_utd,Harper v. Lindon City,D. Utah,2019,10216526,https://www.courtlistener.com/api/rest/v4/clusters/10216526/,3604; claims; csv,,
10216797_2019_Conlin v. RU Cliff_utd,"Conlin v. RU Cliff, LLC",D. Utah,2019,10216797,https://www.courtlistener.com/api/rest/v4/clusters/10216797/,3604; claims; csv,,
10216965_2020_Harper v. Lindon City_utd,Harper v. Lindon City,D. Utah,2020,10216965,https://www.courtlistener.com/api/rest/v4/clusters/10216965/,3604; claims; csv,,
10217027_2020_Etna Properties v. Holladay City_utd,"Etna Properties, LLC v. Holladay City",D. Utah,2020,10217027,https://www.courtlistener.com/api/rest/v4/clusters/10217027/,3604; claims; csv,,
10217101_2020_Harrell v. South Jordan Care Group_utd,"Harrell v. South Jordan Care Group, LLC",D. Utah,2020,10217101,https://www.courtlistener.com/api/rest/v4/clusters/10217101/,3604; claims; csv,,
10217299_2020_Conlin v. RU Cliff_utd,"Conlin v. The Law Offices of Kirk A. Cullimore, LLC",D. Utah,2020,10217299,https://www.courtlistener.com/api/rest/v4/clusters/10217299/,3604; claims; csv,,
"10217836_2021_Hatfield v. Cottages on 78th Community Association, The_utd","Wendi Hatfield v. The Cottages on 78th Community Association, Drew Keddington, Dave Ruprecht, Matthew Medford, Miller Harrison LLC, Douglas Shumway, Michelle Pohlman, and PMI of Utah",D. Utah,2021,10217836,https://www.courtlistener.com/api/rest/v4/clusters/10217836/,RA; 3604; claims; csv,,
"10218049_2021_Hatfield v. Cottages on 78th Community Association, The_utd",Hatfield v. Cottages on 78th Community Association,D. Utah,2021,10218049,https://www.courtlistener.com/api/rest/v4/clusters/10218049/,RA; claims; csv; phase1_patch,,
10218111_2021_Reyes v. NAR Inc_utd,,,,10218111,https://www.courtlistener.com/api/rest/v4/clusters/10218111/,RA; claims,,
10219016_2022_Shepherd v. Cornerstone Residential_utd,"Denise Shepherd v. Cornerstone Residential LLC, et al.","D. Utah, Central Div.",2022,10219016,https://www.courtlistener.com/api/rest/v4/clusters/10219016/,RA; claims; csv; phase1_patch,,
10219582_2023_Ravines de Schur v. Department of Workforce Services_utd,Ana Maria Ravines de Schur v. Utah Department of Workforce Services,"D. Utah, Central Division",2023,10219582,https://www.courtlistener.com/api/rest/v4/clusters/10219582/,RA; claims; csv,on file with author,07f3540bb5dcb45f852bb7c2af5b1a4747621a65bafeb780e9a00967943954f8
10219619_2023_Carlson v. Carrington Square_utd,"Danny Carlson v. Carrington Square, LLC",D. Utah,2023,10219619,https://www.courtlistener.com/api/rest/v4/clusters/10219619/,RA; claims; csv; phase1_patch,,
10220068_2023_Disability Law Center v. SG Boulevard Multifamily_utd,Disability Law Center v. SG Boulevard Multifamily LLC,D. Utah,2023,10220068,https://www.courtlistener.com/api/rest/v4/clusters/10220068/,RA; claims; csv,on file with author,c3c6a8f212ea154bc5b02476ad4593bcce02a63c73e69b336168f80e642ad4a4
10220132_2023_Clark v. Housing Connect_utd,Clark v. Housing Connect,D. Utah,2023,10220132,https://www.courtlistener.com/api/rest/v4/clusters/10220132/,RA; claims; csv,on file with author,0fb0fee9954f502f1e3d5888bf5c09cd4ca362da0d6c7d3f046009ee206ebb8f
10220504_2024_Carlson v. Carrington Square_utd,Danny Carlson v. Carrington Square LLC et al.,D. Utah,2024,10220504,https://www.courtlistener.com/api/rest/v4/clusters/10220504/,RA; claims; csv; phase1_patch,,
10220544_2024_Gamble v. Wardle_utd,,,,10220544,https://www.courtlistener.com/api/rest/v4/clusters/10220544/,RA; claims; csv,,
10220711_2024_Johnson v. Montage North America_utd,"Debbie Johnson v. Montage North America, LLC",D. Utah,2024,10220711,https://www.courtlistener.com/api/rest/v4/clusters/10220711/,RA; claims; csv,,
10220838_2024_Teufel v. Marshall_utd,,,,10220838,https://www.courtlistener.com/api/rest/v4/clusters/10220838/,RA; claims; csv,,
10220921_2024_Carlson v. Carrington Square_utd,,,,10220921,https://www.courtlistener.com/api/rest/v4/clusters/10220921/,RA; claims; csv,,
"10221400_2020_Banks v. Gates Hudson _ Associates, Inc._vaed","Banks v. Gates Hudson & Associates, Inc.",E.D. Va.,2020,10221400,https://www.courtlistener.com/api/rest/v4/clusters/10221400/,3604; claims; csv,on file with author,ebca2a11172b574b522e1cd233ed74f4212077b76b75f37606c69bce4c1959d2
10221409_2020_Abdelhalim v. Lewis_vaed,Abdelhalim v. Lewis,E.D. Va.,2020,10221409,https://www.courtlistener.com/api/rest/v4/clusters/10221409/,3604; claims; csv,,
10221540_2020_Fedynich v. Boulder Housing Partners_vaed,Fedynich v. Boulder Housing Partners,E.D. Va.,2020,10221540,https://www.courtlistener.com/api/rest/v4/clusters/10221540/,3604; claims; csv,on file with author,0f33330a11bf6f17783104ef77b1b84a55903a948bed7506a157ae71fca86dfc
10221825_2021_Fedynich v. Lozano_vaed,"Nicole Fedynich, et al. v. Juana Lozano, Assistant Manager, Valor Apartments, et al.",E.D. Va.,2021,10221825,https://www.courtlistener.com/api/rest/v4/clusters/10221825/,RA; 3604; claims; csv,on file with author,2e1fb4226ebdcaf8df0e94511a327a138298955ac986807822c8359b9974e295
10221844_2021_Bryant v. City of Norfolk_vaed,"Evonne Bryant, et al. v. City of Norfolk, et al.",E.D. Va.,2020,10221844,https://www.courtlistener.com/api/rest/v4/clusters/10221844/,RA; 3604; claims; csv,,
10221935_2021_Joyce A. Beverly v. Gateshudson_vaed,"Joyce A. Beverly v. GatesHudson, et al.",E.D. Va.,2021,10221935,https://www.courtlistener.com/api/rest/v4/clusters/10221935/,RA; 3604; claims; csv,,
"10221995_2021_Henderson, Sr. v. The Source for Public Data, L.P._vaed",,,,10221995,https://www.courtlistener.com/api/rest/v4/clusters/10221995/,RA; claims,,
"10222388_2022_Whittman v. Associa, Associations, Inc._vaed","William Whittman v. Associa, Associations, Inc.",E.D. Va.,2022,10222388,https://www.courtlistener.com/api/rest/v4/clusters/10222388/,RA; 3604; claims; csv,on file with author,c22cf475bcd31f8aaa52c64e2ddeecce8f4c259b1898385dd7598fc7eaeb84ad
10222489_2022_Ononuju v. Virginia Housing Development Authority_vaed,Kingsley Azubuike Ononuju v. Virginia Housing Development Authority,E.D. Va.,2022,10222489,https://www.courtlistener.com/api/rest/v4/clusters/10222489/,RA; claims; csv,,
10222667_2022_Moore v. National Collegiate Athletic Association_vaed,,,,10222667,https://www.courtlistener.com/api/rest/v4/clusters/10222667/,RA; claims; csv,,
"10222955_2022_Pitts-Brown v. Renal Treatment Centers (RTC), Mid-Atlantic_vaed",,,,10222955,https://www.courtlistener.com/api/rest/v4/clusters/10222955/,RA; claims; csv,,
"10223161_2023_Graves, Esq v. Foulger-Pratt Companies, LLC_vaed","Courtney Graves v. Foulger-Pratt Companies, LLC",E.D. Va.,2023,10223161,https://www.courtlistener.com/api/rest/v4/clusters/10223161/,RA; 3604; claims; csv,on file with author,fcb931e73bfe1262dd68e97799725a6d1629fcd6157cf975b2eff70206dd9fef
10223417_2023_Ononuju v. Virginia Housing Development Authority_vaed,Kingsley Azubuike Ononuju v. Virginia Housing Development Authority,E.D. Va.,2023,10223417,https://www.courtlistener.com/api/rest/v4/clusters/10223417/,RA; claims; csv; phase1_patch,,
10223427_2023_Woods v. Equity Residential_vaed,Woods v. Equity Residential,E.D. Va.,2023,10223427,https://www.courtlistener.com/api/rest/v4/clusters/10223427/,RA; claims; csv; phase1_patch,on file with author,1d3dfe3ea749cf30c755bfac5b346cdb748c1ea90b6c3b38839f30931d311b2f
10223707_2024_Sekel v. CH MF BTH II_vaed,"Nyah Sekel v. CH MF BTH II/Alexandria Old Town, LLC, et al.",E.D. Va.,2024,10223707,https://www.courtlistener.com/api/rest/v4/clusters/10223707/,RA; claims; csv,,
10223764_2024_Chacko v. Preston_vaed,Dan Chacko v. Melissa Preston,E.D. Va.,2024,10223764,https://www.courtlistener.com/api/rest/v4/clusters/10223764/,RA; 3604; claims; csv,on file with author,09e1a4e9a8f561652fa3f12fe49ed3ad5abd82f8e3a33538865e135e196b847c
"10223773_2024_Benton v. Home Max Realty, Inc._vaed","Evelyn R. Benton v. Home Max Realty, Inc.",E.D. Va.,2024,10223773,https://www.courtlistener.com/api/rest/v4/clusters/10223773/,RA; claims; csv,on file with author,7b1df77c4d1d12ee6d0f5bd33fdca8e5bf439122ba580a430fd5a895521f7059
10224024_2024_Oliver v. Navy Federal Credit Union_vaed,"Laquita Oliver, et al. v. Navy Federal Credit Union",E.D. Va.,2024,10224024,https://www.courtlistener.com/api/rest/v4/clusters/10224024/,RA; claims; csv,,
10225468_2021_Grant v. Albemarle County_vawd,Antigone Grant v. Albemarle County,W.D. Va.,2021,10225468,https://www.courtlistener.com/api/rest/v4/clusters/10225468/,RA; claims; csv,on file with author,6d29600cabb6e685d1c982222000fc6412ad3f66fc10aec9dd6faff42d8a5373
10226327_2022_Lattimore v. Brahmbhatt_vawd,"Patrick & Shirley Lattimore v. Sonal & Kamlesh Brahmbhatt, The Dhyanni Corporation, Wyndham Hotels & Resorts, and Branch Banking & Trust/Truist Financial",W.D. Va.,2022,10226327,https://www.courtlistener.com/api/rest/v4/clusters/10226327/,RA; claims; csv,,
10226687_2022_Payton v. Arias de Velasco Guallart_vawd,Claire Payton and Jonathan Katz v. Liana Arias de Velasco Guallart and Christopher Tschapatt,W.D. Va.,2022,10226687,https://www.courtlistener.com/api/rest/v4/clusters/10226687/,RA; 3604; claims; csv,,
10226859_2023_Payton v. Arias de Velasco Guallart_vawd,Claire Payton and Jonathan Katz v. Liana Arias de Velasco Guallart and Christopher Tschappatt,W.D. Va.,2023,10226859,https://www.courtlistener.com/api/rest/v4/clusters/10226859/,RA; 3604; claims; csv,,
10227522_2024_Lattimore v. Brahmbhatt_vawd,Lattimore v. Brahmbhatt,W.D. Va.,2024,10227522,https://www.courtlistener.com/api/rest/v4/clusters/10227522/,RA; 3604; claims; csv; phase1_patch,,
10227761_2024_Ritchie v. Gunden_vawd,Julie Ritchie v. Roger Gunden,W.D. Va.,2024,10227761,https://www.courtlistener.com/api/rest/v4/clusters/10227761/,RA; claims; csv,,
10228059_2024_Ritchie v. Gunden_vawd,Julie Ritchie v. Roger Gunden,W.D. Va.,2024,10228059,https://www.courtlistener.com/api/rest/v4/clusters/10228059/,RA; claims; csv,,
"10228518_2021_Flagstar Bank, FSB v. Walcott, Jr._vid",,,,10228518,https://www.courtlistener.com/api/rest/v4/clusters/10228518/,RA; claims,,
10228861_2023_Allen v. Virgin Islands Housing Authority_vid,Jacquelyn A. Allen v. Virgin Islands Housing Authority,D.V.I.,2023,10228861,https://www.courtlistener.com/api/rest/v4/clusters/10228861/,RA; 3604; claims; csv,on file with author,60ae81a607d07e732999ba106d81df5edff6e38e57378bbfdb27d3f6b4998f4b
10228909_2024_Nelson v. Long Reef Condominium Homeowners Association_vid,Sandra Nelson v. Long Reef Condominium Homeowners Association,D.V.I.,2024,10228909,https://www.courtlistener.com/api/rest/v4/clusters/10228909/,RA; 3604; claims; csv,,
"10229431_2023_Sanchez v. Helen Porter Nursing Home, Inc._vtd","Sanchez v. Helen Porter Nursing Home, Inc.",D. Vt.,2023,10229431,https://www.courtlistener.com/api/rest/v4/clusters/10229431/,RA; claims; csv,,
10229836_2019_State of Washington v. City of Sunnyside_waed,State of Washington v. City of Sunnyside,E.D. Wash.,2019,10229836,https://www.courtlistener.com/api/rest/v4/clusters/10229836/,3604; claims; csv,,
10230268_2020_State of Washington v. City of Sunnyside_waed,State of Washington v. City of Sunnyside,E.D. Wash.,2020,10230268,https://www.courtlistener.com/api/rest/v4/clusters/10230268/,3604; claims; csv,,
10230744_2021_State of Washington v. City of Sunnyside_waed,State of Washington v. City of Sunnyside,E.D. Wash.,2021,10230744,https://www.courtlistener.com/api/rest/v4/clusters/10230744/,RA; 3604; claims; csv,,
10230879_2021_State of Washington v. City of Sunnyside_waed,State of Washington v. City of Sunnyside,E.D. Wash.,2021,10230879,https://www.courtlistener.com/api/rest/v4/clusters/10230879/,RA; 3604; claims; csv; phase1_patch,,
10231422_2022_Lavelle v. CL West Management LLC_waed,Rebecca Lavelle v. CL West Management LLC,E.D. Wash.,2022,10231422,https://www.courtlistener.com/api/rest/v4/clusters/10231422/,RA; 3604; claims; csv,,
10234237_2020_Firs Home Owners Association v. City of SeaTac_wawd,Firs Home Owners Association v. City of SeaTac,W.D. Wash.,2020,10234237,https://www.courtlistener.com/api/rest/v4/clusters/10234237/,3604; claims; csv,,
10235309_2020_Gilbert v. Martinson_wawd,Gilbert v. Martinson,W.D. Wash.,2020,10235309,https://www.courtlistener.com/api/rest/v4/clusters/10235309/,3604; claims; csv,,
10235667_2020_Hicks v. Skaar_wawd,Hicks v. Skaar,W.D. Wash.,2020,10235667,https://www.courtlistener.com/api/rest/v4/clusters/10235667/,3604; claims; csv,,
10235990_2020_Yuzyuk v. Our Place Manor LLP_wawd,"Yuzyuk v. Our Place Manor, LLP",W.D. Wash.,2020,10235990,https://www.courtlistener.com/api/rest/v4/clusters/10235990/,3604; claims; csv,,
10236249_2021_Hosseinzadeh v. Bellevue Park Homeowners Association_wawd,Hosseinzadeh v. Bellevue Park Homeowners Association,W.D. Wash.,2021,10236249,https://www.courtlistener.com/api/rest/v4/clusters/10236249/,RA; 3604; claims; csv,,
10236267_2021_Qiao v. Chan_wawd,,,,10236267,https://www.courtlistener.com/api/rest/v4/clusters/10236267/,3604; claims,,
10236468_2021_Taylor v. Harbaugh_wawd,Taylor v. Harbaugh,W.D. Wash.,2021,10236468,https://www.courtlistener.com/api/rest/v4/clusters/10236468/,3604; claims; csv,,
10236903_2021_Taylor v. Harbaugh_wawd,"Amy Taylor v. Harvey C. Harbaugh, Patricia M. Harbaugh, and Carriage Estates MH 55+ LLC",W.D. Wash.,2021,10236903,https://www.courtlistener.com/api/rest/v4/clusters/10236903/,RA; 3604; claims; csv,,
10238499_2021_Clark v. Kelso Housing Authority_wawd,Wendy Clark v. Kelso Housing Authority,W.D. Wash.,2021,10238499,https://www.courtlistener.com/api/rest/v4/clusters/10238499/,RA; claims; csv,,
10239483_2022_Smith v. Legacy Partners Inc_wawd,Smith v. Legacy Partners Inc.,W.D. Wash.,2022,10239483,https://www.courtlistener.com/api/rest/v4/clusters/10239483/,RA; claims; csv,,
10239844_2022_Firs Home Owners Association v. City of SeaTac_wawd,Firs Home Owners Association v. City of SeaTac,W.D. Wash.,2022,10239844,https://www.courtlistener.com/api/rest/v4/clusters/10239844/,RA; 3604; claims; csv,,
10240212_2022_Atchley v. Kelso Housing Authority_wawd,Tammy Atchley v. Kelso Housing Authority,W.D. Wash.,2022,10240212,https://www.courtlistener.com/api/rest/v4/clusters/10240212/,RA; claims; csv,,
10240592_2022_Abrams v. Enright_wawd,,,,10240592,https://www.courtlistener.com/api/rest/v4/clusters/10240592/,RA; claims; csv,,
10241092_2023_Tajammul v. Everett Affordable Housing Portfolio LLLP_wawd,Tajammul v. Everett Affordable Housing Portfolio LLLP,W.D. Wash.,2023,10241092,https://www.courtlistener.com/api/rest/v4/clusters/10241092/,RA; claims; csv; phase1_patch,,
10241093_2023_Mendy v. Larson_wawd,"Sang W. Mendy v. Tracy L. Larson, et al.",W.D. Wash.,2023,10241093,https://www.courtlistener.com/api/rest/v4/clusters/10241093/,p3ext_20260703,,
10242551_2023_Rindal v. McDermott_wawd,,,,10242551,https://www.courtlistener.com/api/rest/v4/clusters/10242551/,RA; claims; csv,,
10242731_2023_McMahon v. World Vision Inc_wawd,,,,10242731,https://www.courtlistener.com/api/rest/v4/clusters/10242731/,RA; claims; csv,,
10242837_2023_Martinez v. Pierce County_wawd,Karen Martinez v. Pierce County,W.D. Wash.,2023,10242837,https://www.courtlistener.com/api/rest/v4/clusters/10242837/,RA; claims; csv,on file with author,5015dcd13207bec072d0d22f0f0ab84dcc2e446efddc6baa9f371c6e2f2a25ce
10243193_2023_Russell v. WADOT Capital Inc_wawd,Petra Russell v. WADOT Capital Inc.,W.D. Wash.,2023,10243193,https://www.courtlistener.com/api/rest/v4/clusters/10243193/,RA; claims; csv; phase1_patch,,
10243211_2023_Martinez v. Pierce County_wawd,Karen Martinez v. Pierce County,W.D. Wash.,2023,10243211,https://www.courtlistener.com/api/rest/v4/clusters/10243211/,RA; claims; csv; phase1_patch,on file with author,ab971268cf2ce420e548cd958028d56007f9c9a0a449d4a43aa6dd2bc70d95d6
10243305_2023_Ewalan v. Schreiber_wawd,,,,10243305,https://www.courtlistener.com/api/rest/v4/clusters/10243305/,RA; claims; csv,,
10243326_2023_Slaughter v. Valley View I LLP_wawd,Antionette Slaughter v. Valley View I LLP,W.D. Wash.,2023,10243326,https://www.courtlistener.com/api/rest/v4/clusters/10243326/,RA; 3604; claims; csv,on file with author,31f691acc2560d1786506d4f97a221ccfc1cebe66064a9dad98ca2480e78b13e
10243934_2023_Sandles v. Secretary of Veterans Affairs_wawd,Ray A. Sandles et al v. Secretary of Veterans Affairs,W.D. Wash.,2023,10243934,https://www.courtlistener.com/api/rest/v4/clusters/10243934/,RA; claims; csv; phase1_patch,,
10244322_2024_Mendy v. Larson_wawd,"Sang W. Mendy v. Tracy L. Larson, et al.",W.D. Wash.,2024,10244322,https://www.courtlistener.com/api/rest/v4/clusters/10244322/,RA; claims; csv; phase1_patch,,
10244599_2024_Iceberg v. Brookstone Landscape _ Design LLC_wawd,,,,10244599,https://www.courtlistener.com/api/rest/v4/clusters/10244599/,RA; claims; csv,,
10244606_2024_Slaughter v. Valley View I LLP_wawd,Slaughter v. Valley View I LLP,W.D. Wash.,2024,10244606,https://www.courtlistener.com/api/rest/v4/clusters/10244606/,RA; claims; csv,,
10245019_2024_Floyd v. Insight Global LLC_wawd,,,,10245019,https://www.courtlistener.com/api/rest/v4/clusters/10245019/,RA; claims; csv,,
10245021_2024_McIntire v. Housing Authority of Snohomish County_wawd,Shawna McIntire v. Housing Authority of Snohomish County,W.D. Wash.,2024,10245021,https://www.courtlistener.com/api/rest/v4/clusters/10245021/,RA; claims; csv; phase1_patch,,
10245076_2024_Slaughter v. Valley View I LLP_wawd,Antionette Slaughter v. Valley View I LLP,W.D. Wash.,2024,10245076,https://www.courtlistener.com/api/rest/v4/clusters/10245076/,RA; claims; csv,on file with author,1e25cd17b1bd92664229b46845e550a3f3bb7bed4fd9491255001637cd3f3d48
10245077_2024_Atkinson v. Aaron's LLC_wawd,,,,10245077,https://www.courtlistener.com/api/rest/v4/clusters/10245077/,RA; claims; csv,,
10245165_2024_Atkinson v. Aaron's LLC_wawd,,,,10245165,https://www.courtlistener.com/api/rest/v4/clusters/10245165/,RA; claims; csv,,
10245167_2024_Floyd v. Insight Global LLC_wawd,,,,10245167,https://www.courtlistener.com/api/rest/v4/clusters/10245167/,RA; claims; csv,,
10245388_2024_Mendy v. Larson_wawd,Sang W. Mendy v. Tracy L. Larson et al.,W.D. Wash.,2024,10245388,https://www.courtlistener.com/api/rest/v4/clusters/10245388/,RA; 3604; claims; csv,,
10245433_2024_Mendy v. Larson_wawd,Sang W. Mendy v. Tracy L. Larson et al.,W.D. Wash.,2024,10245433,https://www.courtlistener.com/api/rest/v4/clusters/10245433/,RA; claims; csv; phase1_patch,,
10246795_2019_Ross v. Tucker_wied,Ross v. Tucker,E.D. Wis.,2019,10246795,https://www.courtlistener.com/api/rest/v4/clusters/10246795/,3604; claims; csv,,
10249422_2021_Hatch v. Barrett_wied,"Eddie L. Hatch, Jr. and Michelle Davis-Hatch v. Barrett",E.D. Wis.,2021,10249422,https://www.courtlistener.com/api/rest/v4/clusters/10249422/,RA; 3604; claims; csv,on file with author,8202cc56ccab5a09e95eca23b9047ca77f773063b15442aea8e39a76c26c479c
10249670_2021_Hatch v. Barrett_wied,"Eddie L. Hatch, Jr. and Michelle Davis-Hatch v. City of Milwaukee, Tom Barrett, et al.",E.D. Wis.,2021,10249670,https://www.courtlistener.com/api/rest/v4/clusters/10249670/,RA; 3604; claims; csv,on file with author,57c00c08408a9d91a720e4e1a92ebe7796ab3f29e033cdaa1a34e1f0b516d643
10249834_2021_Huzjak v. Ellis_wied,"Debra Lee Huzjak v. Kim Ellis, et al.",E.D. Wis.,2021,10249834,https://www.courtlistener.com/api/rest/v4/clusters/10249834/,RA; 3604; claims; csv,on file with author,31118f1fd119111099898f540b10e584cc00f80433318a55e26a9596da761d77
10249870_2021_Tubbs v. Steller_wied,"Shyanne Tubbs v. PMI of Greater Milwaukee, Monica Steller, David Grisamore, and Peter Hintz",E.D. Wis.,2021,10249870,https://www.courtlistener.com/api/rest/v4/clusters/10249870/,RA; 3604; claims; csv,on file with author,5925448d913de9db39c13fcae901e8611166bd77188f1a04a4831984c706a4b3
10250032_2022_McFarland v. Housing Authority of Racine County_wied,McFarland v. Housing Authority of Racine County,E.D. Wis.,2022,10250032,https://www.courtlistener.com/api/rest/v4/clusters/10250032/,RA; 3604; claims; csv,,
10250516_2022_Newman v. Nazcr Trac Property Owners Association Inc_wied,"Newman v. Nazcr Trac Property Owners Association, Inc.",E.D. Wis.,2022,10250516,https://www.courtlistener.com/api/rest/v4/clusters/10250516/,3604; claims; csv,,
10251386_2022_Hatch v. Barrett_wied,"Eddie L. Hatch, Jr. and Michelle Davis-Hatch v. City of Milwaukee, Tom Barrett, et al.",E.D. Wis.,2022,10251386,https://www.courtlistener.com/api/rest/v4/clusters/10251386/,RA; claims; csv; phase1_patch,,
10251443_2022_Hoke v. Johnson_wied,,,,10251443,https://www.courtlistener.com/api/rest/v4/clusters/10251443/,RA; claims; csv,,
10251809_2023_United States v. Eilman_wied,"United States of America v. Chad Eilman, Jeffrey Eilman, and Christine Neigum",E.D. Wis.,2023,10251809,https://www.courtlistener.com/api/rest/v4/clusters/10251809/,RA; 3604; claims; csv,,
10251972_2023_United States of America v. City of Milwaukee_wied,"United States of America ex rel. James Dieter and Karen Schwenke v. City of Milwaukee, City of Milwaukee Community Development Grants Administration, Housing Authority of the City of Milwaukee, Milwaukee County, and Milwaukee County Health and Human Services Housing Division",E.D. Wis.,2023,10251972,https://www.courtlistener.com/api/rest/v4/clusters/10251972/,RA; claims; csv; phase1_patch,on file with author,4966a3f78dbd9352b7110662008419ecbe6f03f9568d58150a3b12e4de2220be
10252000_2023_Bey v. Chastek_wied,,,,10252000,https://www.courtlistener.com/api/rest/v4/clusters/10252000/,RA; claims; csv,,
10252125_2023_Huzjak v. Ellis_wied,"Debrra Lee Huzjak v. Kim Ellis, Caitlin Sexton, Aurora St. Lukes Southshore, Aurora Zilber Family Hospice, Aurora Health, Eastshore Properties, Brenda Matheson, Steven Peters, Kathy Berlin, William Berlin and Chai Franciscan Villa Nursing Home",E.D. Wis.,2023,10252125,https://www.courtlistener.com/api/rest/v4/clusters/10252125/,RA; 3604; claims; csv,on file with author,8fbc037f568003989edf1ea9eef9090a2cb848ecbbf048511b383d2c31b2e595
10252553_2023_Hatch v. Barrett_wied,,,,10252553,https://www.courtlistener.com/api/rest/v4/clusters/10252553/,RA; claims; csv,,
10252595_2023_United States of America v. City of Milwaukee_wied,"United States of America ex rel. James Dieter and Karen Schwenke v. City of Milwaukee, City of Milwaukee Community Development Grants Administration, Housing Authority of the City of Milwaukee, and Milwaukee County",E.D. Wis.,2023,10252595,https://www.courtlistener.com/api/rest/v4/clusters/10252595/,RA; claims; csv,on file with author,d1dc0da55e3a90f1c949b130e995bbb065d655ca5d10a8d1b4ec020771a3d4c8
10252647_2023_Kendrick v. Brennan_wied,Suan D. Kendrick v. Oakbrook Corporation et al.,E.D. Wis.,2023,10252647,https://www.courtlistener.com/api/rest/v4/clusters/10252647/,RA; 3604; claims; csv,,
10252732_2023_Collins v. Team Management LLC_wied,Shawanda V. Collins v. Team Management LLC et al.,E.D. Wis.,2023,10252732,https://www.courtlistener.com/api/rest/v4/clusters/10252732/,RA; 3604; claims; csv,,
10252951_2024_Kendrick v. Oakbrook Corporation_wied,Kendrick v. Oakbrook Corporation,E.D. Wis.,2024,10252951,https://www.courtlistener.com/api/rest/v4/clusters/10252951/,RA; claims; csv,,
10252963_2024_Kendrick v. Oakbrook Corporation_wied,Suan D. Kendrick v. Oakbrook Corporation,E.D. Wis.,2023,10252963,https://www.courtlistener.com/api/rest/v4/clusters/10252963/,RA; claims; csv,,
10252970_2024_Kendrick v. Brennan_wied,Kendrick v. Brennan,E.D. Wis.,2024,10252970,https://www.courtlistener.com/api/rest/v4/clusters/10252970/,RA; claims; csv,,
"10254272_2019_Manzke, Sara v. Jefferson County_wiwd",Sara Manzke v. Jefferson County and Town of Ixonia,W.D. Wis.,2019,10254272,https://www.courtlistener.com/api/rest/v4/clusters/10254272/,3604; claims; csv,on file with author,abc68afe805ac0d0f9c6de6406bab89a283b06f57abae9aac6a51755f07c3592
"10255363_2021_Corso, Natasha v. JDA Associates, Inc._wiwd",,,,10255363,https://www.courtlistener.com/api/rest/v4/clusters/10255363/,RA; claims,,
"10256152_2022_Barilani, Sherilyn v. Housing Authority of the City of Eau Claire_wiwd",Barilani v. Housing Authority of the City of Eau Claire,W.D. Wis.,2022,10256152,https://www.courtlistener.com/api/rest/v4/clusters/10256152/,RA; claims; csv; phase1_patch,,
"10256265_2022_Kummerow, Andrew v. Ohawcha.org_wiwd","Andrew Kummerow v. Ohawcha.org, Wendy Fromm, and Her Supervisors",W.D. Wis.,2022,10256265,https://www.courtlistener.com/api/rest/v4/clusters/10256265/,RA; 3604; claims; csv,on file with author,63e06126e07e8650ba95692d28fb3c8c22cf30b4432976100b6ff49346194605
"10256548_2022_Butler, Jerry v. Eschalante, Jim_wiwd",,,,10256548,https://www.courtlistener.com/api/rest/v4/clusters/10256548/,RA; claims; csv,,
"10256884_2023_Gardner, John v. Harvard University_wiwd",John Gardner v. Harvard University et al.,W.D. Wis.,2023,10256884,https://www.courtlistener.com/api/rest/v4/clusters/10256884/,RA; claims; csv,on file with author,993868824fdc72318ee52a82b5a2df09cd7eec05597097ea2f79cd4e8873a5e7
"10256987_2023_Gardner, John v. Harvard University_wiwd","John Gardner v. Harvard University, Harvard University Police, Robert Neugeboren, Sergio Imparato, Susan Donnelly, Chris Bavitz, Tanna Wise, John Wise, John Hopkins, Father Phil Merdinger, New England Center and Home Veterans, Boston Housing Authority, Tim Murphy, Dianee Kreibich, Milton Gardner, Dr. Keith May, Dr. Gary Anderson, and Veterans Incorporated",W.D. Wis.,2023,10256987,https://www.courtlistener.com/api/rest/v4/clusters/10256987/,RA; claims; csv,on file with author,929801ca00ba093b209b4ecf70c157e2b14d1fdd7ac18dafec220f13e13c5c13
"10257336_2023_Lavela, Gormidou v. Peloquin, Aaron_wiwd",Lavela v. Peloquin,W.D. Wis.,2023,10257336,https://www.courtlistener.com/api/rest/v4/clusters/10257336/,RA; claims; csv,on file with author,4fcd0f772fb8738cc462df2c31b750cc0bc71c03397fc74af3683ee49892f401
"10257377_2023_Dotson, Lashunda v. Toon Huser, Kathy_wiwd",Lashunda Louvenia Dotson v. Kathy Toon Huser and Oakbrook Corporation,W.D. Wis.,2023,10257377,https://www.courtlistener.com/api/rest/v4/clusters/10257377/,RA; claims; csv,,
"10257418_2023_Lavela, Gormidou v. Peloquin, Aaron_wiwd",Gormidou Y. Lavela v. Aaron M. Peloquin,W.D. Wis.,2023,10257418,https://www.courtlistener.com/api/rest/v4/clusters/10257418/,RA; claims; csv,on file with author,0a540bb967628450e2ec0f550571a236998b32f036193226e2593d4f430b5bde
"10257430_2023_Kummerow, Andrew v. Ohawcha.org_wiwd",Andrew Kummerow v. Ohawcha.org,W.D. Wis.,2023,10257430,https://www.courtlistener.com/api/rest/v4/clusters/10257430/,RA; claims; csv; phase1_patch,,
"10257678_2024_Mashkikii-Boodawaaning (Medicine Fireplace) Inc. v. Chippewa Valley Agency, Ltd._wiwd",,,,10257678,https://www.courtlistener.com/api/rest/v4/clusters/10257678/,RA; claims; csv,,
"10257777_2024_Lavela, Gormidou v. Tapp, Rodney_wiwd","Gormidou Y. Lavela v. Rodney Tapp, Valicia Gilbert, Shirley Severson, Mark Klein, and Jane/John Doe",W.D. Wis.,2024,10257777,https://www.courtlistener.com/api/rest/v4/clusters/10257777/,RA; claims; csv; phase1_patch,,
"10257934_2024_Lavela, Gormidou v. Tapp, Rodney_wiwd","Gormidou Y. Lavela v. Rodney Tapp, Valicia Gilbert, Shirley Severson, Mark Klein, and Jane/John Doe d/b/a Meridian Group, Inc.",W.D. Wis.,2024,10257934,https://www.courtlistener.com/api/rest/v4/clusters/10257934/,RA; claims; csv,,
"10258314_2018_Thomas v. Nationstar Mortgage, LLC_wvnd","Thomas v. Nationstar Mortgage, LLC",N.D.W. Va.,2018,10258314,https://www.courtlistener.com/api/rest/v4/clusters/10258314/,3604; claims; csv; phase1_patch,on file with author,014398a9bb15f123fbe7dd9e801cb914f22ef1e450259627c184100c2cd7d93c
10258665_2019_United States v. Walden_wvnd,United States v. Walden,N.D. W.Va.,2019,10258665,https://www.courtlistener.com/api/rest/v4/clusters/10258665/,3604; claims; csv; phase1_patch,,
10262157_2020_Billiter v. Jones_wvsd,,,,10262157,https://www.courtlistener.com/api/rest/v4/clusters/10262157/,3604; claims,,
"10264452_2023_The City of Huntington v. The Lifehouse, Inc.et al_wvsd","The City of Huntington v. The Lifehouse, Inc.",S.D.W.Va.,2023,10264452,https://www.courtlistener.com/api/rest/v4/clusters/10264452/,RA; claims; csv,on file with author,c143a8b8e8c7d28a6359ee713d73ee2b783b154969260e242955e09581fda70f
10265684_2024_Sandy v. The State of Colorado_ca10,,,,10265684,https://www.courtlistener.com/api/rest/v4/clusters/10265684/,RA; claims; csv,,
10266023_2024_Legacy Recovery Svc v. City of Monroe_ca5,"Legacy Recovery Services, L.L.C. v. City of Monroe",5th Cir.,2024,10266023,https://www.courtlistener.com/api/rest/v4/clusters/10266023/,RA; claims; csv; phase1_patch,,
"10272600_2024_William Pickard, III v. American Pride Properties LLC_ca11","William M. Pickard, III v. American Pride Properties LLC",11th Cir.,2024,10272600,https://www.courtlistener.com/api/rest/v4/clusters/10272600/,RA; claims; csv,,
10272758_2024_Bradley v. Doe_ilnd,"Deandre Bradley v. Ronald Hain, individually and in his official capacity as the Sheriff of Kane County; Kane County, Illinois; Rochelle Stockman; A. Keaty; S. McKanna; M. Azemi; J. Directo; L. Aguirre; S. Flowers; P. Osmani; Dr. Kul Sood; Wellpath LLC",N.D. Ill.,2024,10272758,https://www.courtlistener.com/api/rest/v4/clusters/10272758/,RA; 3604; claims; csv,on file with author,114d4782ebb17af9540ab002c148f57f81c36016cdc878e57a2424372e5661ee
10272847_2024_Cooper v. Parham-Greene_mdd,Lynette Cooper v. Housing Authority Baltimore City et al.,D. Md.,2024,10272847,https://www.courtlistener.com/api/rest/v4/clusters/10272847/,RA; claims; csv; phase1_patch,,
10276961_2024_Henderson v. Bryant_moed,"Larry L. Henderson v. Cornelius Bryant, et al.",E.D. Mo.,2024,10276961,https://www.courtlistener.com/api/rest/v4/clusters/10276961/,RA; 3604; claims; csv,,
10277440_2024_Dan Chacko v. Melissa Preston_ca4,Dan Chacko v. Melissa Preston,USCA4,2024,10277440,https://www.courtlistener.com/api/rest/v4/clusters/10277440/,RA; claims; csv; phase1_patch,,
10277742_2024_Evans-Williams v. Sunstates Management Corporation_mssd,Evans-Williams v. Sunstates Management Corporation,S.D. Miss.,2024,10277742,https://www.courtlistener.com/api/rest/v4/clusters/10277742/,RA; claims; csv; phase1_patch,on file with author,b2d624274751a47d7320f8cb7acf4b2cfae1d7a3ea338d3e14de393726ff2166
10277927_2024_Morris v. Baltimore Municipal_mdd,Deborah Morris v. Baltimore Municipal,D. Md.,2024,10277927,https://www.courtlistener.com/api/rest/v4/clusters/10277927/,RA; claims; csv; phase1_patch,on file with author,22991f4a4d15720a94bd4b09d31244149ae8130beee5de197299f713637e3077
10278085_2024_Ellerbe v. Tuscan Highlands Apartments_nvd,Sydney Ellerbe v. Tuscan Highlands Apartments,D. Nev.,2024,10278085,https://www.courtlistener.com/api/rest/v4/clusters/10278085/,RA; 3604; claims; csv,,
10280905_2024_PRINCE v. PAJELA_njd,Donell L. Prince v. Priscilla Pajela et al.,D.N.J.,2024,10280905,https://www.courtlistener.com/api/rest/v4/clusters/10280905/,RA; claims; csv,,
"10282030_2024_McKnight v. United Management II, Inc._ncwd","Ernestine McKnight v. United Management II, Inc.",W.D.N.C.,2024,10282030,https://www.courtlistener.com/api/rest/v4/clusters/10282030/,RA; claims; csv,,
10282877_2024_Ramos v. Department of Homeless Services_nysd,Jose Antonio Ramos v. Breaking Ground and City of New York,S.D.N.Y.,2024,10282877,https://www.courtlistener.com/api/rest/v4/clusters/10282877/,RA; 3604; claims; csv,on file with author,b95ce5893be6c67893c3eaa1ea83321c982ae6ba418e3ed42f9a0ccc000e094d
10282888_2024_Jordan v. City of New York_nysd,,,,10282888,https://www.courtlistener.com/api/rest/v4/clusters/10282888/,RA; claims; csv,,
10284094_2024_Timothy Whiting v. the Coachella Valley Housing Coalition_ca9,Timothy Lewis Whiting v. The Coachella Valley Housing Coalition,9th Cir.,2024,10284094,https://www.courtlistener.com/api/rest/v4/clusters/10284094/,RA; claims; csv,,
10284381_2024_LENNON v. NVR MORTGAGE_njd,"Kesha Lennon v. NVR Mortgage, et al.",D.N.J.,2024,10284381,https://www.courtlistener.com/api/rest/v4/clusters/10284381/,RA; 3604; claims; csv,on file with author,a0566a4c8b4234c7a6523ad29c2cfd3a70c2988b8e8add9b9539df45c81d24c3
"10285404_2024_Clark v. GSL Properties, Inc._ord","Brooklynn C. Clark v. GSL Properties, Inc., CBRE GWS Real Estate Services, Inc., One & Three Centerpointe Drive, Monica Ulrig, Anthony Doe, John Doe, Jon/Jane Does 1-20, Bryce Siebenthall, and Kimberly Carpenter",D. Or.,2024,10285404,https://www.courtlistener.com/api/rest/v4/clusters/10285404/,RA; 3604; claims; csv,,
"10286562_2024_Just City, Inc. v. Bonner_tnwd",,,,10286562,https://www.courtlistener.com/api/rest/v4/clusters/10286562/,RA; 3604; claims; csv,,
10286748_2024_Jett v. The Country Acres Association of Columbus County LTD_nced,"Raymond A. Jett, Jr. and Tara S. Jett v. George Parker Coleman and Michael P. Coleman",E.D.N.C.,2024,10286748,https://www.courtlistener.com/api/rest/v4/clusters/10286748/,RA; claims; csv; phase1_patch,on file with author,c1aa84cee141f6ad507b8a8e9eb4a54924c4e67f1a5f1e5f7cea07a19d340d69
"10286804_2024_Dogbe v. The Lakes at Lemmon Valley, LLC_nvd","John Dogbe and Alberta Dogbe v. The Lakes at Lemmon Valley, LLC",D. Nev.,2024,10286804,https://www.courtlistener.com/api/rest/v4/clusters/10286804/,RA; 3604; claims; csv,on file with author,1cff41dec5c53f58b46549addcdb30ec1d212fa5ad8934072d8193e64d7f3792
10287444_2024_Morris v. Baltimore Municipal_mdd,"Deborah Morris v. Amtrak, et al.",D. Md.,2024,10287444,https://www.courtlistener.com/api/rest/v4/clusters/10287444/,RA; claims; csv; phase1_patch,on file with author,d5bcefa9d4e17a774df5db75f0b19b4174a922e1c8a7f53fcfc3a2bd11fa4062
10287559_2024_Dumay v. WinnResidential California L.P._cand,Dorothy Dumay v. WinnResidential California L.P.,N.D. Cal.,2024,10287559,https://www.courtlistener.com/api/rest/v4/clusters/10287559/,RA; claims; csv,,
10287562_2024_Hill v. Hester_flmd,Tony L. Hill v. Roger Hester,M.D. Fla.,2024,10287562,https://www.courtlistener.com/api/rest/v4/clusters/10287562/,RA; claims; csv; phase1_patch,on file with author,9b6ba10427e3621920e7e6962f7ea3f57a69f344a52e632d7b1c98ae6ad2b9b9
"10287865_2024_The Ohio House, LLC v. City of Costa Mesa_ca9","The Ohio House, LLC v. City of Costa Mesa",9th Cir.,2024,10287865,https://www.courtlistener.com/api/rest/v4/clusters/10287865/,RA; 3604; claims; csv,,
"10288340_2024_Alvanos, Shauna v. Heartland Credit Union_wiwd","Shauna Alvanos and Stephen Alvanos v. Heartland Credit Union, Jeff Rauch, Shay Santos, April Oshiro, Property Services of Madison, Phil Kleiboer, and Phil and Heather Revocable Trust Dated March 2015",W.D. Wis.,2024,10288340,https://www.courtlistener.com/api/rest/v4/clusters/10288340/,RA; claims; csv,on file with author,c1ddb72053a790cf91bae5bc57aec438dc560d94b73167480f27413e2460febd
10288346_2024_Hiatt v. Sun City Festival Community Association Incorporated_azd,Hiatt v. Sun City Festival Community Association Incorporated,D. Ariz.,2024,10288346,https://www.courtlistener.com/api/rest/v4/clusters/10288346/,RA; claims; csv,,
10289143_2024_HINKSON v. THE CITY OF NEW YORK PRINCIPAL MUNICIPALITY_njd,Frederick Roger Hinkson v. The City of New York Principal Municipality,D.N.J.,2024,10289143,https://www.courtlistener.com/api/rest/v4/clusters/10289143/,RA; claims; csv; phase1_patch,on file with author,ee5c992c30a96cb2074fe07fbdfb2af65acc1c65d4c28268aa4a412d833c9c2c
10289147_2024_HUMPHRIES v. U.S. DEPARTMENT OF HOUSING _ URBAN DEVELOPEMENT_paed,"Jacqueline R. Humphries v. U.S. Department of Housing & Urban Development, et al.",E.D. Pa.,2024,10289147,https://www.courtlistener.com/api/rest/v4/clusters/10289147/,RA; 3604; claims; csv,on file with author,d8d5c23aa992a680d7197193537e53a5ea3a299437d058bfd9b1efcfc8ed43d1
10290500_2024_Guidry v. H U D Church Point Housing_ca5,Troy B. Guidry v. HUD Church Point Housing Authority,5th Cir.,2024,10290500,https://www.courtlistener.com/api/rest/v4/clusters/10290500/,RA; claims; csv; phase1_patch,,
10290700_2024_White v. The GSH Group_mied,Renée D. White et al. v. The GHS Group et al.,E.D. Mich.,2024,10290700,https://www.courtlistener.com/api/rest/v4/clusters/10290700/,RA; claims; csv; phase1_patch,,
10292117_2024_Alliance for Fair Board Recruitment v. SEC_ca5,,,,10292117,https://www.courtlistener.com/api/rest/v4/clusters/10292117/,RA; claims; csv,,
10293798_2024_United States v. WHEELER_med,"United States of America v. Fred L. Wheeler, II",D. Me.,2024,10293798,https://www.courtlistener.com/api/rest/v4/clusters/10293798/,p3ext_20260703,,
10293843_2024_Loftis v. Progress Residential_gand,Sophia Loftis v. Progress Residential and Tiffany Green,N.D. Ga.,2024,10293843,https://www.courtlistener.com/api/rest/v4/clusters/10293843/,RA; claims; csv,,
10294138_2024_Vernon v. South Oxford Management_ctd,,,,10294138,https://www.courtlistener.com/api/rest/v4/clusters/10294138/,RA; claims; csv,,
10294157_2024_SHOWELL v. GEORGE_njd,,,,10294157,https://www.courtlistener.com/api/rest/v4/clusters/10294157/,RA; claims; csv,,
"10294235_2024_McGinn v. Broadmead, Inc._mdd","McGinn v. Broadmead, Inc.",D. Md.,2024,10294235,https://www.courtlistener.com/api/rest/v4/clusters/10294235/,3604; claims; csv,,
"10295974_2024_Newkirk v. Douglas Elliman, Inc._nysd","Shaniqua Newkirk v. Douglas Elliman, Inc.",S.D.N.Y.,2024,10295974,https://www.courtlistener.com/api/rest/v4/clusters/10295974/,RA; 3604; claims; csv,,
"10296263_2024_Inova Health Care Services, for Inova Fairfax Hospital and Its Department, Life With Cancer v. Omni Shoreham Corporation_dcd",,,,10296263,https://www.courtlistener.com/api/rest/v4/clusters/10296263/,RA; claims; csv,,
10296375_2024_Miller v. Legacy Bank_ca10,,,,10296375,https://www.courtlistener.com/api/rest/v4/clusters/10296375/,RA; claims; csv,,
10296755_2024_South Carolina State Conference of NAACP v. South Carolina Department of Juvenile Justice_scd,,,,10296755,https://www.courtlistener.com/api/rest/v4/clusters/10296755/,RA; claims; csv,,
"10297777_2024_Plainview Mobile Home Park v. City of Oak Grove, Kentucky_kywd","Plainview Mobile Home Park v. City of Oak Grove, Kentucky",W.D. Ky.,2024,10297777,https://www.courtlistener.com/api/rest/v4/clusters/10297777/,RA; claims; csv; phase1_patch,,
"10297876_2024_Anash, Inc. v. Borough of Kingston_pamd",,,,10297876,https://www.courtlistener.com/api/rest/v4/clusters/10297876/,RA; claims; csv,,
10297914_2024_SMITH v. UNITED SERVICES AUTOMOBILE ASSOCIATION (USAA)_pawd,,,,10297914,https://www.courtlistener.com/api/rest/v4/clusters/10297914/,RA; claims; csv,,
10297980_2024_Ortiz v. Valasek_ned,"Andrea Ortiz v. Beverly Valasek, Donald E. Loudner, Douglas County Housing Authority, Gretna Crown, L.L.C.",D. Neb.,2024,10297980,https://www.courtlistener.com/api/rest/v4/clusters/10297980/,RA; 3604; claims; csv,on file with author,4d3d68b65d4d7f420937f95fba3b6ff2910be816bce63dfa3d1da9e67a8f9c7c
10299118_2024_Ryall v. Normandy Village Apts. Inc._lamd,"Michael John Ryall, Sr. v. Normandy Village Apartments, Inc.",M.D. La.,2024,10299118,https://www.courtlistener.com/api/rest/v4/clusters/10299118/,RA; 3604; claims; csv; phase1_patch,on file with author,095c8a5596b7ba9036b04d1afcd081bad18819658d22e6d3f4d6cfd810414c27
"10299281_2024_Semper v. Hawaii Life Real Estate Services, LLC_hid","Jehan Semper v. Hawaii Life Real Estate Services, LLC, et al.",D. Haw.,2024,10299281,https://www.courtlistener.com/api/rest/v4/clusters/10299281/,RA; 3604; claims; csv,,
10299465_2024_Fog v. Jackson_azd,,,,10299465,https://www.courtlistener.com/api/rest/v4/clusters/10299465/,RA; claims; csv,,
10299473_2024_White v. Matthews_oked,"Brandy White, et al. v. Scott Matthews, et al.",E.D. Okla.,2024,10299473,https://www.courtlistener.com/api/rest/v4/clusters/10299473/,RA; claims; csv; phase1_patch,,
"10299511_2024_Clark v. GSL Properties, Inc._ord","Brooklynn C. Clark v. GSL Properties, Inc. et al.",D. Or.,2024,10299511,https://www.courtlistener.com/api/rest/v4/clusters/10299511/,RA; 3604; claims; csv,on file with author,44c1f4209fed48a843ae1886736b3b65b410fa85cfe998b6b754b5e9692cba91
10299860_2024_Washington v. Farmington Estates Owners Association_ord,"Wilmore Lee Washington, III v. Farmington Estates Owners Association",D. Or.,2024,10299860,https://www.courtlistener.com/api/rest/v4/clusters/10299860/,RA; claims; csv,,
"10300055_2024_Alonso Cano v. 245 C_C, LLC_flsd","Carlos A. Alonso Cano, et al. v. 245 C and C, LLC and CFH GROUP, LLC",S.D. Fla.,2024,10300055,https://www.courtlistener.com/api/rest/v4/clusters/10300055/,RA; 3604; claims; csv,on file with author,9bdd225823a9ba790d49b70cd45e9fd54575c265a04c04ce758a9568895a72c0
10300119_2024_Hiroto v. Smith_txed,Takayujki Hiroto v. Lashunda Smith,E.D. Tex.,2024,10300119,https://www.courtlistener.com/api/rest/v4/clusters/10300119/,RA; claims; csv,,
10300360_2024_Ricks v. DMA Companies_txwd,"Stephan A. Ricks v. DMA Companies, Diana McIver, Nichole Guptill, Roxanne Marroquin, and Overland, Pacific & Cutler LLC",W.D. Tex.,2024,10300360,https://www.courtlistener.com/api/rest/v4/clusters/10300360/,RA; claims; csv,,
10300589_2024_Gonzalez v. Lexington Police Department_mad,Gonzalez v. Lexington Police Department,D. Mass.,2024,10300589,https://www.courtlistener.com/api/rest/v4/clusters/10300589/,3604; claims; csv,on file with author,c93a1cd0d8c9d1e92a2dfcdd011a9677adf85badac0ad51b65ed4707acd78be2
10300683_2024_Williams v. Toll Brothers Builders_ded,Frederick Williams v. Toll Brothers Builders,D. Del.,2024,10300683,https://www.courtlistener.com/api/rest/v4/clusters/10300683/,RA; claims; csv,on file with author,987afb86d36329cae2972248aeaa2964c37d24d7fe2661354942d9179df913d9
10300848_2024_Ricks v. DMA Companies_txwd,"Stephan A. Ricks v. DMA Companies, Diana McIver, Nichole Guptill, and Roxanne Marroquin",W.D. Tex.,2024,10300848,https://www.courtlistener.com/api/rest/v4/clusters/10300848/,RA; claims; csv,,
10301635_2024_Wong v. White Rock Phlebotomy LLC_azd,,,,10301635,https://www.courtlistener.com/api/rest/v4/clusters/10301635/,RA; claims; csv,,
10301656_2024_Jett v. The Country Acres Association of Columbus County LTD_nced,"Raymond A. Jett, Jr., et al. v. George Parker Coleman, et al.",E.D.N.C.,2024,10301656,https://www.courtlistener.com/api/rest/v4/clusters/10301656/,RA; claims; csv,,
10301861_2024_Young v. Schwadel_nyed,Sinatra Young v. Ben Schwadel,E.D.N.Y.,2024,10301861,https://www.courtlistener.com/api/rest/v4/clusters/10301861/,RA; 3604; claims; csv,on file with author,eabbb2ef803d04453e327232c8214432770443f6402b6208bc1a4a94c42c0ebc
10302071_2024_Holloway v. SiFuentes_txnd,Linda Kay Holloway v. Delia SiFuentes,N.D. Tex.,2024,10302071,https://www.courtlistener.com/api/rest/v4/clusters/10302071/,RA; 3604; claims; csv,on file with author,56d9598b382290c685a2bd96bdf503d11fbe1959032e5ec11784ca1e2377bb44
10302146_2024_Tanner v. Rochdale Village Inc._nyed,Walter Tanner v. Rochdale Village Inc.,E.D.N.Y.,2024,10302146,https://www.courtlistener.com/api/rest/v4/clusters/10302146/,RA; 3604; claims; csv,on file with author,840c2871b7af6e0c6ea925e8440ddfd4a4142acf84285a310e92fc8afc6d41f6
"10302454_2024_Avila v. ACACIA Network, Inc._nysd","Jimmy Avila v. Acacia Network, Inc., Basics, Inc., et al.",S.D.N.Y.,2024,10302454,https://www.courtlistener.com/api/rest/v4/clusters/10302454/,RA; claims; csv,on file with author,7ebed2e0fc984a2c510d0e4410f3b4893404ebfbedd6c12b07908e40264c4519
10302527_2024_Uribe v. Ponce_cand,,,,10302527,https://www.courtlistener.com/api/rest/v4/clusters/10302527/,RA; 3604; claims; csv,,
10302577_2024_Carey v. Torres_cand,Carey v. Torres,N.D. Cal.,2024,10302577,https://www.courtlistener.com/api/rest/v4/clusters/10302577/,3604; claims; csv; phase1_patch; dates_resolved,on file with author,27317046d65f62c82cc0f1750024159d7f020cb2461b27e97dbfb646f151efcf
"10302780_2024_Avila v. Promesa, Inc._nysd","Jimmy Avila v. Promesa, Inc.",S.D.N.Y.,2024,10302780,https://www.courtlistener.com/api/rest/v4/clusters/10302780/,RA; claims; csv,on file with author,a60d1f3b76ae60ce1e6aed21a0c005e6c6d0bce4e1602dabf5e47dd8b2fd4c8e
10304757_2024_Zikar Holdings LLC v. Ruhland_mnd,Zikar Holdings LLC v. Ruhland,D. Minn.,2024,10304757,https://www.courtlistener.com/api/rest/v4/clusters/10304757/,RA; 3604; claims; csv,,
"10305170_2024_United States v. Madison Property, L.L.C._mnd","United States of America v. Madison Property, L.L.C.",D. Minn.,2024,10305170,https://www.courtlistener.com/api/rest/v4/clusters/10305170/,RA; 3604; claims; csv,,
"10305742_2024_Johnson-Byrd v. PennyMac Loan Services, LLC_mowd","Arlene Johnson-Byrd, et al. v. PennyMac Loan Services, LLC",W.D. Mo.,2024,10305742,https://www.courtlistener.com/api/rest/v4/clusters/10305742/,RA; claims; csv,on file with author,c99c61f7f988a69e84d2047b9ba184de2310b95045192b1290642f19de0d3110
10305745_2024_Sarafin v. Hawaii Public Housing Authority_hid,Sinisio Sarafin v. Hawaii Public Housing Authority,D. Hawai`i,2024,10305745,https://www.courtlistener.com/api/rest/v4/clusters/10305745/,RA; claims; csv,,
10305933_2024_Bell v. Weinreb Management LLC_nyed,"Anthony George Bell v. Weinreb Management LLC, et al.",E.D.N.Y.,2024,10305933,https://www.courtlistener.com/api/rest/v4/clusters/10305933/,RA; claims; csv,on file with author,966f92fb0a1f1b62355c292d17656f56806b2e9b19782a926996f6dfa472d856
"10306463_2024_Kelly v. Elite Roofing, LLC(MAG+)_almd","Gregory Kelly v. Elite Roofing, LLC",M.D. Ala.,2024,10306463,https://www.courtlistener.com/api/rest/v4/clusters/10306463/,RA; claims; csv; phase1_patch,,
10306514_2024_Kendrick v. Oakbrook Corporation_wied,Kendrick v. Oakbrook Corporation,E.D. Wis.,2024,10306514,https://www.courtlistener.com/api/rest/v4/clusters/10306514/,RA; claims; csv,,
10306902_2025_Devenney v. Miller_mied,,,,10306902,https://www.courtlistener.com/api/rest/v4/clusters/10306902/,3604; claims,,
10307273_2025_Hartley v. United Student Rentals_nynd,Hartley v. United Student Rentals,N.D.N.Y.,2025,10307273,https://www.courtlistener.com/api/rest/v4/clusters/10307273/,RA; 3604; claims; csv,on file with author,48f7bd275fd52c5510d497e24335ad44de56ec66fdbcf2fa8549b89e7d33cf97
"10307354_2025_Carver v. 152-156 Caroline Avenue, LLC_laed",,,,10307354,https://www.courtlistener.com/api/rest/v4/clusters/10307354/,RA; claims; csv,,
10307508_2025_LOPEZ v. PEC_njd,"Angel Lopez and Kazue Koizumi v. Edward Pec, et al.",D.N.J.,2025,10307508,https://www.courtlistener.com/api/rest/v4/clusters/10307508/,RA; 3604; claims; csv,on file with author,6d7ae12f9dfbdfeef0295ab1d917dbe6b84b866019a203686c0e2f8cd3d3d67e
10307652_2025_Jones v. Social Security Administration_nmd,,,,10307652,https://www.courtlistener.com/api/rest/v4/clusters/10307652/,RA; claims; csv,,
10308231_2025_Washington v. DHS Department of Homeless Services_nysd,Sandra A. Washington v. NYC DHS; WIN Shelter,S.D.N.Y.,2025,10308231,https://www.courtlistener.com/api/rest/v4/clusters/10308231/,RA; claims; csv,on file with author,95aeb30d6df9a22c057a2cb412216a96fd2fbce92e4cd68d0816fe574c8c4a8b
"10308448_2025_Isaac Usoroh v. Todd Koger, Sr._ca3",,,,10308448,https://www.courtlistener.com/api/rest/v4/clusters/10308448/,RA; claims; csv,,
10310926_2025_Cymbalsky v. 522 Shore Road Owners Inc_nyed,"Gerald Cymbalsky v. 522 Shore Road Owners, Inc.",E.D.N.Y.,2025,10310926,https://www.courtlistener.com/api/rest/v4/clusters/10310926/,RA; 3604; claims; csv,on file with author,275db57e002f2db00028981731cfe8b369214c4e10cf4b83dae1ebe08dfffff5
10311466_2025_Nakanwagi v. Denver Housing Authority_cod,Sarah Nathreen v. Denver Housing Authority,D. Colo.,2025,10311466,https://www.courtlistener.com/api/rest/v4/clusters/10311466/,RA; claims; csv; phase1_patch,,
10311847_2025_Fair Hous. Ctr. of Metro. Detroit v. Am. House Grosse Pointe_ca6,"Fair Housing Center of Metropolitan Detroit v. American House Grosse Pointe, LLC",6th Cir.,2025,10311847,https://www.courtlistener.com/api/rest/v4/clusters/10311847/,RA; claims; csv; phase1_patch,,
10312363_2025_Hudson v. King County Housing Authority_wawd,,,,10312363,https://www.courtlistener.com/api/rest/v4/clusters/10312363/,RA; claims; csv,,
"10312854_2025_Heffner v. Gemcraft Homes Group, Inc._pamd","Miriam Millan-Heffner, et al. v. Gemcraft Homes Group, Inc., et al.",M.D. Pa.,2025,10312854,https://www.courtlistener.com/api/rest/v4/clusters/10312854/,RA; claims; csv,,
"10313051_2025_Hayward Industries, Inc. v. BlueWorks Corporation_ncwd",,,,10313051,https://www.courtlistener.com/api/rest/v4/clusters/10313051/,RA; claims; csv,,
10313209_2025_Tiffany Simone Fulton v. City of New York_nysd,Tiffany Simone Fulton v. City of New York,S.D.N.Y.,2025,10313209,https://www.courtlistener.com/api/rest/v4/clusters/10313209/,RA; claims; csv,on file with author,17e3c441e99a98f22f5f427a4d46ee155eb7650966e777db803711e0cf1c8dde
10314069_2025_(PS) Roberts v. Sacramento Housing _ Redevelopment Agency_caed,"Sydney Brooke Roberts and David Tyrone Samuel v. Sacramento Housing and Redevelopment Agency, et al.",E.D. Cal.,2025,10314069,https://www.courtlistener.com/api/rest/v4/clusters/10314069/,RA; 3604; claims; csv,,
10314802_2024_Xi v. BES Kessler Park Fund X11 LLC_txnd,"K'in Way Xi, et al. v. BES Kessler Park Fund X11 LLC",N.D. Tex.,2024,10314802,https://www.courtlistener.com/api/rest/v4/clusters/10314802/,RA; 3604; claims; csv,on file with author,15e9fe75cf1dc322c3467c738112aed250575e29005d192114cf1a4cab995a0c
10314935_2025_Feliciano v. Aguirre_nysd,Michael Feliciano v. Andres Aguirre,S.D.N.Y.,2025,10314935,https://www.courtlistener.com/api/rest/v4/clusters/10314935/,RA; claims; csv,on file with author,a572d7f2d2eb1d246a3f9ba463578ab18406dfc811d1c4555ec85cb29050c2e5
"10316354_2025_Webb v. Carrington Mortgage Services, LLC_mdd",Eyvonne A. Webb v. Carrington Mortgage Services LLC,D. Md.,2025,10316354,https://www.courtlistener.com/api/rest/v4/clusters/10316354/,RA; claims; csv; phase1_patch,on file with author,464492eefbeb10a359365afa7d4ff985f363e917665c086bcdd46db2c385d37c
"10316454_2025_PEDRO v. HILTON WORLDWIDE, INC._paed","Carmencita María Pedro, et al. v. Hilton Worldwide, Inc., et al.",E.D. Pa.,2025,10316454,https://www.courtlistener.com/api/rest/v4/clusters/10316454/,RA; 3604; claims; csv,on file with author,b2a93492718bb45423b968b51da4ef112ebab8a6c1e8689b3e2dd8e6107b7e94
10316499_2025_Ellerbe v. Tuscan Highlands LLC_nvd,"Sydney Ellerbe v. Tuscan Highlands, LLC; Schulman Properties; and Winnie Schulman",D. Nev.,2025,10316499,https://www.courtlistener.com/api/rest/v4/clusters/10316499/,RA; 3604; claims; csv,,
10317610_2025_Davis v. Negaard_ndd,"Eugene Davis v. Holly Negaard; Holly Negaard as Trustee of the Holly Negaard Revocable Living Trust; Jessica Purdy a/k/a Jessica Shanafelt; and Purdy Investments, LLC d/b/a/ Western Apartments",D.N.D.,2025,10317610,https://www.courtlistener.com/api/rest/v4/clusters/10317610/,RA; claims; csv; phase1_patch,on file with author,e3d991d7fd25a62e548b85826b5539151f5aa8d556b5c53dc1eeb846265f4e66
10317707_2025_United States v. Louisville Jefferson County Metro Government_kywd,,,,10317707,https://www.courtlistener.com/api/rest/v4/clusters/10317707/,RA; claims; csv,,
"10318044_2025_Fair Hous. Just. Ctr., Inc. v. Pelican Mgmt., Inc._ca2","Fair Hous. Just. Ctr., Inc. v. Pelican Mgmt., Inc.",2d Cir.,2025,10318044,https://www.courtlistener.com/api/rest/v4/clusters/10318044/,RA; 3604; claims; csv,,
"10319990_2025_Eddy J. Philippeaux v. Miami Apartments Investors, LLC_ca11","Eddy J. Philippeaux v. Miami Apartments Investors, LLC",11th Cir.,2025,10319990,https://www.courtlistener.com/api/rest/v4/clusters/10319990/,RA; claims; csv,,
10320153_2025_Hatcher v. Yang_okwd,Robert L. Hatcher v. Sylvain Yang and Travis Smith,W.D. Okla.,2025,10320153,https://www.courtlistener.com/api/rest/v4/clusters/10320153/,RA; claims; csv; phase1_patch,on file with author,3d8f362652a3589b52b264feda4efb9936747ba6588acc5957643237c2e33f0c
10321496_2025_Black v. Royal American Management_alsd,"Latonia Black v. Royal American Management, et al.",S.D. Ala.,2025,10321496,https://www.courtlistener.com/api/rest/v4/clusters/10321496/,RA; 3604; claims; csv,,
10322177_2025_L. Ford v._ca3,In re L.D. Ford,3d Cir.,2025,10322177,https://www.courtlistener.com/api/rest/v4/clusters/10322177/,RA; claims; csv; phase1_patch,,
10322589_2025_Collins v. Team Management LLC_wied,Shawanda V. Collins v. Team Management LLC,E.D. Wis.,2025,10322589,https://www.courtlistener.com/api/rest/v4/clusters/10322589/,RA; 3604; claims; csv,,
"10322642_2025_Smith v. Kittle Property Group, INC._innd","Kiontay Smith v. Kittle Property Group, Inc.",N.D. Ind.,2025,10322642,https://www.courtlistener.com/api/rest/v4/clusters/10322642/,RA; 3604; claims; csv,,
10322691_2025_Prince v. State of Michigan_mied,,,,10322691,https://www.courtlistener.com/api/rest/v4/clusters/10322691/,RA; 3604; claims; csv,,
"10323710_2025_Clark v. Blueprint Investments, LLC_ohsd","Clark v. Blueprint Investments, LLC",S.D. Ohio,2025,10323710,https://www.courtlistener.com/api/rest/v4/clusters/10323710/,RA; claims; csv,,
"10323723_2025_Concern for Independent Living, Inc. v. Town of Southampton, New York_nyed","Concern for Independent Living, Inc. v. Town of Southampton, New York",E.D.N.Y.,2025,10323723,https://www.courtlistener.com/api/rest/v4/clusters/10323723/,RA; claims; csv; phase1_patch,,
10324407_2025_Johnson v. FirstKey Homes LLC_ilnd,Naketia Johnson v. FirstKey Homes LLC,N.D. Ill.,2025,10324407,https://www.courtlistener.com/api/rest/v4/clusters/10324407/,RA; 3604; claims; csv,,
10325689_2025_CRISDON v. NORTHGATE I_njd,,,,10325689,https://www.courtlistener.com/api/rest/v4/clusters/10325689/,RA; claims; csv,,
10326675_2025_Barral v. Brooktree Apartments_nvd,,,,10326675,https://www.courtlistener.com/api/rest/v4/clusters/10326675/,RA; claims; csv,,
"10327311_2025_Miranda v. York Hill Housing, Inc._nysd",Miranda v. Yorkhill Housing Inc.,S.D.N.Y.,2025,10327311,https://www.courtlistener.com/api/rest/v4/clusters/10327311/,RA; claims; csv; phase1_patch,,
10328766_2025_Bowes-Northern v. Patel_innd,"Shedrick Bowes-Northern v. Herman Patel, et al.",N.D. Ind.,2025,10328766,https://www.courtlistener.com/api/rest/v4/clusters/10328766/,RA; claims; csv; phase1_patch,,
10328943_2025_Rodriguez v. City Of Chicago_ilnd,Mari Rodriguez v. City of Chicago,N.D. Ill.,2025,10328943,https://www.courtlistener.com/api/rest/v4/clusters/10328943/,RA; 3604; claims; csv,on file with author,6991a1353173833de25fcd6292fed94756d4d5da077c4d65ff116ec4fc6303a6
10329059_2025_Barral v. Brooktree Apartments_nvd,,,,10329059,https://www.courtlistener.com/api/rest/v4/clusters/10329059/,RA; claims; csv,,
10329480_2025_Hartley v. United Student Rentals_nynd,Hartley v. United Student Rentals,N.D.N.Y.,2025,10329480,https://www.courtlistener.com/api/rest/v4/clusters/10329480/,RA; claims; csv; phase2_extraction,on file with author,106ccea7d50e60a249764ba15ee5b34480bc0b9469852e1be781269be755b55b
10329694_2025_Anderson v. Whiteside_lawd,Jermaine Anderson v. Bill Whiteside et al.,W.D. La.,2025,10329694,https://www.courtlistener.com/api/rest/v4/clusters/10329694/,RA; claims; csv,on file with author,6d6a5ea38bbd314e388d8c5764ea537ce512c67e88e1d7fa229c18ae1c2089f9
10329734_2025_Hill v. Provident Asset Management LLC_mied,Spring Hill v. Provident Asset Management LLC,E.D. Mich.,2025,10329734,https://www.courtlistener.com/api/rest/v4/clusters/10329734/,RA; claims; csv,,
10330608_2025_Morris v. City of Baltimore_mdd,Deborah Morris v. City of Baltimore,D. Md.,2025,10330608,https://www.courtlistener.com/api/rest/v4/clusters/10330608/,RA; 3604; claims; csv,on file with author,102194067d268d3a233a629e5302f569274413083b3d10a0a3e01e27c9252aa9
10330857_2025_Clark v. NYCHA_nysd,Sean A. Clark v. NYCHA,S.D.N.Y.,2025,10330857,https://www.courtlistener.com/api/rest/v4/clusters/10330857/,RA; claims; csv,on file with author,1368d504cabb1948afc44673d3e49a7a60aba3ad8c73f802be96b21f9a8f98ff
10331641_2025_MCLEAN v. SUMITRA_njd,"Ruth T. McLean v. Aimee D. Sumitra, et al.",D.N.J.,2025,10331641,https://www.courtlistener.com/api/rest/v4/clusters/10331641/,RA; claims; csv; phase1_patch,,
10331659_2025_Chhang v. West Coast USA Properties LLC_caed,"Pharilyn Chhang v. West Coast USA Properties LLC, et al.",E.D. Cal.,2025,10331659,https://www.courtlistener.com/api/rest/v4/clusters/10331659/,RA; 3604; claims; csv,,
10331785_2025_(PS) Neher v. Davis_caed,,,,10331785,https://www.courtlistener.com/api/rest/v4/clusters/10331785/,RA; claims; csv,,
10331798_2025_Doe v. 2001 Arthur LLC_nysd,John Doe #1 v. 2001 Arthur LLC,S.D.N.Y.,2025,10331798,https://www.courtlistener.com/api/rest/v4/clusters/10331798/,RA; claims; csv; phase1_patch,,
10331885_2025_Doe v. McDonald_ca2,"John Doe v. James V. McDonald, M.D.",2d Cir.,2025,10331885,https://www.courtlistener.com/api/rest/v4/clusters/10331885/,RA; claims; csv,,
10333191_2025_Reichert v. Hornbeck_mdd,,,,10333191,https://www.courtlistener.com/api/rest/v4/clusters/10333191/,RA; claims; csv,,
10333275_2025_Bodner v. Johnson_lawd,Bodner v. Johnson,W.D. La.,2025,10333275,https://www.courtlistener.com/api/rest/v4/clusters/10333275/,RA; claims; csv; phase1_patch,on file with author,453c2bfba17af2d16afde19bfb230587352c60f204301117c561f83c6cf8eb01
10333364_2025_Ana Rodriguez v. Peppertree Place Apartment SPE LLC_cacd,Ana Rodriguez v. Peppertree Place Apartment SPE LLC,C.D. Cal.,2025,10333364,https://www.courtlistener.com/api/rest/v4/clusters/10333364/,RA; 3604; claims; csv; phase1_patch,on file with author,3cdab850f7e08b9a0ff4b3818ae3da15658815d81946ccc0f3827a775b05c7a4
10334200_2025_Porter v. Services for the Underserved_nyed,,,,10334200,https://www.courtlistener.com/api/rest/v4/clusters/10334200/,RA; 3604; claims; csv,,
"10334655_2025_Larry Johnson v. Thomas Brenneke, Jr._ca9","Larry Johnson v. Thomas Barry Brenneke, Jr.",9th Cir.,2025,10334655,https://www.courtlistener.com/api/rest/v4/clusters/10334655/,RA; claims; csv,,
10334984_2025_Selective Insurance Company of South Carolina v. Assisted Living Well Compassionate Care LLC_mdd,,,,10334984,https://www.courtlistener.com/api/rest/v4/clusters/10334984/,RA; claims; csv,,
"10335458_2025_Jean Robert Saint-Jean v. Emigrant Mortg. Co., Inc._ca2","Jean Robert Saint-Jean et al. v. Emigrant Mortgage Company, Inc.",2d Cir.,2025,10335458,https://www.courtlistener.com/api/rest/v4/clusters/10335458/,RA; 3604; claims; csv,,
"10335949_2025_Calderia, LLC v. Claremont, NH, City of_nhd","Calderia, LLC, et al. v. City of Claremont, NH",D.N.H.,2025,10335949,https://www.courtlistener.com/api/rest/v4/clusters/10335949/,RA; claims; csv,,
"10335987_2025_Watkins v. Housing Authority of the City of Hugo, The_oked",Watkins v. Housing Authority of the City of Hugo,E.D. Okla.,2025,10335987,https://www.courtlistener.com/api/rest/v4/clusters/10335987/,RA; 3604; claims; csv,,
"10336041_2025_Women's Elevated Sober Living LLC v. City of Plano, Texas_txed","Constance Swanston, Women's Elevated Sober Living LLC, and Shannon Jones v. City of Plano, Texas",E.D. Tex.,2025,10336041,https://www.courtlistener.com/api/rest/v4/clusters/10336041/,RA; claims; csv,,
"10336059_2025_Henderson v. Five Properties, LLC_laed","Michaela Henderson v. Five Properties, LLC",E.D. La.,2025,10336059,https://www.courtlistener.com/api/rest/v4/clusters/10336059/,RA; claims; csv,,
10336135_2025_Gonzalez v. 2009 Houston Scott Street LP_txsd,"Lillian Gonzalez v. 2009 Houston Scott Street LP, et al.",S.D. Tex.,2025,10336135,https://www.courtlistener.com/api/rest/v4/clusters/10336135/,RA; claims; csv,,
"10336750_2025_Canty-Massey v. Vantage Management, Inc._mdd","Romane Canty-Massey v. Vantage Management, Inc.",D. Md.,2025,10336750,https://www.courtlistener.com/api/rest/v4/clusters/10336750/,RA; claims; csv,,
10336898_2025_Deutsche Bank National Trust Company v. Thomason_almd,,,,10336898,https://www.courtlistener.com/api/rest/v4/clusters/10336898/,RA; claims; csv,,
10337087_2025_Anderson Bey v. Roc Nation LLC_nysd,"Bernard T. Anderson Bey v. Roc Nation LLC, et al.",S.D.N.Y.,2025,10337087,https://www.courtlistener.com/api/rest/v4/clusters/10337087/,RA; claims; csv; phase1_patch,,
"10337261_2025_William Kelly v. Graphic Packaging Int'l, LLC_ca6",,,,10337261,https://www.courtlistener.com/api/rest/v4/clusters/10337261/,RA; claims; csv,,
"10337882_2025_Mindale Farms Co. v. City of Tallmadge, Ohio_ohnd","Mindale Farms Co. v. City of Tallmadge, Ohio",N.D. Ohio,2025,10337882,https://www.courtlistener.com/api/rest/v4/clusters/10337882/,RA; claims; csv; phase1_patch,,
10338087_2025_Thomas v. Genova_ca2,Thomas v. Genova,2nd Cir.,2025,10338087,https://www.courtlistener.com/api/rest/v4/clusters/10338087/,RA; claims; csv,,
10338763_2025_Wiggins v. Omaha Housing Authority Foundation Inc._ned,Toni Wiggins v. Omaha Housing Authority Foundation Inc.,D. Neb.,2025,10338763,https://www.courtlistener.com/api/rest/v4/clusters/10338763/,RA; 3604; claims; csv,on file with author,b8b2deadb703179eca067409c888000ca9bcaef936c9f2a5caad2f42d73f7dbc
10338845_2025_Lee v. Omaha Housing Authority Foundation Inc._ned,Lee v. Omaha Housing Authority Foundation Inc.,D. Neb.,2025,10338845,https://www.courtlistener.com/api/rest/v4/clusters/10338845/,RA; 3604; claims; csv,on file with author,8ff604ec0ace0ab7a8eb5772b9021aa3a0ace4980befff2e8599f5d78046dc1c
10346293_2025_Chappel v. Adams County Children's Services_ohsd,"Dawn Chappel v. Adams County Children's Services, et al.",S.D. Ohio,2025,10346293,https://www.courtlistener.com/api/rest/v4/clusters/10346293/,RA; claims; csv,,
10346694_2025_Ballentine v. Barak_nysd,Quintin J. Ballentine v. Postgraduate Center for Mental Health and Jacob Barak,S.D.N.Y.,2025,10346694,https://www.courtlistener.com/api/rest/v4/clusters/10346694/,RA; claims; csv; phase1_patch,,
10347143_2025_Lopez v. The YWCA of North East New York_nynd,Lopez v. YWCA of Northeast New York,N.D.N.Y.,2025,10347143,https://www.courtlistener.com/api/rest/v4/clusters/10347143/,RA; 3604; claims; csv,,
10347396_2025_Leonard v. Hocking Metropolitan Housing Authority_ohsd,Ronald D. Leonard v. Hocking Metropolitan Housing Authority,S.D. Ohio,2025,10347396,https://www.courtlistener.com/api/rest/v4/clusters/10347396/,RA; claims; csv,on file with author,9b9c6e92ef69d95a7c726113c077c26e54e4f97155f27bbd22be1d5b6275faf1
10347542_2025_Gurevitch v. Emerald Green Property Owners Association Inc._nysd,"Gurevitch v. Emerald Green Property Owners Association, Inc.",S.D.N.Y.,2025,10347542,https://www.courtlistener.com/api/rest/v4/clusters/10347542/,RA; 3604; claims; csv,,
10349041_2025_Johnson v. Montage North America_utd,"Debbie Johnson v. Montage North America, LLC",D. Utah,2025,10349041,https://www.courtlistener.com/api/rest/v4/clusters/10349041/,RA; claims; csv,,
10349111_2025_Durham v. Liberty Park Terrace Property Management_waed,John Michael Ray Durham v. Liberty Park Terrace Property; Cliff Butler; Tenets of Apartment #4; and Spokane Police Department,E.D. Wash.,2025,10349111,https://www.courtlistener.com/api/rest/v4/clusters/10349111/,RA; claims; csv,,
10349253_2025_Ecasali v. McMillin_casd,"Noureddine Ecasali v. Scott McMillin, et al.",S.D. Cal.,2025,10349253,https://www.courtlistener.com/api/rest/v4/clusters/10349253/,RA; claims; csv,,
10350093_2025_LLOYD v. MANBEL DEVCO I LP_paed,Susan Lloyd v. Manbel Devco I LP et al.,E.D. Pa.,2025,10350093,https://www.courtlistener.com/api/rest/v4/clusters/10350093/,RA; 3604; claims; csv,,
10350993_2025_Deitch v. Medstar Medical Group Southern Maryland LLC_mdd,"Ronald S. Deitch v. Medstar Medical Group, Southern Maryland LLC",D. Md.,2025,10350993,https://www.courtlistener.com/api/rest/v4/clusters/10350993/,RA; 3604; claims; csv,on file with author,2c2271a0921a5c23d6efc157de7cc6605940804f5edc38dd47eff9d6815a6026
10351347_2025_Tudor Dupont v. Sterling Family Trust_ca9,Al Tudor DuPont; Aurelia Anderson v. Sterling Family Trust,9th Cir.,2025,10351347,https://www.courtlistener.com/api/rest/v4/clusters/10351347/,RA; claims; csv,,
"10351946_2025_Canoe Creek Neighborhood Association, Inc. v. Douse_flmd","Canoe Creek Neighborhood Assn., Inc. v. Douse",M.D. Fla.,2025,10351946,https://www.courtlistener.com/api/rest/v4/clusters/10351946/,RA; claims; csv,,
10352494_2025_United States v. Petties_okwd,United States v. Petties,W.D. Okla.,2025,10352494,https://www.courtlistener.com/api/rest/v4/clusters/10352494/,RA; claims; csv,,
10352961_2025_BANKS v. ROSS_ncmd,Rickey Banks v. Ryan Ross et al.,M.D.N.C.,2025,10352961,https://www.courtlistener.com/api/rest/v4/clusters/10352961/,RA; 3604; claims; csv,on file with author,d7ee7ec077b835c04acc68c7931174394d89715e154b2209924f9608c7cae830
10352962_2025_BANKS v. ROSS_ncmd,Banks v. Ross,M.D.N.C.,2025,10352962,https://www.courtlistener.com/api/rest/v4/clusters/10352962/,RA; claims; csv,on file with author,d7ee7ec077b835c04acc68c7931174394d89715e154b2209924f9608c7cae830
10353302_2025_Osborne v. Belton_ca5,Osborne v. Belton,5th Cir.,2025,10353302,https://www.courtlistener.com/api/rest/v4/clusters/10353302/,RA; claims; csv; phase1_patch,,
10353463_2025_Scipio v. Housing Authority of Hartsville_scd,Eshawn Jessica Scipio v. Housing Authority of Hartsville,D.S.C.,2025,10353463,https://www.courtlistener.com/api/rest/v4/clusters/10353463/,RA; claims; csv; phase1_patch,,
10354742_2025_Carlson v. Carrington Square_utd,Danny Carlson v. Carrington Square et al.,D. Utah,2025,10354742,https://www.courtlistener.com/api/rest/v4/clusters/10354742/,RA; claims; csv; phase1_patch,,
10354784_2025_Green v. Allied First Bank sb_mssd,Lakeisha C. Green v. Allied First Bank SB,S.D. Miss.,2025,10354784,https://www.courtlistener.com/api/rest/v4/clusters/10354784/,RA; 3604; claims; csv; phase1_patch,,
10355052_2025_AGVR Property Owner LLC v. Rowe_txnd,AGVR Property Owner LLC v. Rowe,N.D. Tex.,2025,10355052,https://www.courtlistener.com/api/rest/v4/clusters/10355052/,RA; claims; csv,,
"10355065_2025_Carlos Turner v. Henley Appraisals, LLC_ohsd","Carlos Turner, et al. v. Henley Appraisals, LLC, et al.",S.D. Ohio,2025,10355065,https://www.courtlistener.com/api/rest/v4/clusters/10355065/,RA; claims; csv,,
10355743_2025_Reyes v. Harris County_txsd,"Art Reyes v. Harris County, Christopher Ross, Amanda Fry, Alexzander French Michael, and Joseph M. Douglass",S.D. Tex.,2025,10355743,https://www.courtlistener.com/api/rest/v4/clusters/10355743/,RA; 3604; claims; csv,on file with author,2d6a296379c20272f68cbb6d530855e825b0969ca93fe0b0a067f6fda1b3a351
10355769_2025_Reyes v. Harris County_txsd,"Art Reyes v. Harris County, Christopher Ross, Amanda Fry, Alexzander French Michael, and Joseph M. Douglass",S.D. Tex.,2025,10355769,https://www.courtlistener.com/api/rest/v4/clusters/10355769/,RA; 3604; claims; csv,on file with author,a21ae8614c374744f9106adaf07a9d00e99fdf23a789d3288ce9b45cce8c7883
10356018_2025_United States v. Nolen_caed,United States v. Nolen,E.D. Cal.,2025,10356018,https://www.courtlistener.com/api/rest/v4/clusters/10356018/,RA; claims; csv,,
"10356706_2025_Brian James Albert v. Association of Certified Anti-Money Laundering Specialists, LLC_ca11",,,,10356706,https://www.courtlistener.com/api/rest/v4/clusters/10356706/,RA; claims; csv,,
10358636_2025_Morris v. Baltimore Municipal_mdd,Morris v. Baltimore Municipal,D. Md.,2025,10358636,https://www.courtlistener.com/api/rest/v4/clusters/10358636/,RA; claims; csv,on file with author,a61338835691866ee548b73a8029481b6a9da1d9b70b56a683392c053cbcb6b4
"10359039_2025_United States v. AION Management, LLC_ded","United States of America and Fair Housing Partnership of Greater Pittsburgh, Inc. et al. v. AION Management, LLC et al.",D. Del.,2025,10359039,https://www.courtlistener.com/api/rest/v4/clusters/10359039/,RA; 3604; claims; csv,,
10359614_2025_EP. v. Tehachapi Unified School District_caed,,,,10359614,https://www.courtlistener.com/api/rest/v4/clusters/10359614/,3604; claims,,
10360198_2025_Cupp v. County of Sonoma_cand,,,,10360198,https://www.courtlistener.com/api/rest/v4/clusters/10360198/,RA; claims; csv,,
"10360316_2025_Ellis v. NAICA Housing Development Fund Company, Inc._nysd","Jaezon Ellis v. NAICA Housing Development Fund Company, Inc.",S.D.N.Y.,2025,10360316,https://www.courtlistener.com/api/rest/v4/clusters/10360316/,RA; 3604; claims; csv; phase1_patch,,
10361008_2025_Reese v. Park Place Condominium Homeowners Association I_dcd,Reese v. Park Place Condominium Homeowners Association I,D.D.C.,2025,10361008,https://www.courtlistener.com/api/rest/v4/clusters/10361008/,RA; claims; csv,,
10361447_2025_Belton v. Regions Bank NA_lamd,"Will J. Belton v. Regions Bank NA, et al.",M.D. La.,2025,10361447,https://www.courtlistener.com/api/rest/v4/clusters/10361447/,RA; claims; csv; phase1_patch,,
10361741_2025_Winston v. HON Partners II LLC_txed,Nadia Winston v. HON Partners II LLC et al.,E.D. Tex.,2025,10361741,https://www.courtlistener.com/api/rest/v4/clusters/10361741/,RA; claims; csv,on file with author,7b82c3f57991673333330f173b7108eefa6e1261ec4f1ac7126a96184721c1bb
"10361772_2025_Ortiguerra v. Grand Isle Shipyard, LLC_laed","Victor Ortiguerra, et al. v. Grand Isle Shipyard, LLC, et al.",E.D. La.,2025,10361772,https://www.courtlistener.com/api/rest/v4/clusters/10361772/,RA; claims; csv; phase1_patch,,
10361834_2025_QUEWON v. PHILADELPHIA HOUSING AUTHORITY_paed,Yolanda E. Quewon v. Philadelphia Housing Authority,E.D. Pa.,2025,10361834,https://www.courtlistener.com/api/rest/v4/clusters/10361834/,RA; 3604; claims; csv,on file with author,f9503e846dea235a83d722dbc2363211c7647d1689a03f284597fa0a55606413
10362108_2025_Manson v. Fresno Housing Authority_caed,Manson v. Fresno Housing Authority,E.D. Cal.,2025,10362108,https://www.courtlistener.com/api/rest/v4/clusters/10362108/,RA; 3604; claims; csv,,
10362497_2025_Jackson v. S2 Residential_txnd,Anthony Jackson v. S2 Residential,N.D. Tex.,2025,10362497,https://www.courtlistener.com/api/rest/v4/clusters/10362497/,RA; 3604; claims; csv,,
"10362578_2025_C.R. v. Plb Management, LLC_ca9","C.R., an individual, by and through his next friend Tracey Joffe v. PLB Management, LLC, DBA Park La Brea Management; et al.",9th Cir.,2025,10362578,https://www.courtlistener.com/api/rest/v4/clusters/10362578/,RA; claims; csv,,
10363818_2025_Citizens Project v. Colorado Springs_cod,,,,10363818,https://www.courtlistener.com/api/rest/v4/clusters/10363818/,RA; claims; csv,,
10363904_2025_CRISDON v. NORTHGATE I_njd,,,,10363904,https://www.courtlistener.com/api/rest/v4/clusters/10363904/,RA; claims; csv,,
10364923_2025_United States v. METHUSELAH TREE LLC_med,"United States of America v. Methuselah Tree, LLC",D. Me.,2025,10364923,https://www.courtlistener.com/api/rest/v4/clusters/10364923/,p3ext_20260703,,
10365042_2025_McGrath v. Dunecrest Condominium Association_innd,McGrath v. Dunecrest Condominium Association,N.D. Ind.,2025,10365042,https://www.courtlistener.com/api/rest/v4/clusters/10365042/,RA; 3604; claims; csv,,
10365173_2025_Dave's Driving School LLC v. Utah Department of Public Safety_utd,"Dave's Driving School, LLC v. Utah Department of Public Safety",D. Utah,2025,10365173,https://www.courtlistener.com/api/rest/v4/clusters/10365173/,RA; claims; csv,on file with author,72a3c81923ba5f955f936e3ce1d48d8117b9c5efc208f6fd21873b2d4584247d
10365282_2025_Moore v. City of New York_nysd,Moore v. City of New York,S.D.N.Y.,2025,10365282,https://www.courtlistener.com/api/rest/v4/clusters/10365282/,RA; 3604; claims; csv,on file with author,1883b6357319ced4e4c6735f17bbc04658785ed3763384403b38e3073420c825
"10366099_2025_Resources for Human Development, Inc. v. Lower Providence Township_paed","Resources for Human Development, Inc. v. Lower Providence Township",E.D. Pa.,2025,10366099,https://www.courtlistener.com/api/rest/v4/clusters/10366099/,RA; 3604; claims; csv,on file with author,36137d4fc8f316a34ee4552332a572e2075be1efcb322b2e28f3eb0318812de8
10366167_2025_Morris v. Baltimore City_mdd,"Deborah Morris, et al. v. Baltimore City, et al.",D. Md.,2025,10366167,https://www.courtlistener.com/api/rest/v4/clusters/10366167/,RA; claims; csv; phase1_patch,on file with author,2e3f26d3b42a1d3ad313f4058282fd810934fa593ece4955a0d440a296346008
10368309_2025_Dixon v. Silva-Markham Partners_cod,Jennifer Dixon v. Silva-Markham Partners and Koelbel & Co.,D. Colo.,2025,10368309,https://www.courtlistener.com/api/rest/v4/clusters/10368309/,RA; 3604; claims; csv; phase1_patch,,
"10368596_2025_Davis v. Commissioner, Social Security Administration_cod",,,,10368596,https://www.courtlistener.com/api/rest/v4/clusters/10368596/,RA; claims; csv,,
"10368714_2025_Eldridge v. City of Alton, Illinois_ilsd","Eldridge v. City of Alton, Illinois",S.D. Ill.,2025,10368714,https://www.courtlistener.com/api/rest/v4/clusters/10368714/,RA; 3604; claims; csv,on file with author,070b17fac56ad00ddaf7283da625502b9a9e37ded33838ea70048a0663e3eac7
10368837_2025_Scoggins v. Falcon Court_caed,"Danell R. Scoggins v. Falcon Court, Turning Point of Central California",E.D. Cal.,2025,10368837,https://www.courtlistener.com/api/rest/v4/clusters/10368837/,RA; claims; csv,on file with author,4527c4510281181c92a56e6ac779c9958abe28af9b2134f72ae4814c6414ac68
10368942_2025_Baez v. New York State Office of Temporary and Disability Assistance_nysd,Baez v. New York State Office of Temporary and Disability Assistance,S.D.N.Y.,2025,10368942,https://www.courtlistener.com/api/rest/v4/clusters/10368942/,RA; claims; csv,on file with author,658a8f2db29177d184b47f0a39df22adcec2c20bda9a95a797a4e77fce1d3c79
10369416_2025_Turnbull v. Frankenmuth Insurance Company_mied,Merriilee Turnbull v. Frankenmuth Insurance Company,E.D. Mich.,2025,10369416,https://www.courtlistener.com/api/rest/v4/clusters/10369416/,RA; claims; csv,on file with author,4095038caae5d2a412701e1080ce30f42a855a9b27d5aa97bbbdb83eb9192c85
10369715_2025_Ricketts v. Westwood Condo Assoc._ctd,Robert Ricketts v. Westwood Condo Assoc.,D. Conn.,2025,10369715,https://www.courtlistener.com/api/rest/v4/clusters/10369715/,RA; 3604; claims; csv,on file with author,da264e09e0d01dc31dbf4f000882fe9beabd037b83ac6eb5327e2acddf7e782a
"10369794_2025_Fair Housing Justice Center, Inc. v. Goldfarb Properties, Inc._nysd","Fair Housing Justice Center, Inc. v. Pelican Management, Inc.",S.D.N.Y.,2025,10369794,https://www.courtlistener.com/api/rest/v4/clusters/10369794/,RA; claims; csv,,
"10369809_2025_Fair Housing Justice Center, Inc. v. Goldfarb Properties, Inc._nysd","Fair Housing Justice Center, Inc. v. Pelican Management, Inc.",S.D.N.Y.,2025,10369809,https://www.courtlistener.com/api/rest/v4/clusters/10369809/,RA; claims; csv,,
"10369893_2025_Haymarket DuPage, LLC v. Village of Itasca_ilnd",,,,10369893,https://www.courtlistener.com/api/rest/v4/clusters/10369893/,RA; claims; csv,,
10369988_2025_Noe v. Ray Realty_nysd,Carol Noe v. Ray Realty et al.,S.D.N.Y.,2025,10369988,https://www.courtlistener.com/api/rest/v4/clusters/10369988/,RA; claims; csv; phase1_patch,on file with author,a8abd8cff879b9de5df5fa2103dab2bf72239a9bc57e2ed2a3d80b879ea89788
10371220_2025_Stern v. Highland Lake Homeowners Association_nysd,Stern v. Highland Lake Homeowners Association,S.D.N.Y.,2025,10371220,https://www.courtlistener.com/api/rest/v4/clusters/10371220/,RA; 3604; claims; csv,,
"10373175_2025_CMDS Residential, LLC v. Mayor and City Council Of Baltimore_mdd","CMDS Residential, LLC v. Mayor & City Council of Baltimore",D. Md.,2025,10373175,https://www.courtlistener.com/api/rest/v4/clusters/10373175/,RA; 3604; claims; csv,,
10373275_2025_Strole v. Wirth_azd,"Sherri Strole v. Mark Wirth, et al.",D. Ariz.,2025,10373275,https://www.courtlistener.com/api/rest/v4/clusters/10373275/,RA; 3604; claims; csv,,
10373318_2025_Spraggins v. Ironwood Crossing Public Facility Corporation_txnd,"Lasae D. Spraggins v. Ironwood Crossing Public Facility Corporation, et al.",N.D. Tex.,2025,10373318,https://www.courtlistener.com/api/rest/v4/clusters/10373318/,RA; claims; csv,,
10373378_2025_Johnson v. Raven Wood Homeowners Association_wawd,"Robert A. Johnson v. Raven Wood Homeowners Association, et al.",W.D. Wash.,2025,10373378,https://www.courtlistener.com/api/rest/v4/clusters/10373378/,RA; 3604; claims; csv,,
"10373706_2025_Sara Watts v. Joggers Run Property Owners Association, Inc._ca11","Sara Watts v. Joggers Run Property Owners Association, Inc.",11th Cir.,2025,10373706,https://www.courtlistener.com/api/rest/v4/clusters/10373706/,RA; 3604; claims; csv,,
10373929_2025_Frazier v. Luther_msnd,Frazier v. Luther,N.D. Miss.,2025,10373929,https://www.courtlistener.com/api/rest/v4/clusters/10373929/,RA; 3604; claims; csv,,
10373979_2025_Housing Opportunities Made Equal of Greater Cincinnati v. Count X LLC_ohsd,Housing Opportunities Made Equal of Greater Cincinnati v. Count X LLC,S.D. Ohio,2025,10373979,https://www.courtlistener.com/api/rest/v4/clusters/10373979/,RA; claims; csv,on file with author,bef42cd938f183a4065bcc43a8a3f1ce0344622e089aa63d605e37167ec91987
"10374670_2025_Allfrey v. Fairhope Motorcoach Resort Condominium Owners Association, Inc._alsd","Allfrey v. Fairhope Motorcoach Resort Condominium Owners Association, Inc.",S.D. Ala.,2025,10374670,https://www.courtlistener.com/api/rest/v4/clusters/10374670/,RA; claims; csv,,
10374801_2025_Willis v. US Bank Trust National Association_txnd,"Cedric Willis v. U.S. Bank National Association, as Trustee, Igloo Series Trust; LoanCare LLC; and Security National Mortgage Company, Inc.",N.D. Tex.,2025,10374801,https://www.courtlistener.com/api/rest/v4/clusters/10374801/,RA; claims; csv; phase1_patch,,
10374819_2025_Squire v. Newrez LLC_mdd,,,,10374819,https://www.courtlistener.com/api/rest/v4/clusters/10374819/,RA; claims; csv,,
10376048_2025_Patel v. City of Los Angeles_ca9,"Bhavin Patel, Individually and as Trustee of the Patel Family Trust; Jerubha Life LLC v. City of Los Angeles",9th Cir.,2025,10376048,https://www.courtlistener.com/api/rest/v4/clusters/10376048/,RA; claims; csv,,
10376052_2025_Ahir v. City of Los Angeles_ca9,"Nikeshkumar Ahir; Pintuben Nikeshkumar Ahir; Pawanputra 108, Inc. v. City of Los Angeles",9th Cir.,2025,10376052,https://www.courtlistener.com/api/rest/v4/clusters/10376052/,RA; claims; csv; phase1_patch,,
"10377601_2025_TWYMAN v. RECAP PA HOLDINGS, LLC_paed","Meredith Twyman v. Recap PA Holdings, LLC",E.D. Pa.,2025,10377601,https://www.courtlistener.com/api/rest/v4/clusters/10377601/,RA; 3604; claims; csv,on file with author,53568e2b23a263a6f55369f38007c44fb6dbb6babb3189ead4ac836336eec656
10377695_2025_(PS) Winding v. Wahla_caed,,,,10377695,https://www.courtlistener.com/api/rest/v4/clusters/10377695/,RA; claims; csv,,
10377863_2025_Sanders v. Stephens_wvnd,Aaron Sanders v. Anna Marie Stephens,N.D. W. Va.,2025,10377863,https://www.courtlistener.com/api/rest/v4/clusters/10377863/,RA; claims; csv,,
10378598_2025_West v. Landau_mied,Darryl West v. Marc Landau and Drinda Osborne,E.D. Mich.,2025,10378598,https://www.courtlistener.com/api/rest/v4/clusters/10378598/,RA; 3604; claims; csv,on file with author,d1e95609f8e8aac1d565025152342797209ab493ea2351cfda51a07f954c2fa9
10378689_2025_(UD) (PS) Stonegate Apartments L.P. v. Jackson_caed,,,,10378689,https://www.courtlistener.com/api/rest/v4/clusters/10378689/,RA; claims; csv,,
"10379487_2025_TUVF - Esplanade, LLC v. SEN Fitness Group_cacd",,,,10379487,https://www.courtlistener.com/api/rest/v4/clusters/10379487/,RA; claims; csv,,
10380212_2025_Fontaine v. CGI_nyed,Fontaine v. CGI,E.D.N.Y.,2025,10380212,https://www.courtlistener.com/api/rest/v4/clusters/10380212/,RA; claims; csv,on file with author,757bffe9839b5ac95e8e650ba85a177b760ee9c04644e38731d4963869cb7c00
"10381039_2025_United African-Asian Abilities Club v. ASP Mohawk, LLC_casd","United African-Asian Abilities Club, James Lee v. ASP Mohawk, LLC",S.D. Cal.,2025,10381039,https://www.courtlistener.com/api/rest/v4/clusters/10381039/,RA; claims; csv; phase1_patch,,
10381655_2025_L.B. v. Premera Blue Cross_wawd,,,,10381655,https://www.courtlistener.com/api/rest/v4/clusters/10381655/,RA; 3604; claims; csv,,
10383867_2025_Clayton Gardens v. Parsons_cand,,,,10383867,https://www.courtlistener.com/api/rest/v4/clusters/10383867/,RA; claims; csv,,
"10384039_2025_Aquino v. Skyview Acquisitions, LLC_nysd",Aquino v. Skyview Management Corp.,S.D.N.Y.,2025,10384039,https://www.courtlistener.com/api/rest/v4/clusters/10384039/,3604; claims; csv; phase1_patch,,
10384070_2025_United States v. Salazar_caed,"United States of America v. Javier Salazar, Jr., et al.",E.D. Cal.,2025,10384070,https://www.courtlistener.com/api/rest/v4/clusters/10384070/,RA; claims; csv,,
"10384281_2025_The Ohio House, LLC v. City of Costa Mesa_ca9","The Ohio House, LLC v. City of Costa Mesa",9th Cir.,2025,10384281,https://www.courtlistener.com/api/rest/v4/clusters/10384281/,RA; 3604; claims; csv,,
10384747_2025_Greene v. First to Serve Inc_wied,,,,10384747,https://www.courtlistener.com/api/rest/v4/clusters/10384747/,RA; claims; csv,,
"10384752_2025_Crossett v. Church of Jesus Christ of Latter-Day Saints, The_utd",,,,10384752,https://www.courtlistener.com/api/rest/v4/clusters/10384752/,RA; 3604; claims; csv,,
10384754_2025_Greene v. Next Door Medical Network Inc_wied,,,,10384754,https://www.courtlistener.com/api/rest/v4/clusters/10384754/,RA; claims; csv,,
10384780_2025_Greene v. Rite Aid Culver City_wied,,,,10384780,https://www.courtlistener.com/api/rest/v4/clusters/10384780/,RA; claims; csv,,
10384791_2025_Greene v. Garland County Arkansas_wied,,,,10384791,https://www.courtlistener.com/api/rest/v4/clusters/10384791/,RA; claims; csv,,
10384814_2025_Greene v. Global Care Medical Group_wied,,,,10384814,https://www.courtlistener.com/api/rest/v4/clusters/10384814/,RA; claims; csv,,
10384821_2025_Greene v. Eastside Orthopedic Medical Associates_wied,,,,10384821,https://www.courtlistener.com/api/rest/v4/clusters/10384821/,RA; claims; csv,,
10384824_2025_Greene v. MV Transportation Inc_wied,,,,10384824,https://www.courtlistener.com/api/rest/v4/clusters/10384824/,RA; claims; csv,,
10384826_2025_Nash v. A B C Insurance Inc_lawd,"Michaela Nash v. A B C Insurance, Inc., et al.",W.D. La.,2025,10384826,https://www.courtlistener.com/api/rest/v4/clusters/10384826/,RA; 3604; claims; csv; phase1_patch,,
10384829_2025_Greene v. 430 South Los Angeles Street LLC_wied,,,,10384829,https://www.courtlistener.com/api/rest/v4/clusters/10384829/,RA; claims; csv,,
10384831_2025_Greene v. Global Care Medical Group_wied,,,,10384831,https://www.courtlistener.com/api/rest/v4/clusters/10384831/,RA; claims; csv,,
10385661_2025_Willis v. US Bank Trust National Association_txnd,"Cedric Willis v. U.S. Bank National Association, as Trustee, Igloo Series Trust; Loancare LLC; and Security National Mortgage Company, Inc.",N.D. Tex.,2025,10385661,https://www.courtlistener.com/api/rest/v4/clusters/10385661/,RA; claims; csv; phase1_patch,,
10385754_2025_Baker v. Avenue5 Residential_wawd,Justin Baker v. Avenue5 Residential et al.,W.D. Wash.,2025,10385754,https://www.courtlistener.com/api/rest/v4/clusters/10385754/,RA; 3604; claims; csv,,
10385875_2025_Spraggins v. Ironwood Crossing Public Facility Corporation_txnd,LaSae D. Spraggins v. Ironwood Crossing Public Facility Corporation,N.D. Tex.,2025,10385875,https://www.courtlistener.com/api/rest/v4/clusters/10385875/,RA; claims; csv; phase1_patch,,
10397530_2025_Ward v. Blue Canyon Property Management LLC_kywd,"Timothy A. Ward v. Blue Canyon Property Management LLC; and Madrid KY, LLC",W.D. Ky.,2025,10397530,https://www.courtlistener.com/api/rest/v4/clusters/10397530/,RA; claims; csv,,
"10397674_2025_TWYMAN v. RECAP PA HOLDINGS, LLC_paed","Meredith Twyman v. Recap PA Holdings, LLC, 963 Street Road LLC",E.D. Pa.,2025,10397674,https://www.courtlistener.com/api/rest/v4/clusters/10397674/,RA; 3604; claims; csv,on file with author,6e2ea9d8cfa6ac391e5c54774ec6a35d5c824cd70633f5a4354b81dfca2cbb45
10397713_2025_MOSES v. M_M MANAGEMENT_paed,,,,10397713,https://www.courtlistener.com/api/rest/v4/clusters/10397713/,RA; 3604; claims; csv,,
10397788_2025_Cleveland v. Chaves_nvd,,,,10397788,https://www.courtlistener.com/api/rest/v4/clusters/10397788/,RA; claims; csv,,
10397848_2025_(PS) Faruki v. Housing Authority for the County of Sacramento_caed,Faruki v. Housing Authority for the County of Sacramento,E.D. Cal.,2025,10397848,https://www.courtlistener.com/api/rest/v4/clusters/10397848/,3604; claims; csv,on file with author,375a1f1490d098ece909beeaf6a77a00890570c09bb32427c10380d375fdb98f
"10406261_2025_Raymond May, Jr. v. Martin Fein Interest Ltd._ca4","Raymond Earl May, Jr.; Angela Dolores May v. Martin Fein Interest Ltd.",4th Cir.,2025,10406261,https://www.courtlistener.com/api/rest/v4/clusters/10406261/,RA; 3604; claims; csv; phase2_extraction,,
10415278_2025_QUEWON v. PHILADELPHIA HOUSING AUTHORITY_paed,Yolanda E. Quewon v. Philadelphia Housing Authority,E.D. Pa.,2025,10415278,https://www.courtlistener.com/api/rest/v4/clusters/10415278/,RA; 3604; claims; csv,on file with author,33f91d506abf7dbbc76aea4500c355806e98ec772f1a2a8bc9ddb3114b2f22ba
10433979_2025_Earle v. Manchester Village Owners Association Inc_wied,"Dawn N. Earle v. Manchester Village Owners Association Inc, et al.",E.D. Wis.,2025,10433979,https://www.courtlistener.com/api/rest/v4/clusters/10433979/,RA; 3604; claims; csv,on file with author,cc9c481c69962e4bf1e9c6ad29c96f51dc2fae033285451d30466c5c7e9635b4
10434033_2025_Fox v. Kovacs_nvd,Fox v. Kovacs,D. Nev.,2025,10434033,https://www.courtlistener.com/api/rest/v4/clusters/10434033/,RA; claims; csv,on file with author,9360c3a0696df93dead0ac417a66d2e7d1f0f47e49e563e53e4268a805ab2049
10434187_2025_Buckholz v. Kelso Housing Authority_wawd,Jacqueline Buckholz v. Kelso Housing Authority,W.D. Wash.,2025,10434187,https://www.courtlistener.com/api/rest/v4/clusters/10434187/,RA; 3604; claims; csv,,
10453843_2025_Newman v. State of Delaware_ded,Newman v. State of Delaware,D. Del.,2025,10453843,https://www.courtlistener.com/api/rest/v4/clusters/10453843/,RA; claims; csv,on file with author,06362fcde392e0df46809ef14cc48e5117ff6569834f30a68992399851b4e58c
10453952_2025_Maponga v. Hall Park Hotel_txed,"Stansly T. Maponga v. Hall Park Hotel, et al.",E.D. Tex.,2025,10453952,https://www.courtlistener.com/api/rest/v4/clusters/10453952/,RA; 3604; claims; csv; phase1_patch,on file with author,267b94c926b6679626cc4693f2f8f6deb8150718a8206ecb60584b9c92bc4cf6
10454487_2025_Ballentine v. Bowery Residence Committee_nysd,Quintin J. Ballentine v. Bowery Residence Committee,S.D.N.Y.,2025,10454487,https://www.courtlistener.com/api/rest/v4/clusters/10454487/,RA; claims; csv; phase1_patch,,
10458286_2025_National Urban League v. Trump_dcd,National Urban League et al. v. Trump,D.D.C.,2025,10458286,https://www.courtlistener.com/api/rest/v4/clusters/10458286/,RA; claims; csv; phase1_patch,,
10464414_2024_Sandpiper Residents Association v. HUD_cadc,Sandpiper Residents Association v. United States Department of Housing & Urban Development,D.C. Cir.,2024,9997813,https://www.courtlistener.com/api/rest/v4/clusters/9997813/,3604; claims; csv; dates_resolved,,
10465864_2024_United States v. Hysen Sherifi_ca4,,,,10465864,https://www.courtlistener.com/api/rest/v4/clusters/10465864/,3604; claims,,
"10467696_2024_Pietrangelo v. Refresh Club, Inc_dcd",,,,10467696,https://www.courtlistener.com/api/rest/v4/clusters/10467696/,3604; claims,,
10528545_2025_Trujillo v. Amity Plaza LLC_cod,"Katherine Trujillo v. Amity Plaza, LLC, Housing Authority of the City of Littleton, d/b/a South Metro Housing Options, and Frank Martinez",D. Colo.,2025,10528545,https://www.courtlistener.com/api/rest/v4/clusters/10528545/,RA; 3604; claims; csv,,
"10528777_2025_Harris v. Wells Fargo Bank, N.A._tnwd","Heather Hogrobrooks Harris v. Wells Fargo Bank, N.A.",W.D. Tenn.,2025,10528777,https://www.courtlistener.com/api/rest/v4/clusters/10528777/,RA; claims; csv; phase1_patch,,
10529614_2025_Mahon v. Commissioner of Social Security_nynd,,,,10529614,https://www.courtlistener.com/api/rest/v4/clusters/10529614/,RA; claims; csv,,
10529865_2025_Munroe v. New York University_nysd,"Luis Ricardo Munroe v. New York University, Erin Jane Lynch, Legal Affairs Department, Office of Faculty Housing",S.D.N.Y.,2025,10529865,https://www.courtlistener.com/api/rest/v4/clusters/10529865/,RA; claims; csv,,
10547446_2025_Green v. Allied First Bank SB_mssd,Green v. Allied First Bank SB,S.D. Miss.,2025,10547446,https://www.courtlistener.com/api/rest/v4/clusters/10547446/,RA; claims; csv; phase1_patch,on file with author,3cd1eac559f45cc85563ae29145c3a68b9a162273e443de716f9f3b61efd3743
"10547559_2025_Fleming v. Westwood Place Apartments, LLC_mdd","Michael-Zahir David Fleming v. Westwood Apartments, LLC",D. Md.,2025,10547559,https://www.courtlistener.com/api/rest/v4/clusters/10547559/,RA; 3604; claims; csv; phase1_patch,on file with author,d483d12e63f7f6c684ab622d8d4cf6631dedfb04e732f08e170dff4b3a26043b
10548175_2025_Avila v. New York City Housing Authority_nysd,Jimmy Avila v. New York City Housing Authority,S.D.N.Y.,2025,10548175,https://www.courtlistener.com/api/rest/v4/clusters/10548175/,RA; claims; csv,on file with author,604e682f8b37c2a64faae33ca65a9d7ce42b105bc606733e7af0ac3d282d07b0
10567176_2025_Ecasali v. McMillin_casd,"Noureddine Ecasali v. Scott McMillin, et al.",S.D. Cal.,2025,10567176,https://www.courtlistener.com/api/rest/v4/clusters/10567176/,RA; claims; csv,,
10567278_2025_Sexton v. Department of Homeless Services_nysd,"Charles H.M.S. Sexton v. Department of Homeless Services, et al.",S.D.N.Y.,2025,10567278,https://www.courtlistener.com/api/rest/v4/clusters/10567278/,RA; claims; csv,,
10573022_2025_Blackburn v. Webb_ca10,"Tyeashia M. Blackburn; Lezlie E. Freeman v. Kelly Webb; Rent King, LLC",10th Cir.,2025,10573022,https://www.courtlistener.com/api/rest/v4/clusters/10573022/,RA; 3604; claims; csv,,
10580215_2025_Chappel v. Adams County Children's Services_ohsd,"Dawn M. Chappel v. Adams County Children's Services, et al.",S.D. Ohio,2025,10580215,https://www.courtlistener.com/api/rest/v4/clusters/10580215/,RA; 3604; claims; csv,,
"10581724_2025_U.S. Bank, National Association as legal title trustee v. Valeria Taveras_ca11","U.S. Bank, National Association as Legal Title Trustee for Truman 2016 SC6 Title Trust v. Taveras",11th Cir.,2025,10581724,https://www.courtlistener.com/api/rest/v4/clusters/10581724/,RA; claims; csv,,
10582796_2025_Cole v. Faulkner_ilnd,"Tony Cole v. Joseph Faulkner, et al.",N.D. Ill.,2025,10582796,https://www.courtlistener.com/api/rest/v4/clusters/10582796/,RA; 3604; claims; csv; phase1_patch,on file with author,ad24df8dd07d7abb2b36a4a1133927f97190efe10cc95a15ec551a613e981571
"10583019_2025_Dogbe v. The Lakes at Lemmon Valley, LLC_nvd","John Dogbe and Alberta Dogbe v. The Lakes at Lemmon Valley, LLC",D. Nev.,2025,10583019,https://www.courtlistener.com/api/rest/v4/clusters/10583019/,RA; 3604; claims; csv,,
10583690_2025_Andersen v. Olympus at Daybreak_utd,Christopher K. Andersen v. Olympus at Daybreak,D. Utah,2025,10583690,https://www.courtlistener.com/api/rest/v4/clusters/10583690/,RA; claims; csv,,
10583709_2025_Green v. Brovo LTD Partnership LLC_wied,,,,10583709,https://www.courtlistener.com/api/rest/v4/clusters/10583709/,RA; 3604; claims; csv,,
10583755_2025_United States v. Salazar_caed,"United States of America v. Javier Salazar, Jr., et al.",E.D. Cal.,2025,10583755,https://www.courtlistener.com/api/rest/v4/clusters/10583755/,RA; claims; csv,,
"10584657_2025_8214 Wilson Drive, LLC v. Daugherty_ned","8214 Wilson Drive, LLC v. Daugherty",D. Neb.,2025,10584657,https://www.courtlistener.com/api/rest/v4/clusters/10584657/,RA; claims; csv,,
10584757_2025_Avila v. Davis_nysd,"Jimmy Avila; Mezie Oduka v. Danisha Davis; Lindsey M. Blackwell; City of New York; NYC Department of Housing Preservation and Development; Jane Doe; John Doe; Symone Elizabeth Sylvester; 1412 Col LLC; Basics, Inc.; JSAF Management LLC; Adult Protective Services; NYC Department of Homeless Services; City FHEPS; Breaking Ground; Harlem YMCA; Andrew Brain Bittens Esq.; Bronx Works; Office of Mental Health",S.D.N.Y.,2025,10584757,https://www.courtlistener.com/api/rest/v4/clusters/10584757/,RA; claims; csv; phase1_patch,,
10586094_2025_Shomo v. Cooksey_mdd,"Pamela Shomo & DeJa Shomo v. Karen Cooksey, et al.",D. Md.,2025,10586094,https://www.courtlistener.com/api/rest/v4/clusters/10586094/,RA; 3604; claims; csv,on file with author,bdd460654c6a09b4789db57db361c26aa6b68e0ff1e584c58cd80cb2b745d59a
"10587034_2025_APPELGREN v. ISLAND HOSPITALITY MANAGEMENT VII, LLC_njd","Mark Appelgren v. Island Hospitality Management VII, LLC, et al.",D.N.J.,2025,10587034,https://www.courtlistener.com/api/rest/v4/clusters/10587034/,RA; 3604; claims; csv,on file with author,d590dc2a64a4618e69941a64253d060f781379a85b9d184f332bd774dd9db8b2
10587116_2025_Chen v. Stuetzel_cand,,,,10587116,https://www.courtlistener.com/api/rest/v4/clusters/10587116/,RA; claims; csv,,
"10587705_2025_Jay v. Grand Management Services, Inc._ord","Patsy Jay v. Grand Management Services, Inc.",D. Or.,2025,10587705,https://www.courtlistener.com/api/rest/v4/clusters/10587705/,RA; 3604; claims; csv,,
10588788_2025_Deep South v. EPA_ca5,,,,10588788,https://www.courtlistener.com/api/rest/v4/clusters/10588788/,RA; claims; csv,,
10589310_2025_Hatcher v. Yang_okwd,Robert L. Hatcher v. Sylvain Yang and Travis Smith,W.D. Okla.,2025,10589310,https://www.courtlistener.com/api/rest/v4/clusters/10589310/,RA; 3604; claims; csv,,
10589627_2025_Deepa Patel v. City of Stanton_cacd,Deepa Patel et al. v. City of Stanton et al.,C.D. Cal.,2025,10589627,https://www.courtlistener.com/api/rest/v4/clusters/10589627/,RA; 3604; claims; csv; phase1_patch,,
10589728_2025_(UD) (PS) Yassa v. Starr_caed,,,,10589728,https://www.courtlistener.com/api/rest/v4/clusters/10589728/,RA; claims; csv,,
"10590335_2025_Turner v. Autumn Lake Property Owners Association, Inc._txsd",Dennis Turner and Darlene Brooks v. Autumn Lake Property Owners Association Inc.,S.D. Tex.,2025,10590335,https://www.courtlistener.com/api/rest/v4/clusters/10590335/,RA; claims; csv; phase1_patch; phase2_extraction,,
"10592491_2025_Turner v. Autumn Lake Property Owners Association, Inc._txsd","Dennis Turner and Darlene Brooks v. Autumn Lake Property Owners Association, Inc.",S.D. Tex.,2025,10592491,https://www.courtlistener.com/api/rest/v4/clusters/10592491/,RA; 3604; claims; csv; phase1_patch,on file with author,0a57bbcb4075341e51c39af8b03bef3d85b9d77cb94c1cc46b6ea17699ec8bc1
10592503_2025_St. Clair v. George_txnd,Daniel St. Clair v. Leonard Bernard George,N.D. Tex.,2025,10592503,https://www.courtlistener.com/api/rest/v4/clusters/10592503/,RA; claims; csv; phase1_patch; phase2_extraction,,
10593189_2025_Krause v. KCG Development_nywd,"Anne Lauren Krause v. KCG Development, LLC and Landsman Real Estate Company",W.D.N.Y.,2025,10593189,https://www.courtlistener.com/api/rest/v4/clusters/10593189/,RA; claims; csv,,
10593206_2025_MAINVILLE v. DE SANTIS_ncmd,"Charity Mainville v. Anna De Santis and De Santis Rentals, LLC",M.D.N.C.,2025,10593206,https://www.courtlistener.com/api/rest/v4/clusters/10593206/,RA; claims; csv; phase1_patch,,
10593316_2025_Michel-Wiggins v. Jes Holdings LLC_moed,"Mirlande Dina Michel-Wiggins v. Jes Holdings, LLC, et al.",E.D. Mo.,2025,10593316,https://www.courtlistener.com/api/rest/v4/clusters/10593316/,RA; 3604; claims; csv,on file with author,5a8de2d5acb2a4239835dfab5cde3876fb2257cbc3cb2e3281b2083500939a30
10593559_2025_Rivers v. Parkchester Condominium Complex_nysd,"Adrian Oree v. Parkchester Condominium Complex, PPC Residential, LLC, Parkchester Preservation Management LLC, Parkchester Preservation Company, LP",S.D.N.Y.,2025,10593559,https://www.courtlistener.com/api/rest/v4/clusters/10593559/,RA; 3604; claims; csv; phase1_patch,,
10593595_2025_Empire Community Development LLC v. Walters_nysd,,,,10593595,https://www.courtlistener.com/api/rest/v4/clusters/10593595/,RA; 3604; claims; csv,,
10594319_2025_Randle v. Pearson_innd,"April Elisha Randle v. Shardai Pearson, et al.",N.D. Ind.,2025,10594319,https://www.courtlistener.com/api/rest/v4/clusters/10594319/,RA; claims; csv,on file with author,e151185174c0edd19b886c83b92d9e91cfe61b84e78efa4ee3c901bd53c1b9df
10594466_2025_Hunt v. Volare Health LLC_ord,Karla Hunt v. Volare Health LLC,D. Or.,2025,10594466,https://www.courtlistener.com/api/rest/v4/clusters/10594466/,RA; 3604; claims; csv,on file with author,1f48a743e86562c2694128acc2ac70253b319a74dcab6689a733ed9e156855ce
10594578_2025_Glover v. Elevate Property Management_ned,Kenneth Glover v. Elevate Property Management and MFR-XVIII Jones LLC,D. Neb.,2025,10594578,https://www.courtlistener.com/api/rest/v4/clusters/10594578/,RA; claims; csv; phase1_patch,,
10594865_2025_Jennifer Oldham v. Penn State University_ca3,,,,10594865,https://www.courtlistener.com/api/rest/v4/clusters/10594865/,RA; claims; csv,,
"10595151_2025_LEZARK v. I.C. SYSTEM, INC._pawd",,,,10595151,https://www.courtlistener.com/api/rest/v4/clusters/10595151/,RA; 3604; claims; csv,,
10595244_2025_Askins v. Prestige Management Inc._nysd,Delroy Askins v. Prestige Management Inc.,S.D.N.Y.,2025,10595244,https://www.courtlistener.com/api/rest/v4/clusters/10595244/,RA; 3604; claims; csv,on file with author,3d9c81372442da791786450b31479d6b84550fb81488c141f450de53a862dffb
"10595257_2025_HOWARD v. LVNV FUNDING, LLC_pawd",,,,10595257,https://www.courtlistener.com/api/rest/v4/clusters/10595257/,RA; 3604; claims; csv,,
10595841_2025_Santiago v. Chill_kywd,"Alberto James Santiago Sr. v. Elishia Chill, et al.",W.D. Ky.,2025,10595841,https://www.courtlistener.com/api/rest/v4/clusters/10595841/,RA; claims; csv,on file with author,cbd17f71a849213b2c00c00f1f36052fb0ee3653d20ce06c94cafc94c03497d6
10595996_2025_Ballantyne v. Guenther Management LLC_waed,Nathaniel Manny Ballantyne v. Guenther Management LLC,E.D. Wash.,2025,10595996,https://www.courtlistener.com/api/rest/v4/clusters/10595996/,RA; 3604; claims; csv,,
10596119_2025_Ballentine v. Bowery Residence Committee_nyed,Quintin J. Ballentine v. Bowery Residence Committee,S.D.N.Y.,2025,10596119,https://www.courtlistener.com/api/rest/v4/clusters/10596119/,RA; claims; csv; phase1_patch,,
10597729_2025_Lundgren v. Ashton Glenn HOA_scd,"Claran Lundgren v. Ashton Glenn H.O.A. c/o Wacammaw Management, and Bob Sauthoff",D.S.C.,2025,10597729,https://www.courtlistener.com/api/rest/v4/clusters/10597729/,RA; claims; csv,,
10597946_2025_Howell v. Upgrade Inc_scd,,,,10597946,https://www.courtlistener.com/api/rest/v4/clusters/10597946/,RA; claims; csv,,
10598009_2025_Scoggins v. Falcon Court_caed,Scoggins v. Falcon Court,E.D. Cal.,2025,10598009,https://www.courtlistener.com/api/rest/v4/clusters/10598009/,RA; 3604; claims; csv,on file with author,2734c1bcda4ed94e7479298987c53eaaf6e6d4cafcbacc2d083e3e07b83c20d7
10598089_2025_(PS) Moore v. C.F.Y. Development Inc._caed,"Charlesetta Moore, SR. v. C.F.Y. Development Inc., et al.",E.D. Cal.,2025,10598089,https://www.courtlistener.com/api/rest/v4/clusters/10598089/,RA; 3604; claims; csv,on file with author,3dc452cd3fd3bc01ac6e64179963543c4ac7cb963fb201135bd0281279f8c8e7
10598169_2025_Gorawara v. Caprio_ca2,Gorawara v. Caprio,2d Cir.,2025,10598169,https://www.courtlistener.com/api/rest/v4/clusters/10598169/,RA; claims; csv,,
10598549_2025_Temple v. Reliance First Capital LLC_alnd,,,,10598549,https://www.courtlistener.com/api/rest/v4/clusters/10598549/,RA; claims; csv,,
10599227_2025_Tenn. State Conference of the NAACP v. William Lee_ca6,,,,10599227,https://www.courtlistener.com/api/rest/v4/clusters/10599227/,RA; claims; csv,,
10599396_2025_Brock v. County of Fresno_caed,,,,10599396,https://www.courtlistener.com/api/rest/v4/clusters/10599396/,3604; claims,,
10599504_2025_Calhoun v. The Greens at Lake Overholser_okwd,Yolanda Calhoun v. The Greens at Lake Overholser,W.D. Okla.,2025,10599504,https://www.courtlistener.com/api/rest/v4/clusters/10599504/,RA; claims; csv; phase1_patch,,
10599577_2025_ROSADO v. THE CITY OF CHESTER COUNTY PENNSYLVANIA_paed,"Geronimo F. Rosado, Jr. v. The City of Chester County, Pennsylvania, et al.",E.D. Pa.,2025,10599577,https://www.courtlistener.com/api/rest/v4/clusters/10599577/,RA; claims; csv,on file with author,21615594f681a5d55843e819764b5286701eabb46259e7aa45a5a5315b54b3b0
10600082_2024_FDA v. Alliance for Hippocratic Medicine_scotus,,,,10600082,https://www.courtlistener.com/api/rest/v4/clusters/10600082/,RA; claims; csv,,
10600345_2025_Thorson v. Hawaii Public Housing Authority_hid,"Laurie Thorson v. Hawaii Public Housing Authority, Hakim Ouansafi, Ryan Akamine, and Lyle Matsuura",D. Haw.,2025,10600345,https://www.courtlistener.com/api/rest/v4/clusters/10600345/,RA; 3604; claims; csv,,
"10600430_2025_El Camino, LLC v. City of South Saint Paul, Minnesota_mnd","El Camino, LLC v. City of South Saint Paul, Minnesota",D. Minn.,2025,10600430,https://www.courtlistener.com/api/rest/v4/clusters/10600430/,RA; claims; csv,,
"10601202_2025_Albert Pickett, Jr. v. City of Cleveland, OH_ca6","Albert Pickett, Jr. et al. v. City of Cleveland, Ohio",6th Cir.,2025,10601202,https://www.courtlistener.com/api/rest/v4/clusters/10601202/,RA; 3604; claims; csv,,
10602120_2025_Lepp v. Mallett_mied,"Heidi Grossman Lepp v. Conrad Mallet, Jr.",E.D. Mich.,2025,10602120,https://www.courtlistener.com/api/rest/v4/clusters/10602120/,RA; 3604; claims; csv,on file with author,8054e87652af7b4c06952c2406ded50b95c8ae5063fc3dc47d37de9442fdaf37
10602168_2025_Ellis-Sanders v. Guardian Piazza D'Oro LLC_casd,"Oudree Ellis-Sanders, et al v. Guardian Piazza D'Oro LLC, et al",S.D. Cal.,2025,10602168,https://www.courtlistener.com/api/rest/v4/clusters/10602168/,RA; claims; csv; phase1_patch,,
10602426_2025_Kindle v. Moore_ilsd,Edward Kindle v. Paula Carrey Moore,S.D. Ill.,2025,10602426,https://www.courtlistener.com/api/rest/v4/clusters/10602426/,RA; claims; csv,on file with author,3e33f6fb5bdb5c7b8c300e80277c4b849c7077790493194688805cb5d7bc3a1d
10603090_2025_Dodev v. D.R. Horton Incorporated_azd,"Ivaylo Dodev, et al. v. D.R. Horton Incorporated, et al.",D. Ariz.,2025,10603090,https://www.courtlistener.com/api/rest/v4/clusters/10603090/,RA; 3604; claims; csv,on file with author,c0320ac47b17b695667924f6307e6e6cde724392403e8bd99924db5fd4af8b38
10603130_2025_Ridge Point Apartments v. ThompsonCase remanded to Harris County Court at Lat No. 1._txsd,Ridge Point Apartments v. Thompson,S.D. Tex.,2025,10603130,https://www.courtlistener.com/api/rest/v4/clusters/10603130/,RA; claims; csv,,
10603183_2025_JONES v. FEATHERSTONE CONDOMINIUM HOMEOWNERS ASSOCIATION INC_gamd,Quincy Bernard Jones v. Featherstone Condominium Homeowners Association Inc.,M.D. Ga.,2025,10603183,https://www.courtlistener.com/api/rest/v4/clusters/10603183/,RA; 3604; claims; csv,on file with author,75fbf6381d34fd8fc1de962fb5df69890eb1e3e1274e9e29ee43ad70687eeef7
"10603204_2025_Lester v. Bamboo Broadway, LLC_moed","Tasha M. Lester v. Bamboo Broadway, LLC",E.D. Mo.,2025,10603204,https://www.courtlistener.com/api/rest/v4/clusters/10603204/,RA; 3604; claims; csv,on file with author,dc94cb2a2a5a83da04e810c28e8729af1e905fe27bf7c195c784197db34db37c
10603332_2025_Kenneth S. Taylor v. Judge Michael C. Martin_cacd,Kenneth S. Taylor et al. v. Judge Michael C. Martin et al.,C.D. Cal.,2025,10603332,https://www.courtlistener.com/api/rest/v4/clusters/10603332/,RA; claims; csv,,
"10604110_2025_Benvin v. Inkster, City of_mied",Benvin v. City of Inkster,E.D. Mich.,2025,10604110,https://www.courtlistener.com/api/rest/v4/clusters/10604110/,RA; claims; csv,on file with author,dc20dcc8f39601eb85f15c6be1f95d285f2d0e900bd6885991e40c5753176fc9
10604625_2025_Doe v. Spillman Ranch Homes LP_txwd,"Jane Doe v. Spillman Ranch Homes, LP and The NRP Group",W.D. Tex.,2025,10604625,https://www.courtlistener.com/api/rest/v4/clusters/10604625/,RA; 3604; claims; csv,,
10604645_2025_Garay v. City of Las Vegas_nvd,,,,10604645,https://www.courtlistener.com/api/rest/v4/clusters/10604645/,RA; claims; csv,,
10604719_2025_Cooper v. Chicago Housing Authority_ilnd,Lynya Cooper v. Chicago Housing Authority,N.D. Ill.,2025,10604719,https://www.courtlistener.com/api/rest/v4/clusters/10604719/,RA; 3604; claims; csv; phase1_patch,,
"10604805_2025_Hinton v. Cochise, County of_azd","Marcus Hinton, et al. v. County of Cochise, et al.",D. Ariz.,2025,10604805,https://www.courtlistener.com/api/rest/v4/clusters/10604805/,RA; 3604; claims; csv,on file with author,ec92cfea6f09c23347602093377fe190ed183bc287996f84f9530d4b39b38f55
"10605679_2025_T_R Properties, Inc v. Berlin Township_ohsd","T&R Properties, Inc. v. Berlin Township",S.D. Ohio,2025,10605679,https://www.courtlistener.com/api/rest/v4/clusters/10605679/,RA; claims; csv,,
10605847_2025_(PS) James v. Metzger Mgt. Co._caed,Anthony Alexander James v. Matzger Management Company,E.D. Cal.,2025,10605847,https://www.courtlistener.com/api/rest/v4/clusters/10605847/,RA; claims; csv; phase1_patch; phase2_extraction,,
10609257_2025_McLain v. Sedgwick County Sheriff's Office_ksd,McLain v. Sedgwick County Sheriff's Office,D. Kan.,2025,10609257,https://www.courtlistener.com/api/rest/v4/clusters/10609257/,RA; claims; csv; phase1_patch,,
10609279_2025_CLARK v. PNC BANK_paed,Joy Lucretia Clark v. PNC Bank,E.D. Pa.,2025,10609279,https://www.courtlistener.com/api/rest/v4/clusters/10609279/,RA; 3604; claims; csv; phase1_patch,on file with author,b830643edce4830f7181d48a211c4fb84a1bd9731e9445b8e7986159adbf4731
10610020_2025_United States v. Skrmetti_scotus,,,,10610020,https://www.courtlistener.com/api/rest/v4/clusters/10610020/,RA; claims; csv,,
"10613505_2025_White Lake Caddis, LLC v. White Lake, Charter Township of_mied","White Lake Caddis, LLC v. Charter Township of White Lake",E.D. Mich.,2025,10613505,https://www.courtlistener.com/api/rest/v4/clusters/10613505/,RA; claims; csv,,
"10614302_2025_Mills Pond Grp., LLC v. Town of Smithtown_ca2","Mills Pond Grp., LLC v. Town of Smithtown",2nd Cir.,2025,10614302,https://www.courtlistener.com/api/rest/v4/clusters/10614302/,RA; claims; csv,,
10614323_2025_FDA v. R. J. Reynolds Vapor Co._scotus,,,,10614323,https://www.courtlistener.com/api/rest/v4/clusters/10614323/,RA; claims; csv,,
10614918_2025_Scoggins v. Falcon Court_caed,Danell R. Scoggins v. Falcon Court and Turning Point of Central California,E.D. Cal.,2025,10614918,https://www.courtlistener.com/api/rest/v4/clusters/10614918/,RA; claims; csv; phase1_patch,on file with author,e3647233429b3c2361de65ea9148297835f7ee8fa5c2c78ad046563943dc6ae2
10615091_2025_Affinity Recovery Center LLC v. Town Commissioners of Sudlersville_ca4,Affinity Recovery Center LLC v. Town Commissioners of Sudlersville,4th Cir.,2025,10615091,https://www.courtlistener.com/api/rest/v4/clusters/10615091/,RA; claims; csv; phase1_patch; phase2_extraction,,
10615231_2025_Victoria v. Palmer_scd,,,,10615231,https://www.courtlistener.com/api/rest/v4/clusters/10615231/,RA; claims; csv,,
10615697_2025_Audette v. Lake of the Woods County_mnd,,,,10615697,https://www.courtlistener.com/api/rest/v4/clusters/10615697/,RA; claims; csv,,
"10618057_2025_United States v. AION Management, LLC_ded","United States v. AION Management, LLC",D. Del.,2025,10618057,https://www.courtlistener.com/api/rest/v4/clusters/10618057/,3604; claims; csv,,
10619198_2025_Arocho v. Chicopee Housing Authority_mad,Arocho v. Chicopee Housing Authority,D. Mass.,2025,10619198,https://www.courtlistener.com/api/rest/v4/clusters/10619198/,RA; 3604; claims; csv,on file with author,f68d225157afe6f28ca88a81bf6ee77da056bc978d7d13efba8add3c60b31a37
"10620529_2025_Craven, Amanda v. Knaak, Karyn_wiwd",Amanda Craven v. Karyn Knaak and Dane County Housing Authority,W.D. Wis.,2025,10620529,https://www.courtlistener.com/api/rest/v4/clusters/10620529/,RA; claims; csv,on file with author,d2a9a631b8e0850d81c46fc5cfc108d73457f9c18db0e7258677d801855694a9
10621346_2025_Calloway v. Morgan_okwd,"Donna Calloway v. Kenyon Morgan, as agent of Prime Time Housing, LLC, and individually, et al.",W.D. Okla.,2025,10621346,https://www.courtlistener.com/api/rest/v4/clusters/10621346/,RA; 3604; claims; csv,,
10621495_2025_Shaw v. Habitat for Humanity_tnwd,"Tekeva Shaw v. Habitat for Humanity, et al.",W.D. Tenn.,2025,10621495,https://www.courtlistener.com/api/rest/v4/clusters/10621495/,RA; claims; csv; phase2_extraction,,
10621722_2025_Waheed v. Park_nysd,"Sehra Waheed v. Molly Wasow Park, et al.",S.D.N.Y.,2025,10621722,https://www.courtlistener.com/api/rest/v4/clusters/10621722/,RA; claims; csv; phase1_patch,on file with author,f292c3ed6dbb0f80f5a1ca3d8d9ae418111e8a41b17e0041d89986749b2fb18d
10622451_2025_Gilbert v. Tucson Realty _ Trust Company Management Services LLC_azd,Shenoa Gilbert v. Tucson Realty & Trust Company Management Services LLC,D. Ariz.,2025,10622451,https://www.courtlistener.com/api/rest/v4/clusters/10622451/,RA; 3604; claims; csv,on file with author,27aa844f041f13ad07a20a8b75e3061b123439d89ba5c810aa8e7e4059629dab
"10623304_2025_Valentine v. Granville Realty, Inc._caed","Valentine v. Granville Realty, Inc.",E.D. Cal.,2025,10623304,https://www.courtlistener.com/api/rest/v4/clusters/10623304/,RA; 3604; claims; csv,,
"10623897_2025_Sutton v. Penny Mac Loan Services, LLC_tnmd",,,,10623897,https://www.courtlistener.com/api/rest/v4/clusters/10623897/,RA; claims; csv,,
10624350_2025_Charugundla v. Lasala_nysd,"Charugundla v. First, M.D.",S.D.N.Y.,2025,10624350,https://www.courtlistener.com/api/rest/v4/clusters/10624350/,RA; claims; csv,,
10625307_2025_Harvey v. Maxwell _ Morgan P.C._azd,"TL Harvey v. Maxwell & Morgan P.C., et al.",D. Ariz.,2025,10625307,https://www.courtlistener.com/api/rest/v4/clusters/10625307/,RA; claims; csv; phase1_patch,,
"10625570_2025_Smith v. Resipro, LLC_ilnd","Smith v. ResiPro, LLC",N.D. Ill.,2025,10625570,https://www.courtlistener.com/api/rest/v4/clusters/10625570/,RA; claims; csv,on file with author,c1755ef3e048e18a8b944ce014503a90e7da63e5d8f68a9c34b449543b48d6eb
10625741_2025_Calderon v. City of New York_nysd,Jason Calderon v. City of New York,S.D.N.Y.,2025,10625741,https://www.courtlistener.com/api/rest/v4/clusters/10625741/,RA; claims; csv,,
10626360_2025_Earle v. Manchester Village Owners Association Inc_wied,"Dawn N. Earle v. Manchester Village Owners Association Inc, et al.",E.D. Wis.,2025,10626360,https://www.courtlistener.com/api/rest/v4/clusters/10626360/,RA; 3604; claims; csv,,
10626608_2025_Lost Lake Holdings LLC v. Town of Forestburgh_nysd,Lost Lake Holdings LLC v. Town of Forestburgh,S.D.N.Y.,2025,10626608,https://www.courtlistener.com/api/rest/v4/clusters/10626608/,RA; claims; csv,,
"10626945_2025_Exline-Johnson v. Rosser Properties, LLC_oknd","Cynthia Exline-Johnson v. Rosser Properties, LLC",N.D. Okla.,2025,10626945,https://www.courtlistener.com/api/rest/v4/clusters/10626945/,RA; 3604; claims; csv,,
10631726_2025_Ballentine v. Cares for the Homeless_nysd,Quentin Ballentine v. Cares for the Homeless,S.D.N.Y.,2025,10631726,https://www.courtlistener.com/api/rest/v4/clusters/10631726/,RA; claims; csv,on file with author,af79eb734cf56ce7b82f81af7479a9c11314c52250107b1abc91ecd24256246b
10631949_2025_MAY v. ERIE COUNTY_pawd,"John May v. Erie County, et al.",W.D. Pa.,2025,10631949,https://www.courtlistener.com/api/rest/v4/clusters/10631949/,RA; 3604; claims; csv,on file with author,0d22f7ccc41f9c390cf737f2de651dbe98cffa130c9b85dd73aaf1a9f456198e
10632080_2025_Bainbridge v. Garland_pamd,,,,10632080,https://www.courtlistener.com/api/rest/v4/clusters/10632080/,RA; claims; csv,,
10632090_2025_Mendoza-Lebron v. Adams_nyed,Mendoza-Lebron v. Adams,E.D.N.Y.,2025,10632090,https://www.courtlistener.com/api/rest/v4/clusters/10632090/,RA; 3604; claims; csv,on file with author,032e316be45c46a314e1e47500ee45db2c6c0b1876774cd9f11764a8115c20b2
10632188_2025_Brockway v. Petschke Trust No. 102_ilnd,Sarah Brockway v. Arlene L. Petschke Trust No. 102,N.D. Ill.,2025,10632188,https://www.courtlistener.com/api/rest/v4/clusters/10632188/,RA; 3604; claims; csv,,
10632268_2025_Drummer v. Southern Nevada Regional Housing Authority_nvd,"Shirley M. Drummer v. Southern Nevada Regional Housing Authority, et al.",D. Nev.,2025,10632268,https://www.courtlistener.com/api/rest/v4/clusters/10632268/,RA; claims; csv,on file with author,d6b24e629f6089cdc64616cb40e60519bde315ffd2cbd95a0732f60aaf3fde4b
10632353_2025_Waheed v. Ballon Stoll Bader and Nadler PC_nysd,"Sehra Waheed v. Ballon Stoll Bader and Nadler PC, et al.",S.D.N.Y.,2025,10632353,https://www.courtlistener.com/api/rest/v4/clusters/10632353/,RA; claims; csv; phase1_patch,on file with author,38a6ede80318953194e04023f22724d1a8c79cf420e734f486d8ff74cf15216e
10632921_2025_Lee v. HUD Housing Attorney_wied,Oliver A. Lee v. HUD Housing Attorney,E.D. Wis.,2025,10632921,https://www.courtlistener.com/api/rest/v4/clusters/10632921/,RA; claims; csv,,
10633153_2025_Saitta v. Greystar_casd,Saitta v. Greystar,S.D. Cal.,2025,10633153,https://www.courtlistener.com/api/rest/v4/clusters/10633153/,RA; claims; csv,,
10633211_2025_Avila v. Davis_nysd,,,,10633211,https://www.courtlistener.com/api/rest/v4/clusters/10633211/,RA; claims; csv,,
10633642_2025_Lopez v. United States_cafc,,,,10633642,https://www.courtlistener.com/api/rest/v4/clusters/10633642/,RA; claims; csv,,
"10634116_2025_Carroway v. Cepco Management Services, LLC_nced","Carroway v. Cepco Management Services, LLC",E.D.N.C.,2025,10634116,https://www.courtlistener.com/api/rest/v4/clusters/10634116/,RA; claims; csv; phase1_patch,on file with author,6bbaa7612e4d6faebdae3a7178b3b037c169b2ee3ef74c8612df52b3dbc08c3c
10634273_2025_Felicie v. Hill_nysd,"Bobby Felicie v. Octavia Hill, Assistant Inspector General of DOI",S.D.N.Y.,2025,10634273,https://www.courtlistener.com/api/rest/v4/clusters/10634273/,RA; claims; csv,on file with author,fb2d37dd89cd5b8868fe7ea90023cfb7dd408e9b8e1d4319adf8b39bcac6f067
"10634417_2025_Group Home on Gibson Island, LLC v. Gibson Island Corporation_ca4","Group Home on Gibson Island, LLC v. Gibson Island Corporation",4th Cir.,2025,10634417,https://www.courtlistener.com/api/rest/v4/clusters/10634417/,RA; 3604; claims; csv,,
10634673_2025_United States v. METHUSELAH TREE LLC_med,"United States of America v. Methuselah Tree, LLC",D. Me.,2025,10634673,https://www.courtlistener.com/api/rest/v4/clusters/10634673/,p3ext_20260703,,
10634689_2025_United States v. METHUSELAH TREE LLC_med,"United States of America v. Methuselah Tree, LLC",D. Me.,2025,10634689,https://www.courtlistener.com/api/rest/v4/clusters/10634689/,p3ext_20260703,,
10634751_2025_Ferraraccio v. New Peoples Bank_wvsd,Anna White Ferraraccio v. New Peoples Bank,S.D.W.V.,2025,10634751,https://www.courtlistener.com/api/rest/v4/clusters/10634751/,RA; claims; csv; phase1_patch,,
10634768_2025_Thompson v. PennyMac Loan Services LLC_mad,"Dawn Thompson v. Evolve Bank & Trust and PennyMac Loan Services, LLC",D. Mass.,2025,10634768,https://www.courtlistener.com/api/rest/v4/clusters/10634768/,RA; claims; csv; phase1_patch,on file with author,c94a5cf63ee702ae13f233d36343dd93d732a07762d8a47f21927adbaea37122
"10634783_2025_McCready v. Unity Sober Living Homes, LLC_paed","John McCready v. Unity Sober Living Homes, LLC, RE/MAX Achievers",E.D. Pa.,2025,10634783,https://www.courtlistener.com/api/rest/v4/clusters/10634783/,RA; 3604; claims; csv,,
"10636459_2025_Derby v. Pleasant Beach Mobile Home Resort, LLC_mied","Joshua Derby, Alyssia Warren, and Z.D., a minor v. Pleasant Beach Mobile Home Resort, LLC",E.D. Mich.,2025,10636459,https://www.courtlistener.com/api/rest/v4/clusters/10636459/,RA; 3604; claims; csv,on file with author,a3a1e06939c3380fca2a375043da3e40250016ce3f649dc0fca09adc5f18e847
10636489_2025_Connolly v. Lanham_mdd,Connolly v. Lanham,D. Md.,2025,10636489,https://www.courtlistener.com/api/rest/v4/clusters/10636489/,RA; 3604; claims; csv,,
"10636620_2025_Millerborg v. Blue Bonnet Trail, LLC_txnd","Casey Millerborg v. Blue Bonnet Trail LLC, et al.",N.D. Tex.,2025,10636620,https://www.courtlistener.com/api/rest/v4/clusters/10636620/,3604; claims; csv,on file with author,da370c86cd9ade69f06ea6f44750e2b744cee1a18185a7c3e1937bf0adc93ef7
10636993_2025_Immigrant Defenders Law Center v. Noem_ca9,,,,10636993,https://www.courtlistener.com/api/rest/v4/clusters/10636993/,RA; claims; csv,,
10637254_2025_Moon v. Jovanelly_scd,"Justin Moon v. Amber Jovanelly; Southern Dreams Realty, LLC",D.S.C.,2025,10637254,https://www.courtlistener.com/api/rest/v4/clusters/10637254/,RA; claims; csv; phase1_patch,on file with author,dadcce8f16b821fe6c643d006077d2944c21f4f4fdd14e3c009cf7b7d07d9ad8
10637328_2025_HAYWOOD v. WARNER ROBINS HOUSING AUTHORITY_gamd,"Stephanie Haywood v. Warner Robins Housing Authority, Africa Porter, Reginald Early, Robert Gidney, Andre Washington, Kesha Bray, Betty Ann Faulks, and John Does 1-10",M.D. Ga.,2025,10637328,https://www.courtlistener.com/api/rest/v4/clusters/10637328/,RA; claims; csv; phase1_patch,,
"10638097_2025_National Fair Housing Alliance v. Bank of America, National Association_mdd","National Fair Housing Alliance, et al. v. Bank of America, N.A., et al.",D. Md.,2025,10638097,https://www.courtlistener.com/api/rest/v4/clusters/10638097/,RA; 3604; claims; csv,,
10639970_2025_McNeil v. Van Houten_nynd,,,,10639970,https://www.courtlistener.com/api/rest/v4/clusters/10639970/,RA; claims; csv,,
10640581_2025_Arrington v. Tm Associates Management Inc._dcd,,,,10640581,https://www.courtlistener.com/api/rest/v4/clusters/10640581/,RA; claims; csv,,
10641808_2025_Kelly v. Max Federal Credit Union (MAG+)_almd,"Gregory Kelly, et al. v. Max Federal Credit Union, et al.",M.D. Ala.,2025,10641808,https://www.courtlistener.com/api/rest/v4/clusters/10641808/,RA; claims; csv,on file with author,a567fee276cd9c57e6e7141f07214902a46ab9d77fc3441fcf703f2ea48aa67a
"10641859_2025_Valentine v. Granville Realty, Inc._caed","Valentine v. Granville Realty, Inc.",E.D. Cal.,2025,10641859,https://www.courtlistener.com/api/rest/v4/clusters/10641859/,RA; claims; csv,,
10641899_2025_(PS) Ortiz v. Mull_caed,"Henry Ortiz v. Doug V. Mull, et al.",E.D. Cal.,2025,10641899,https://www.courtlistener.com/api/rest/v4/clusters/10641899/,RA; 3604; claims; csv,on file with author,c31efdf4fa79f799b2105ecf8c822419141be39e3b818ca212b5bc5c37212d67
10642195_2025_National Fair Housing Alliance v. Department of Housing and Urban Development_dcd,National Fair Housing Alliance v. U.S. Department of Housing and Urban Development,D.D.C.,2025,10642195,https://www.courtlistener.com/api/rest/v4/clusters/10642195/,RA; 3604; claims; csv; phase1_patch,,
10643736_2025_United States v. Freeman_ca1,,,,10643736,https://www.courtlistener.com/api/rest/v4/clusters/10643736/,RA; claims; csv,,
10643891_2025_Coalition for Open Democracy v. Formella_nhd,,,,10643891,https://www.courtlistener.com/api/rest/v4/clusters/10643891/,RA; claims; csv,,
10643981_2025_Fussell v. Sun Vista RV Resort LLC_azd,Fussell v. Sun Vista RV Resort LLC,D. Ariz.,2025,10643981,https://www.courtlistener.com/api/rest/v4/clusters/10643981/,RA; 3604; claims; csv,on file with author,9e7c87281e21a3975b005006c417d6f156a1e49b549c381808019171a8c9714a
"10644016_2025_Parks v. Thrive Property Management Group, Inc._txsd","Donna Parks v. Thrive Property Management Group, Inc.",S.D. Tex.,2025,10644016,https://www.courtlistener.com/api/rest/v4/clusters/10644016/,RA; claims; csv; phase1_patch,,
10644107_2025_Ballentine v. Bowery Residence Committee_nyed,Ballentine v. Bowery Residents' Committee,E.D.N.Y.,2025,10644107,https://www.courtlistener.com/api/rest/v4/clusters/10644107/,RA; 3604; claims; csv,on file with author,82ec5dabc341a518f44695c198182738d0910c154aad3666cc310576875b4537
10644804_2025_Derhem v. Bay House Miami Condominium Association_flsd,"Kanayo Derhem and Mojtaba E. Koosej v. Bay House Miami Condominium Association, et al.",S.D. Fla.,2025,10644804,https://www.courtlistener.com/api/rest/v4/clusters/10644804/,RA; claims; csv,,
10644815_2025_Derhem v. Bay House Miami Condominium Association_flsd,Kanayo Derhem et al. v. Bay House Miami Condominium Association et al.,S.D. Fla.,2025,10644815,https://www.courtlistener.com/api/rest/v4/clusters/10644815/,RA; claims; csv,,
"10644821_2025_Cornerstone Residential Management, LLC v. Smith_gasd",,,,10644821,https://www.courtlistener.com/api/rest/v4/clusters/10644821/,RA; claims; csv,,
10645062_2025_Peters v. Caton Towers Owners Corp._nyed,Jacqueline Peters v. Cafton Towers Owners Corp.,E.D.N.Y.,2025,10645062,https://www.courtlistener.com/api/rest/v4/clusters/10645062/,RA; 3604; claims; csv,,
10645226_2025_(PS) Roberts v. Sacramento Housing _ Redevelopment Agency_caed,Sydney Brooke Roberts and David Tyrone Samuel v. Sacramento Housing & Redevelopment Agency,E.D. Cal.,2025,10645226,https://www.courtlistener.com/api/rest/v4/clusters/10645226/,RA; claims; csv; phase1_patch,,
10645870_2025_Sause v. Schwager_ksd,"Mary Anne Sause v. Mid America Management, et al.",D. Kan.,2025,10645870,https://www.courtlistener.com/api/rest/v4/clusters/10645870/,RA; claims; csv; phase1_patch,on file with author,7a7535b1162caabf13245c8abefbd6fe598c301ab3d5786ddb112491447d714a
10645920_2025_Gonzalez v. Mongo_txsd,"Lillian Gonzalez v. Cheryl Mongo, et al.",S.D. Tex.,2025,10645920,https://www.courtlistener.com/api/rest/v4/clusters/10645920/,RA; claims; csv; phase1_patch,on file with author,f785e66baff347daedff6d3918b371a14fa1a0077ba4b549a1b87974dfd86a31
10645951_2025_Fernandez v. Hines Corporation_mad,"K.F., a Minor, by and through His Legal Guardian Sandra Fernandez v. Hines Corporation, et al.",D. Mass.,2025,10645951,https://www.courtlistener.com/api/rest/v4/clusters/10645951/,RA; claims; csv; phase1_patch,,
10646007_2025_FEINGOLD v. ERIE INSURANCE EXCHANGE_paed,Allen Feingold v. Erie Insurance Exchange,E.D. Pa.,2025,10646007,https://www.courtlistener.com/api/rest/v4/clusters/10646007/,RA; 3604; claims; csv; phase1_patch,on file with author,604585833ca3c0d23441b7df0426f461338a33cec50fc302bfc3907039a51d2e
10646016_2025_HILL v. PHILADELPHIA HOUSING AUTHORITY (PHA)_paed,Jasmine Hill v. Philadelphia Housing Authority,E.D. Pa.,2025,10646016,https://www.courtlistener.com/api/rest/v4/clusters/10646016/,RA; 3604; claims; csv,on file with author,4036d98436e67cc078ad3e0b069ff6191bb7a4892e2a241b464a00c72e34473a
"10646262_2025_Chosen Consulting, LLC v. Town Council of Highland, Indiana_ca7",,,,10646262,https://www.courtlistener.com/api/rest/v4/clusters/10646262/,RA; 3604; claims; csv,,
"10646930_2025_Canoe Creek Neighborhood Association, Inc. v. Douse_flmd",,,,10646930,https://www.courtlistener.com/api/rest/v4/clusters/10646930/,RA; claims; csv,,
10647503_2025_Lee v. Twin Hawks Airpark LLC_azd,"Sharon Lee, et al. v. Twin Hawks Airpark LLC, et al.",D. Ariz.,2025,10647503,https://www.courtlistener.com/api/rest/v4/clusters/10647503/,RA; claims; csv; phase1_patch,,
"10647541_2025_Montgomery, Jr. - Adams-II v. Anderson_laed","Cindy Adams v. Consuelleo Anderson, et al.",E.D. La.,2025,10647541,https://www.courtlistener.com/api/rest/v4/clusters/10647541/,RA; claims; csv,on file with author,bab8b8f92f3c22315ce11462b83f9111e7be516fd2396d6dec2e56a803d5d8bb
10647836_2025_Gadson v. Riverbay Corporation_nysd,Gregory Austin Gadson v. Riverbay Corporation,S.D.N.Y.,2025,10647836,https://www.courtlistener.com/api/rest/v4/clusters/10647836/,RA; claims; csv; phase1_patch,on file with author,0ce9b3e157c3f52d163e1241994817b1c9f7516b925c4a7f3a4582e882b3e5c1
"10648540_2025_Son v. Oakmount Properties-Azure, LLC_nvd","Dominic Son v. Oakmont Properties-Azure, LLC",D. Nev.,2025,10648540,https://www.courtlistener.com/api/rest/v4/clusters/10648540/,RA; 3604; claims; csv,on file with author,7b3429bae813d44e63110d494bb89dcc6969e2e828882e6a3f610c68365eebd6
10648578_2025_(PS) Holmstrand v. Mercy Housing of California_caed,Holmstrand v. Mercy Housing of California,E.D. Cal.,2025,10648578,https://www.courtlistener.com/api/rest/v4/clusters/10648578/,RA; 3604; claims; csv,on file with author,09c5ff0faa1bdabd2312bbe549f1f589bbd75032cfc9edfb8aa35550ddeb4dff
10649251_2025_Tafah v. Lake Village Townhomes_mdd,Bolima Tafah v. Lake Village Townhomes et al.,D. Md.,2025,10649251,https://www.courtlistener.com/api/rest/v4/clusters/10649251/,RA; claims; csv,,
10649312_2025_Chrysanthus v. Stedke_ohnd,Chrysanthus v. Stedke,N.D. Ohio,2025,10649312,https://www.courtlistener.com/api/rest/v4/clusters/10649312/,RA; claims; csv; phase1_patch,on file with author,a3f0c06dc4d3e09a63a427d4ebccc7449f5d40469ff2bfa4bac941aeff1674f4
"10649340_2025_McBride v. Housing Authority of the County of Jackson, Illinois_ilsd","Shelby McBride v. Housing Authority of the County of Jackson, Illinois",S.D. Ill.,2025,10649340,https://www.courtlistener.com/api/rest/v4/clusters/10649340/,RA; claims; csv,,
"10649506_2025_Avila v. ACACIA Network, Inc._nysd","Jimmy Avila v. ACACIA Network, Inc. et al.",S.D.N.Y.,2025,10649506,https://www.courtlistener.com/api/rest/v4/clusters/10649506/,RA; 3604; claims; csv,on file with author,223f0b25357bccdbc8087213bcf3a01c1d2220c042d363ed7296a9c1ef891a77
10649537_2025_Thomas v. Apple_nysd,,,,10649537,https://www.courtlistener.com/api/rest/v4/clusters/10649537/,RA; claims; csv,,
10649860_2025_Kode v. Pargin_ca5,Siddharth Kode v. Joseph Pargin; Kimberly Pargin,5th Cir.,2025,10649860,https://www.courtlistener.com/api/rest/v4/clusters/10649860/,RA; claims; csv,,
10649918_2025_Hedges v. Cincinnati Metropolitan Housing Authority_ohsd,,,,10649918,https://www.courtlistener.com/api/rest/v4/clusters/10649918/,RA; claims; csv,,
10650704_2025_Johnson v. Brenneke_ord,"Larry Johnson v. Thomas Brenneke; Guardian Management, LLC; Guardian Real Estate Services; Uptown Tower Apartments; Lisa Simonson; Kelly Paine; et al.",D. Or.,2025,10650704,https://www.courtlistener.com/api/rest/v4/clusters/10650704/,RA; claims; csv,,
10650712_2025_Johnson v. Guardian Management_ord,"Larry Johnson and Michelle Hume v. Guardian Management, LLC; Lisa Simonson; Kelly Paine; et al.",D. Or.,2025,10650712,https://www.courtlistener.com/api/rest/v4/clusters/10650712/,RA; claims; csv; phase1_patch,,
10650791_2025_Emrit v. Moore_pamd,,,,10650791,https://www.courtlistener.com/api/rest/v4/clusters/10650791/,RA; claims; csv,,
10650971_2025_Roseman v. 1800 Capital Trust II_mied,John L. Roseman v. 1900 Capital Trust II,E.D. Mich.,2025,10650971,https://www.courtlistener.com/api/rest/v4/clusters/10650971/,RA; claims; csv,,
10651009_2025_Bjurling v. Johnson_wawd,"Damia Bjurling v. Alec Johnson, et al.",W.D. Wash.,2025,10651009,https://www.courtlistener.com/api/rest/v4/clusters/10651009/,RA; claims; csv,on file with author,8a4f2eb97c5cbd0fac551cd93ac07be24c471344e71beeff572bb4faa108ddef
10651012_2025_Crawford v. Milner_wawd,Pamela Crawford v. Douglas M. Milner et al.,W.D. Wash.,2025,10651012,https://www.courtlistener.com/api/rest/v4/clusters/10651012/,RA; 3604; claims; csv,on file with author,6bb14a98ee64445e6219c06aff775e2f9c83e3bf0f05ce17326fb729c69ebe8a
10651176_2025_AGiza v. Bexar County_txwd,"Dalila Agiza v. Bexar County, et al.",W.D. Tex.,2025,10651176,https://www.courtlistener.com/api/rest/v4/clusters/10651176/,RA; claims; csv; phase1_patch,on file with author,8dadafb6f8368d523f9178a41e763cf7976699d9dca0826544c7212408c37774
10651313_2025_Crossett v. Midgley_utd,,,,10651313,https://www.courtlistener.com/api/rest/v4/clusters/10651313/,RA; claims; csv,,
10651336_2025_Gonzalez v. Royse Services LLC_flmd,"Manuel James Gonzalez, as legal guardian of REG, a minor v. Royse Services LLC d/b/a LaVida Vacations",M.D. Fla.,2025,10651336,https://www.courtlistener.com/api/rest/v4/clusters/10651336/,RA; 3604; claims; csv,,
10651719_2025_Joe v. Olive Branch Assisted Living LLC_azd,Hailei Joe v. Olive Branch Assisted Living LLC,D. Ariz.,2025,10651719,https://www.courtlistener.com/api/rest/v4/clusters/10651719/,RA; 3604; claims; csv,,
10651834_2025_Metcalf v. Stapp_cod,Metcalf v. Stapp,D. Colo.,2025,10651834,https://www.courtlistener.com/api/rest/v4/clusters/10651834/,RA; claims; csv; phase1_patch,,
10652099_2025_Rosa v. Administration for Children's Services (ACS)_nysd,Felicia Rosa v. Administration for Children's Services,S.D.N.Y.,2025,10652099,https://www.courtlistener.com/api/rest/v4/clusters/10652099/,RA; 3604; claims; csv,on file with author,2eb337875b4c36edaf087486ab70e87ba2965b6e28423e9d9146322ff562c977
"10652700_2025_Cahail v. United States of America, The_ksd",,,,10652700,https://www.courtlistener.com/api/rest/v4/clusters/10652700/,RA; claims; csv,,
10652715_2025_WANAQUE REALTY v. BOROUGH OF WANAQUE_njd,"J&S Group Inc., Wanaque Realty Corp., and Mountain Lakes Estates, Inc. v. Borough of Wanaque",D.N.J.,2025,10652715,https://www.courtlistener.com/api/rest/v4/clusters/10652715/,RA; 3604; claims; csv,,
10653890_2025_Cherry-El v. Blount_dcd,Cherry-El v. Blount,D.D.C.,2025,10653890,https://www.courtlistener.com/api/rest/v4/clusters/10653890/,RA; 3604; claims; csv,on file with author,ce8cc76bfdd2816796eddf2fce1340de2b779dba4994f60d5523cb1438f30a68
10653977_2025_Nairne v. Landry_ca5,,,,10653977,https://www.courtlistener.com/api/rest/v4/clusters/10653977/,RA; claims; csv,,
10654486_2025_Emrit v. Moore_mdd,,,,10654486,https://www.courtlistener.com/api/rest/v4/clusters/10654486/,RA; claims; csv,,
10655179_2025_Chapuis v. Forest Hill Group LLC_tnwd,Chapuis v. Forest Hill Group LLC,W.D. Tenn.,2025,10655179,https://www.courtlistener.com/api/rest/v4/clusters/10655179/,RA; claims; csv,,
10655200_2025_Jacobson v. State of Oregon_ord,"James E. Jacobson, Jr. v. State of Oregon",D. Or.,2025,10655200,https://www.courtlistener.com/api/rest/v4/clusters/10655200/,RA; claims; csv,on file with author,dad9a7e1cf3580360166dc0294d4d019e315cc28c4a586f1f4a4bca370064eb2
10655494_2025_Wallace v. John Stewart Co. _ Redwood Gardens_cand,David Wallace v. John Stewart Company et al.,N.D. Cal.,2025,10655494,https://www.courtlistener.com/api/rest/v4/clusters/10655494/,RA; claims; csv,,
10656092_2025_Watkins v. Lanier Lakes Homeowners Association Inc_alnd,"Watkins v. Lanier Lakes Homeowners Association, Inc.",N.D. Ala.,2025,10656092,https://www.courtlistener.com/api/rest/v4/clusters/10656092/,RA; claims; csv; phase1_patch,on file with author,e47f6ee49b948ecdbd9952dd386032fe921436b03055433c652658cd48e53913
10656273_2025_Berry v. Berry_azd,"Michael D Berry v. Cynthia DeLaTorre Berry, et al.",D. Ariz.,2025,10656273,https://www.courtlistener.com/api/rest/v4/clusters/10656273/,RA; claims; csv; phase1_patch,on file with author,18bfaa61124c4a002b47fa94d56b960b8dc6da3349036028d3499669689947c0
10656302_2025_Hall-Johnson v. City and County of San Francisco_cand,Carneice Kathrine Hall-Johnson v. City and County of San Francisco,N.D. Cal.,2025,10656302,https://www.courtlistener.com/api/rest/v4/clusters/10656302/,RA; 3604; claims; csv,on file with author,76a9da40845a80bc26392eaa56150e8c6277d821bb7fea37128e80095a40c5ba
10656843_2025_Sgci Holdings III LLC v. Federal Communications Commission_dcd,,,,10656843,https://www.courtlistener.com/api/rest/v4/clusters/10656843/,RA; claims; csv,,
10656874_2025_King_Morocco v. Greystar_ca5,The King/Morocco v. Greystar Corporation,5th Cir.,2025,10656874,https://www.courtlistener.com/api/rest/v4/clusters/10656874/,RA; claims; csv; phase1_patch,,
10656968_2025_Colasanti v. City of Portland_ord,,,,10656968,https://www.courtlistener.com/api/rest/v4/clusters/10656968/,RA; claims; csv,,
10657007_2025_Gakuba v. Franklin_mdd,"Peter Gakuba v. Dante Franklin, et al.",D. Md.,2025,10657007,https://www.courtlistener.com/api/rest/v4/clusters/10657007/,RA; claims; csv; phase1_patch,on file with author,e3029e0e173434c42ab7bd0b0891da64cbbfca39a5308fbfa984faf06f82c465
10657049_2025_Jones v. FSSA_Medicaid_innd,,,,10657049,https://www.courtlistener.com/api/rest/v4/clusters/10657049/,RA; claims; csv,,
10657628_2025_Maslowski v. Listing Leaders Select LLC_innd,"Teresa Maslowski v. Brookside Condominium Association II, Inc., et al.",N.D. Ind.,2025,10657628,https://www.courtlistener.com/api/rest/v4/clusters/10657628/,RA; 3604; claims; csv,,
10657730_2025_Gueltzau v. Warehime_ned,Gueltzau v. Warehime,D. Neb.,2025,10657730,https://www.courtlistener.com/api/rest/v4/clusters/10657730/,RA; 3604; claims; csv,,
10657815_2025_Bortnick v. Housing Authority of Lincoln County_ord,Eva Bortnick v. Housing Authority of Lincoln County,D. Or.,2025,10657815,https://www.courtlistener.com/api/rest/v4/clusters/10657815/,RA; claims; csv,on file with author,d67d5d5bd4e5a97d72a3db7b67725f898a5563fb62706a841d15f8edc61dc99b
10657836_2025_Hyatt v. Owens_ksd,,,,10657836,https://www.courtlistener.com/api/rest/v4/clusters/10657836/,RA; claims; csv,,
10657915_2025_Doria v. Yavapai College District Governing Board_azd,"Daniel T. Doria v. Yavapai College District Governing Board, et al.",D. Ariz.,2025,10657915,https://www.courtlistener.com/api/rest/v4/clusters/10657915/,RA; 3604; claims; csv,on file with author,27a235f955368caa473e06aafa3648806fcaf9087cf4556a32439d484ad483ee
10658512_2025_SHEELY v. WARNER ROBINS HOUSING AUTHORITY_gamd,Brianca Michelle Sheely v. Warner Robins Housing Authority,M.D. Ga.,2025,10658512,https://www.courtlistener.com/api/rest/v4/clusters/10658512/,RA; 3604; claims; csv; phase2_extraction,,
10659011_2025_BROWN v. TOWN OF SCARBOROUGH_med,Brown v. Town of Scarborough,D. Me.,2025,10659011,https://www.courtlistener.com/api/rest/v4/clusters/10659011/,p3ext_20260703,,
10659062_2025_Johnson v. Brenneke_ord,Larry Johnson v. Brenneke,D. Or.,2025,10659062,https://www.courtlistener.com/api/rest/v4/clusters/10659062/,RA; claims; csv; phase1_patch,,
10659069_2025_Johnson v. Guardian Management_ord,Larry Johnson; Michelle Hume v. Guardian Management; Kelly Paine; Lisa Simonson,D. Or.,2025,10659069,https://www.courtlistener.com/api/rest/v4/clusters/10659069/,RA; claims; csv,,
10659345_2025_PRINCE v. PAJELA_njd,"Donell Prince v. Priscilla Pajela, et al.",D.N.J.,2025,10659345,https://www.courtlistener.com/api/rest/v4/clusters/10659345/,RA; claims; csv; phase1_patch,,
"10659648_2025_Ndimbie v. Southwest Hammocks, lllp._flsd","Joyce Ndimbie v. Southwest Hammocks, LLLP and Crossroads Management",S.D. Fla.,2025,10659648,https://www.courtlistener.com/api/rest/v4/clusters/10659648/,RA; claims; csv,on file with author,1befa85d466272fbb5911e3b26c8f585a234e93ca7148cf4a5dde4cdd465a7d7
"10660660_2025_The Cottage, Inc Comfy Cottage v. Pasco County_flmd","The Comfy Cottage, Inc., Comfy Cottage v. Pasco County",M.D. Fla.,2025,10660660,https://www.courtlistener.com/api/rest/v4/clusters/10660660/,RA; 3604; claims; csv,,
"10660863_2025_Carlos Alonso Cano v. 245 C_C, LLC_ca11","Carlos A. Alonso Cano v. 245 C&C, LLC",11th Cir.,2025,10660863,https://www.courtlistener.com/api/rest/v4/clusters/10660863/,RA; claims; csv; phase1_patch,,
10661133_2025_Ferrell v. K.B. Custom Ag Services LLC_ksd,,,,10661133,https://www.courtlistener.com/api/rest/v4/clusters/10661133/,RA; claims; csv,,
10661347_2025_Clark v. Council of Unit Owners of the 100 Harborview Drive Condominium_mdd,Clark v. Council of Unit Owners of the 100 Harborview Drive Condominium Association,D. Md.,2025,10661347,https://www.courtlistener.com/api/rest/v4/clusters/10661347/,RA; 3604; claims; csv,,
10662149_2025_Hall v. Eastern Panhandle Anesthesia Associates_wvnd,,,,10662149,https://www.courtlistener.com/api/rest/v4/clusters/10662149/,RA; claims; csv,,
10662447_2025_Fisher v. Valley Stream Central High School District_nyed,,,,10662447,https://www.courtlistener.com/api/rest/v4/clusters/10662447/,RA; claims; csv,,
10662959_2025_Jeffcoat v. Brookings Housing _ Redevelopment Commission_sdd,Estela Elizabeth Jeffcoat v. Brookings Housing & Redevelopment Commission,D.S.D.,2025,10662959,https://www.courtlistener.com/api/rest/v4/clusters/10662959/,RA; claims; csv; phase1_patch,,
"10663021_2025_MBSC Property South LLC v. Myrtle Beach South Carolina, The City of_scd","MBSC Property South, LLC v. The City of Myrtle Beach, South Carolina",D.S.C.,2025,10663021,https://www.courtlistener.com/api/rest/v4/clusters/10663021/,RA; 3604; claims; csv,,
10663547_2025_Sayed v. Oklahoma City Housing Authority_okwd,Mohamed Shahid Sayed v. Oklahoma City Housing Authority,W.D. Okla.,2025,10663547,https://www.courtlistener.com/api/rest/v4/clusters/10663547/,RA; claims; csv; phase1_patch,,
10663673_2025_Iskander v. A Place at the Beach IV Home Owner's Association_scd,Yvette Iskander v. A Place at the Beach IV Home Owner's Association,D.S.C.,2025,10663673,https://www.courtlistener.com/api/rest/v4/clusters/10663673/,RA; claims; csv; phase1_patch,on file with author,4a52ddc949d0f77f076ca064046c83449c4e148ac4cdb5ebd410a1053ed0b0d1
10663749_2025_Lester v. Hotel Alder_ord,,,,10663749,https://www.courtlistener.com/api/rest/v4/clusters/10663749/,RA; claims; csv,,
10664368_2025_Chhang v. West Coast USA Properties LLC_caed,"Pharilyn Chhang v. West Coast USA Properties LLC, et al.",E.D. Cal.,2025,10664368,https://www.courtlistener.com/api/rest/v4/clusters/10664368/,RA; 3604; claims; csv,,
"10665041_2025_Singletary v. City of Toledo, Ohio_ohnd",Singletary v. City of Toledo,N.D. Ohio,2025,10665041,https://www.courtlistener.com/api/rest/v4/clusters/10665041/,RA; 3604; claims; csv,,
10665096_2025_Mendy v. Larson_wawd,Sang W. Mendy v. Tracy L. Larson et al.,W.D. Wash.,2025,10665096,https://www.courtlistener.com/api/rest/v4/clusters/10665096/,RA; 3604; claims; csv,,
10665741_2025_Marlor v. The Housing Company_idd,Gregory R. Marlor v. The Housing Company,D. Idaho,2025,10665741,https://www.courtlistener.com/api/rest/v4/clusters/10665741/,3604; claims; csv,,
10665865_2025_Lippert v. Commissioner of Social Security_ohnd,,,,10665865,https://www.courtlistener.com/api/rest/v4/clusters/10665865/,RA; claims; csv,,
"10665957_2025_Hobbs, Sr v. Goncharko_ilnd","Steven E. Hobbs, Sr. v. Igor Goncharko, et al.",N.D. Ill.,2025,10665957,https://www.courtlistener.com/api/rest/v4/clusters/10665957/,RA; 3604; claims; csv,on file with author,2e1421e8181719916c8170486d13df45db1405f6daeb76a7aa957e2d8c0ffaf7
"10665985_2025_Heron v. Gunjan Keida CEO of US Bank Trust, N.A._nyed","Marcia Veronica Heron et al v. Gunjan Keida CEO of US Bank Trust, N.A. et al",E.D.N.Y.,2025,10665985,https://www.courtlistener.com/api/rest/v4/clusters/10665985/,RA; 3604; claims; csv; phase1_patch,,
10666542_2025_Legge v. Clarke County Zoning Department_vawd,Brian K. Legge v. Clarke County Zoning Department et al.,W.D. Va.,2025,10666542,https://www.courtlistener.com/api/rest/v4/clusters/10666542/,RA; 3604; claims; csv,on file with author,82d4cdf622b62af4bb9c7331b070ec176a8f6e2fefdc4de2f38e134ecd6f2b3e
10666579_2025_Watkins v. Chau_mad,Watkins v. Chau,D. Mass.,2025,10666579,https://www.courtlistener.com/api/rest/v4/clusters/10666579/,RA; 3604; claims; csv,,
10666591_2025_Watkins v. Chau_mad,Watkins v. Chau,D. Mass.,2025,10666591,https://www.courtlistener.com/api/rest/v4/clusters/10666591/,RA; 3604; claims; csv,on file with author,23ae0ec603bac98db4c27683c07bb64387c4bc02aa402706b95aeb9fbd1ecc65
10667207_2025_Jennings v. Campbell_scd,Jennings v. Campbell,D.S.C.,2025,10667207,https://www.courtlistener.com/api/rest/v4/clusters/10667207/,RA; claims; csv,on file with author,8ca72d7ff5d39d121b873a883fa1d5fa42562057920b99ccc273955318ad9b9b
10667244_2025_CASTRO v. LANCASTER LOFT_insd,"Ruth Castro v. Lancaster Loft, et al.",S.D. Ind.,2025,10667244,https://www.courtlistener.com/api/rest/v4/clusters/10667244/,RA; 3604; claims; csv,,
"10667251_2025_Watkins, Lateesha v. Fond du Lac District Attorney Office_wiwd",Watkins v. Fond du Lac District Attorney Office,W.D. Wis.,2025,10667251,https://www.courtlistener.com/api/rest/v4/clusters/10667251/,RA; 3604; claims; csv,on file with author,1214e86b1225a5daa4c8bb70052535fda64d99f89f499a7d5e6ae23b5ecaf950
10667287_2025_Belton v. Regions Bank NA_lamd,"Will J. Belton v. Regions Bank NA, et al.",M.D. La.,2025,10667287,https://www.courtlistener.com/api/rest/v4/clusters/10667287/,RA; claims; csv,on file with author,9f277eeee6e1a8d966ce39a5de2f4f7859672c09cfd5cc5fc7ba6543295ed6c8
10667292_2025_Lightner v. Inlivian_ncwd,,,,10667292,https://www.courtlistener.com/api/rest/v4/clusters/10667292/,RA; claims; csv,,
10667652_2025_Roldan v. Bronx Pro Realty_nysd,"Roldan v. Bronx Pro Realty, et al.",S.D.N.Y.,2025,10667652,https://www.courtlistener.com/api/rest/v4/clusters/10667652/,RA; claims; csv; phase1_patch,,
10668166_2025_Gonzalez v. 2009 Houston Scott Street LP_txsd,"Lillian Gonzalez v. 2009 Houston Scott Street LP d/b/a Austin Development Lots, et al.",S.D. Tex.,2025,10668166,https://www.courtlistener.com/api/rest/v4/clusters/10668166/,RA; claims; csv; phase2_extraction,,
10669050_2025_Jose R. Solano v. PHH Mortgage Company_cacd,Jose R. Solano v. PHH Mortgage Corporation,C.D. Cal.,2025,10669050,https://www.courtlistener.com/api/rest/v4/clusters/10669050/,RA; 3604; claims; csv,on file with author,f147e111c3018cf19fe41b8bb99b20eaa05410c0ba080364cd9193e3e799fc91
"10669543_2025_Poindexter v. Haskell, Town of_oked","Cheryl Poindexter v. The Town of Haskell, Steve Arrowood, The Arrowood Family Revocable Trust, Tamera Laverne Arrowood, Jessica Parks, Unknown Occupants",E.D. Okla.,2025,10669543,https://www.courtlistener.com/api/rest/v4/clusters/10669543/,RA; 3604; claims; csv,,
"10669562_2025_Smith v. New Neighborhoods, Inc._ctd","Charnina Smith v. New Neighborhoods, Inc. and Downtown West Gate Apartments, L.P.",D. Conn.,2025,10669562,https://www.courtlistener.com/api/rest/v4/clusters/10669562/,RA; 3604; claims; csv,,
10669569_2025_Heimkes v. Fairhope Motorcoach Resort Condominium Owners Ass'n_alsd,Heimkes v. Fairhope Motorcoach Resort Condominium Owners Association,S.D. Ala.,2025,10669569,https://www.courtlistener.com/api/rest/v4/clusters/10669569/,RA; claims; csv,,
10669742_2025_Vann-El v. United States District Court for the District of Kansas_ksd,,,,10669742,https://www.courtlistener.com/api/rest/v4/clusters/10669742/,RA; claims; csv,,
10670447_2025_Olley v. TodmanThe clerks office is ORDERED to not accept any further filings in this matter until the motions to dismiss are ruled on.._txsd,"Jeff Olley, et al. v. Adrianne S. Todman, et al.",S.D. Tex.,2025,10670447,https://www.courtlistener.com/api/rest/v4/clusters/10670447/,RA; claims; csv; phase1_patch,on file with author,1e812156d8dcf829543e0725fcaedf6d4f1cab6704efceeab574655150654daf
10670497_2025_Rudolph v. Harrison Metropolitan Housing Authority_ohsd,Isis Rudolph v. Harrison Metropolitan Housing Authority,S.D. Ohio,2025,10670497,https://www.courtlistener.com/api/rest/v4/clusters/10670497/,RA; claims; csv,,
"10671080_2025_Jacobson v. AH Gresham Park, LLC_ord","James E. Jacobson, Jr. v. AH Gresham Park, LLC",D. Or.,2025,10671080,https://www.courtlistener.com/api/rest/v4/clusters/10671080/,RA; claims; csv; phase1_patch,,
10671114_2025_Hunter-Bey v. Miller_ohnd,"Isaiah Hunter-Bey v. Allen Miller, et al.",N.D. Ohio,2025,10671114,https://www.courtlistener.com/api/rest/v4/clusters/10671114/,RA; claims; csv; phase1_patch; phase2_extraction,,
10671333_2025_AGiza v. Bexar County_txwd,"Dalila Agiza v. Bexar County, et al.",W.D. Tex.,2025,10671333,https://www.courtlistener.com/api/rest/v4/clusters/10671333/,RA; claims; csv; phase1_patch; phase2_extraction,on file with author,1d7cc42f45736331be12498e22b5d2ae812c8edfe8513df728d874229e3b344c
10671356_2025_Nair v. Leal_nvd,,,,10671356,https://www.courtlistener.com/api/rest/v4/clusters/10671356/,RA; claims; csv,,
10672101_2025_Prendergast v. Wode Cooper Companies Atcheson Place Lofts_ohsd,"Carla Prendergast v. Woda Cooper Companies Atcheson Place Lofts, et al.",S.D. Ohio,2025,10672101,https://www.courtlistener.com/api/rest/v4/clusters/10672101/,RA; 3604; claims; csv; phase1_patch,on file with author,e322eb08e29362bc502ec09a0f78a0303120827fd07d4055b7362092a7e229c3
10672251_2025_Daniel Frishberg v. University of South Florida Board of Trustees_ca11,Daniel A. Frishberg v. University of South Florida Board of Trustees,11th Cir.,2025,10672251,https://www.courtlistener.com/api/rest/v4/clusters/10672251/,RA; claims; csv,on file with author,0ee5161c3b3e714f43f9e984ed4e14ffc30d4966f0511a09bba3b677a0f2450f
10672688_2025_Simmons v. Woo_hid,"Kelvin Simmons v. Jason Woo, Esq., et al.",D. Haw.,2025,10672688,https://www.courtlistener.com/api/rest/v4/clusters/10672688/,RA; claims; csv,,
10672737_2025_Garcia v. Dove_scd,,,,10672737,https://www.courtlistener.com/api/rest/v4/clusters/10672737/,RA; claims; csv,,
10672794_2025_Collins v. Team Management LLC_wied,"Shawanda V. Collins v. Team Management LLC, et al.",E.D. Wis.,2025,10672794,https://www.courtlistener.com/api/rest/v4/clusters/10672794/,RA; 3604; claims; csv,,
10674092_2025_Peters v. Caton Towers Owners Corp._nyed,Jacqueline Peters v. Caton Towers Owners Corp.,E.D.N.Y.,2025,10674092,https://www.courtlistener.com/api/rest/v4/clusters/10674092/,RA; claims; csv,,
10674429_2025_Jackson v. S2 Residential_ca5,Anthony Jackson v. S2 Residential,5th Cir.,2025,10674429,https://www.courtlistener.com/api/rest/v4/clusters/10674429/,RA; claims; csv; phase2_extraction,,
"10674633_2025_Ortiguerra v. Grand Isle Shipyard, LLC_laed","Victor Cagara Ortiguerra et al. v. Grand Isle Shipyard, LLC et al.",E.D. La.,2025,10674633,https://www.courtlistener.com/api/rest/v4/clusters/10674633/,RA; claims; csv; phase1_patch,,
"10674694_2025_PLACE OF GRACE, INC. v. STATE OF INDIANA_insd","Place of Grace, Inc. v. State of Indiana",S.D. Ind.,2025,10674694,https://www.courtlistener.com/api/rest/v4/clusters/10674694/,3604; claims; csv,on file with author,f3a17c958a5137062ebe43fda0f1c95d8640b1666eef7273b93793f38aa75f31
10674945_2025_Fuller v. Christine Apartments LLC_wawd,Fuller v. Christine Apartments LLC,W.D. Wash.,2025,10674945,https://www.courtlistener.com/api/rest/v4/clusters/10674945/,RA; 3604; claims; csv; phase1_patch,,
10674949_2025_Woodard v. State of Missouri_moed,Woodard v. State of Missouri,E.D. Mo.,2025,10674949,https://www.courtlistener.com/api/rest/v4/clusters/10674949/,RA; claims; csv; phase1_patch,,
10675260_2025_Gadson v. Riverbay Corporation_nysd,Gregory Austin Gadson v. Riverbay Corporation,S.D.N.Y.,2025,10675260,https://www.courtlistener.com/api/rest/v4/clusters/10675260/,RA; 3604; claims; csv,,
"10676049_2025_Jacobs v. Twin Cities Development Association, Inc._ned",,,,10676049,https://www.courtlistener.com/api/rest/v4/clusters/10676049/,RA; claims; csv,,
10676383_2025_Michel-Wiggins v. U.S. Housing and Urban Development_dcd,"Mirlande Dina Michel-Wiggins v. Department of Housing and Urban Development, et al.",D.D.C.,2025,10676383,https://www.courtlistener.com/api/rest/v4/clusters/10676383/,RA; claims; csv,on file with author,15713bc8a08640c9da8709fd60fe1498c06cd9851f5777324b1dded32fcf9897
"10676451_2025_Sita v. Airbnb, Inc._vtd","Keren Sita v. Airbnb, Inc.",D. Vt.,2025,10676451,https://www.courtlistener.com/api/rest/v4/clusters/10676451/,RA; claims; csv; phase1_patch,,
10676632_2025_Williams v. Navy Federal Credit Union_vaed,Latarsha Williams v. Navy Federal Credit Union,E.D. Va.,2025,10676632,https://www.courtlistener.com/api/rest/v4/clusters/10676632/,RA; claims; csv; phase1_patch,on file with author,d46b30110dcd2d3fc47cea1e92b60cd5c3a72c8a8b61e0e8b03e8dcaf039a787
10677224_2025_Meyer v. Ten Mile Island Condominium Association_cod,Scott Meyer v. Ten Mile Island Condominium Association,D. Colo.,2025,10677224,https://www.courtlistener.com/api/rest/v4/clusters/10677224/,RA; claims; csv; phase1_patch,,
10677709_2025_RNC v. Jocelyn Benson_ca6,,,,10677709,https://www.courtlistener.com/api/rest/v4/clusters/10677709/,RA; claims; csv,,
10678137_2025_Ogando v. Napolitano_nyed,"Luis E. Ogando v. John J. Napolitano, Esq.",E.D.N.Y.,2025,10678137,https://www.courtlistener.com/api/rest/v4/clusters/10678137/,RA; 3604; claims; csv,on file with author,c11f9b23e11f361ab528b5cee28376cd0c49e382507f2bdc3439ae88811735b9
10678258_2025_Burley v. Chapman_nynd,McKay Burley and Tyson Thomas v. Charles J. Chapman,N.D.N.Y.,2025,10678258,https://www.courtlistener.com/api/rest/v4/clusters/10678258/,RA; 3604; claims; csv,,
"10679085_2025_T_R Properties, Inc v. Berlin Township_ohsd","T&R Properties, Inc. v. Berlin Township",S.D. Ohio,2025,10679085,https://www.courtlistener.com/api/rest/v4/clusters/10679085/,RA; claims; csv; phase1_patch,,
10679704_2025_Walker v. U.S. Department of Agriculture Rural Development_dcd,Angie Walker v. U.S. Department of Agriculture Rural Development,D.D.C.,2025,10679704,https://www.courtlistener.com/api/rest/v4/clusters/10679704/,RA; claims; csv,on file with author,8f8cfc6515e2d9a830eace02057f0b351487b26c7e14f8b90d1ccd3050587641
10681352_2025_Johnson v. Simonson_ord,Larry Johnson v. Lisa Simonson and Kelly Paine,D. Or.,2025,10681352,https://www.courtlistener.com/api/rest/v4/clusters/10681352/,RA; 3604; claims; csv,,
"10681371_2025_Burnett v. Rutledge Flats, LLC_tnmd","Amy Burnett v. Rutledge Flats, LLC, et al.",M.D. Tenn.,2025,10681371,https://www.courtlistener.com/api/rest/v4/clusters/10681371/,RA; 3604; claims; csv,,
"10681476_2025_EZEKWO v. FAY SERVICING, LLC_njd","Ezekwo v. Fay Servicing, LLC",D.N.J.,2025,10681476,https://www.courtlistener.com/api/rest/v4/clusters/10681476/,RA; claims; csv,,
10682658_2025_Koger v. Usoroh_pawb,In re: Todd Elliott Koger; Elliott-Todd Parker Koger v. Isaac Usoroh,Bankr. W.D. Pa.,2025,10682658,https://www.courtlistener.com/api/rest/v4/clusters/10682658/,p3ext_20260703,on file with author,d96d76154c682646fdfc0eebc7f7eee322d6a0c86ed4f8f81d2b6ddf74fab3cf
10682741_2025_Neptune v. Cobble Ridge Homeowner Association_nced,"Frantz Neptune v. Cobble Ridge Homeowners Association, Inc.",E.D.N.C.,2025,10682741,https://www.courtlistener.com/api/rest/v4/clusters/10682741/,RA; claims; csv; phase1_patch,on file with author,a0649c6cd60fe01099fa1a7229572b448e7a799a1f13fa9137afa330187c62ff
10682794_2025_KAPINGA v. TERRACE POND LLC_med,"Kapinga v. Terrace Pond, LLC",D. Me.,2025,10682794,https://www.courtlistener.com/api/rest/v4/clusters/10682794/,p3ext_20260703,,
10682848_2025_Chimney v. Deutsch Bank National Trust_txed,"Alvin O. Chimney, Jr. v. Deutsch Bank National Trust et al.",E.D. Tex.,2025,10682848,https://www.courtlistener.com/api/rest/v4/clusters/10682848/,RA; claims; csv; phase1_patch,on file with author,f16b43842bd7cdb657f3b4918f2836d8aec7c0e9dbb4cfbab6b64b1870ce4b43
"10687558_2025_Northmarq Finance, LLC v. Fidelity National Title Insurance Company_cod",,,,10687558,https://www.courtlistener.com/api/rest/v4/clusters/10687558/,RA; claims; csv,,
"10687804_2025_Be the Bush Recovery Ministries v. Coffee Cnty., Tenn._ca6","Be the Bush Recovery Ministries v. Coffee County, Tennessee",6th Cir.,2025,10687804,https://www.courtlistener.com/api/rest/v4/clusters/10687804/,RA; 3604; claims; csv,,
10688073_2025_Webster v. Fairway Management Inc_oknd,"Stephany Webster v. Fairway Management, Inc., Walnut Park Manor, L.P., JES Holdings, LLC",N.D. Okla.,2025,10688073,https://www.courtlistener.com/api/rest/v4/clusters/10688073/,RA; 3604; claims; csv; phase1_patch,,
10688150_2025_Henderson v. Wright_ohnd,"Barry Henderson v. Tiffany Wright, et al.",N.D. Ohio,2025,10688150,https://www.courtlistener.com/api/rest/v4/clusters/10688150/,RA; claims; csv; phase1_patch,,
10688155_2025_Estes v. University Of Cincinnati_ohsd,,,,10688155,https://www.courtlistener.com/api/rest/v4/clusters/10688155/,RA; claims; csv,,
10688173_2025_Armour v. Gold_mdd,"Rebecca Armour, et al. v. Jeremy Gold, et al.",D. Md.,2025,10688173,https://www.courtlistener.com/api/rest/v4/clusters/10688173/,RA; 3604; claims; csv; phase1_patch,on file with author,433e9a8b8192c93a462707cc469d156c1bfa8a29e2f74541151ea49452ef6623
10688283_2025_Trauscht v. Villa Lafayette Associates Incorporated_azd,Ryan Trauscht v. Villa Lafayette Associates Incorporated,D. Ariz.,2025,10688283,https://www.courtlistener.com/api/rest/v4/clusters/10688283/,RA; claims; csv,,
"10690584_2025_Cole v. Timberbrook Realty, LLC_ilcd",,,,10690584,https://www.courtlistener.com/api/rest/v4/clusters/10690584/,RA; claims; csv,,
10690845_2025_Gokhberg v. 200 Corbin Owners Corp._nyed,Gokhberg v. 200 Corbin Owners Corp.,E.D.N.Y.,2025,10690845,https://www.courtlistener.com/api/rest/v4/clusters/10690845/,RA; claims; csv,on file with author,9f19b8ec9c53466bb5a4dede8b040f25f3d648246c62b67615c50ee9d7851f96
10690995_2025_Davis v. Burlington Capital Management_ohsd,"Monique Davis v. Post Woods Townhomes, LLC, et al.",S.D. Ohio,2025,10690995,https://www.courtlistener.com/api/rest/v4/clusters/10690995/,RA; claims; csv,,
"10691139_2025_Murphy v. Villages at Noah's Landing, LTD_flmd","Murphy v. Villages at Noah's Landing, Ltd.",M.D. Fla.,2025,10691139,https://www.courtlistener.com/api/rest/v4/clusters/10691139/,RA; 3604; claims; csv,on file with author,47f6d00dbdc5c87f7fa7202fce96d5a678ac6a1712410468b71fe701b0727cec
10691150_2025_Crawford v. Milner_wawd,Pamela Crawford v. Douglas M. Milner et al.,W.D. Wash.,2025,10691150,https://www.courtlistener.com/api/rest/v4/clusters/10691150/,RA; 3604; claims; csv,on file with author,889cc110e40079abeda35b3979122f2ec722b779be8e7c69bd676eb91b6d8843
"10691161_2025_Ochoa v. D.R. Horton, Inc._txwd","Maria Elena Ochoa, Shaina Ricks, Mary Ricks, and Fair Housing Council of South Texas v. D.R. Horton, Inc., and Continental Homes of Texas, L.P.",W.D. Tex.,2025,10691161,https://www.courtlistener.com/api/rest/v4/clusters/10691161/,RA; 3604; claims; csv,,
"10691174_2025_Miami Valley Fair Housing Center, Inc. v. Paradise Residency, LLC_ohsd","Miami Valley Fair Housing Center, Inc. v. Paradise Residency, LLC",S.D. Ohio,2025,10691174,https://www.courtlistener.com/api/rest/v4/clusters/10691174/,RA; claims; csv; phase1_patch,on file with author,8b26c302d170d9972a21cf228db357798c31db4c9e36fe39a7e376330a3b410d
10691311_2025_(PS) Faruki v. Housing Authority for the County of Sacramento_caed,Mekal Faruki v. Housing Authority for the County of Sacramento,E.D. Cal.,2025,10691311,https://www.courtlistener.com/api/rest/v4/clusters/10691311/,RA; 3604; claims; csv,on file with author,9a6797e334d99d5fc212d90fe22be7081b4dc2201f5f3299af1875af77e8b244
10691671_2025_Crawford v. Oguleye_alnd,"Demetrius L Crawford v. Bosede Oguleye, et al.",N.D. Ala.,2025,10691671,https://www.courtlistener.com/api/rest/v4/clusters/10691671/,RA; claims; csv; phase2_extraction,,
10691718_2025_Ferraraccio v. New Peoples Bank_wvsd,Anna White Ferraraccio v. New People's Bank,S.D. W. Va.,2025,10691718,https://www.courtlistener.com/api/rest/v4/clusters/10691718/,RA; claims; csv,,
10692904_2025_Frazier v. Luther_msnd,"Lance Frazier v. Justin Luther, individually and d/b/a Luther Properties, LLC, Phillip Kennedy, and Angie Kennedy",N.D. Miss.,2025,10692904,https://www.courtlistener.com/api/rest/v4/clusters/10692904/,RA; claims; csv,,
10693018_2025_Rousseaux Castellanos v. Manzano Mesa Limited Partnership_nmd,Tekisha Rousseau Castellanos v. Manzano Mesa Limited Partnership,D.N.M.,2025,10693018,https://www.courtlistener.com/api/rest/v4/clusters/10693018/,RA; 3604; claims; csv; phase1_patch,,
10693039_2025_Halloum v. 60's Diner and Restaurant LLC_ord,,,,10693039,https://www.courtlistener.com/api/rest/v4/clusters/10693039/,RA; claims; csv,,
10693073_2025_Peters v. Caton Towers Owners Corp._nyed,Peters v. Caton Towers Owners Corp.,E.D.N.Y.,2025,10693073,https://www.courtlistener.com/api/rest/v4/clusters/10693073/,RA; claims; csv,,
10693710_2022_Margaret Kris v. Dusseault Family Revocable Trust et al._nhd,Margaret Kris v. Dusseault Family Revocable Trust et al.,D.N.H.,2022,10693710,https://www.courtlistener.com/api/rest/v4/clusters/10693710/,RA; 3604; claims; csv,,
"10694022_2023_Brookline Opportunities, LLC et al. v. Town of Brookline et al._nhd","Brookline Opportunities, LLC et al. v. Town of Brookline et al.",D.N.H.,2023,10694022,https://www.courtlistener.com/api/rest/v4/clusters/10694022/,RA; 3604; claims; csv,,
10694556_2022_Margaret Kris v. P Dusseault Family Revocable Trust et al._nhd,Margaret Kris v. Dusseault Family Revocable Trust et al.,D.N.H.,2022,10694556,https://www.courtlistener.com/api/rest/v4/clusters/10694556/,RA; 3604; claims; csv,,
10695403_2023_Evelyn Rivera v. Jimmy Ducharme et al._nhd,Evelyn Rivera v. Jimmy Ducharme et al.,D.N.H.,2023,10695403,https://www.courtlistener.com/api/rest/v4/clusters/10695403/,RA; claims; csv,,
"10696502_2017_Lath v. Oak Brook Condominium Owners' Assoc., et al._nhd","Sanjeev Lath v. Oak Brook Condominium Owners' Association, et al.",D.N.H.,2017,10696502,https://www.courtlistener.com/api/rest/v4/clusters/10696502/,3604; claims; csv,,
"10696659_2025_National Education Association, et al. v. P United States Department of Education, et al._nhd",,,,10696659,https://www.courtlistener.com/api/rest/v4/clusters/10696659/,RA; claims; csv,,
"10696687_2019_Scott Chandler v. Chartwell Holdings, Inc., et al._nhd","Scott Chandler v. Chartwell Holdings, Inc., et al.",D.N.H.,2019,10696687,https://www.courtlistener.com/api/rest/v4/clusters/10696687/,3604; claims; csv,on file with author,6d1e3898efdf98dff89e0b4dabec802b8a980f921adb68e3069116d83f11712d
10696868_2021_Michael A. Doyle v. Mount Vernon Company d_b_a Constitution Apartments LLC_nhd,,,,10696868,https://www.courtlistener.com/api/rest/v4/clusters/10696868/,RA; claims,,
"10696904_2025_League of Women Voters of New Hampshire; League of Women Voters of the United States; Nancy Marashio; James Fieseher; And Patricia Gingrich, Plaintiffs v. Steve Kramer; Lingo Telecom, LLC; Voice Broadcastin",,,,10696904,https://www.courtlistener.com/api/rest/v4/clusters/10696904/,RA; claims; csv,,
"10697217_2017_Lath v. Oak Brook Condominium Owners Assoc., et al._nhd","Sanjeev Lath v. Oak Brook Condominium Owners' Association, et al.",D.N.H.,2017,10697217,https://www.courtlistener.com/api/rest/v4/clusters/10697217/,3604; claims; csv,on file with author,9e255cdd18872693256874d7d24c0db53393f9333d147e7841b216e253cdba72
"10698519_2017_Lath v. Oak Brook Condominium Owners' Association, et al._nhd","Sanjeev Lath v. Oak Brook Condominium Owners' Association, et al.",D.N.H.,2017,10698519,https://www.courtlistener.com/api/rest/v4/clusters/10698519/,3604; claims; csv,,
10698779_2015_U.S. v. Avatar Properties_nhd,"United States of America v. Avatar Properties, Inc.",D.N.H.,2015,10698779,https://www.courtlistener.com/api/rest/v4/clusters/10698779/,3604; claims; csv,,
"10699016_2018_Sanjeev Lath v. Oak Brook Condominium Owners’ Association, Gerard Dufresne, and Betty Mullen_nhd","Sanjeev Lath v. Oak Brook Condominium Owners' Association, Gerard Dufresne, and Betty Mullen",D.N.H.,2018,10699016,https://www.courtlistener.com/api/rest/v4/clusters/10699016/,3604; claims; csv,,
10699981_2025_Moore v. Model Cities_mnd,Mariama Moore v. Model Cities and Safe Space Shelter,D. Minn.,2025,10699981,https://www.courtlistener.com/api/rest/v4/clusters/10699981/,RA; 3604; claims; csv,on file with author,f89141a8243931f20578a5ac8254ca64511dfe719a1fcfb0927cb0fbaa96ee34
"10700652_2025_Robins v. Aberdeen Golf _ Country Club, Inc_flsd","Robins v. Aberdeen Golf & Country Club, Inc.",S.D. Fla.,2025,10700652,https://www.courtlistener.com/api/rest/v4/clusters/10700652/,RA; claims; csv; phase1_patch,,
10700725_2025_Richmond v. Assessors Office_wied,"Johnny Lee Richmond v. Assessors Office, et al.",E.D. Wis.,2025,10700725,https://www.courtlistener.com/api/rest/v4/clusters/10700725/,RA; claims; csv; phase1_patch,on file with author,8a324b439ef52234651123d727e2cf6bb099c5382a59ccf89df98b510f809208
10700726_2025_United States v. PAYSEUR_njd,"United States of America v. Juliet Payseur and 20-22 McGregor Avenue, LLC",D.N.J.,2025,10700726,https://www.courtlistener.com/api/rest/v4/clusters/10700726/,RA; claims; csv,,
"10700730_2025_Evans v. Jaylin's Properties, LLC_scd",,,,10700730,https://www.courtlistener.com/api/rest/v4/clusters/10700730/,RA; claims; csv,,
"10701166_2025_Tumminello v. Capstone On-Campus Management, LLC_nvd","Joseph Dominick Tumminello v. Capstone On-Campus Management, LLC",D. Nev.,2025,10701166,https://www.courtlistener.com/api/rest/v4/clusters/10701166/,RA; claims; csv,,
10701465_2025_Madonna Hanes v. Rosa Washington_cacd,,,,10701465,https://www.courtlistener.com/api/rest/v4/clusters/10701465/,RA; claims; csv,,
"10703960_2025_Lance Frazier v. Justin Luther, individually and d_b_a Luther Properties, LLC; Phillip Kennedy; and Angie Kennedy_msnd","Lance Frazier v. Justin Luther, individually and d/b/a Luther Properties, LLC; Phillip Kennedy; and Angie Kennedy",N.D. Miss.,2025,10703960,https://www.courtlistener.com/api/rest/v4/clusters/10703960/,RA; 3604; claims; csv,,
"10704025_2025_Jasmine Hill v. Philadelphia Housing Authority, et al._paed","Jasmine Hill v. Philadelphia Housing Authority, et al.",E.D. Pa.,2025,10704025,https://www.courtlistener.com/api/rest/v4/clusters/10704025/,RA; 3604; claims; csv,on file with author,9732a1c91f26f4a4e4f99466f6874d006f8677fb494a9d51b288952d0176ba67
"10704824_2025_April Clark v. Blueprint Investments, LLC, et al._ohsd","April Clark v. Blueprint Investments, LLC, et al.",S.D. Ohio,2025,10704824,https://www.courtlistener.com/api/rest/v4/clusters/10704824/,RA; claims; csv,,
"10705421_2025_National Fair Housing Alliance, et al. v. Bank of America, N.A., et al._mdd","National Fair Housing Alliance, et al. v. Bank of America, N.A., et al.",D. Md.,2025,10705421,https://www.courtlistener.com/api/rest/v4/clusters/10705421/,RA; 3604; claims; csv,,
"10705497_2025_Abraham Shitrai Israel and Sarah Iris Israel v. Barbara Guinn, et al._nynd","Abraham Shitrai Israel and Sarah Iris Israel v. Barbara Guinn, et al.",N.D.N.Y.,2025,10705497,https://www.courtlistener.com/api/rest/v4/clusters/10705497/,RA; 3604; claims; csv; phase1_patch,on file with author,243541c175784645a4c396f4a6f83c90c72233c928dd08ff215e12e1b3cfee53
10705595_2025_RoSHIEKA CHARISMA JONES v. THOMPSON TOWERS APARTMENTS_mied,RoShieka Charisma Jones v. Thompson Towers Apartments,E.D. Mich.,2025,10705595,https://www.courtlistener.com/api/rest/v4/clusters/10705595/,RA; 3604; claims; csv,on file with author,79bdbebf2400f26d6bf44e2c8e7266f31ec8e9f16ba4d2a80773a69f84b7b860
10705629_2025_King Alvarez v. Commonwealth of Pennsylvania_paed,,,,10705629,https://www.courtlistener.com/api/rest/v4/clusters/10705629/,RA; claims; csv,,
"10705946_2025_April Norman v. City of Cincinnati, Ohio_ca6",,,,10705946,https://www.courtlistener.com/api/rest/v4/clusters/10705946/,RA; claims; csv,,
10706118_2025_Seyed Alireza Amidi Namin v. Kevin Jeffrey Vert_utd,Seyed Alireza Amidi Namin v. Kevin Jeffrey Vert,D. Utah,2025,10706118,https://www.courtlistener.com/api/rest/v4/clusters/10706118/,RA; 3604; claims; csv; phase2_extraction,,
"10706179_2025_Barry Glazer v. Meta Platforms, Inc., et al._mdd",,,,10706179,https://www.courtlistener.com/api/rest/v4/clusters/10706179/,RA; 3604; claims; csv,,
"10706197_2025_MARGARET MARCELUS BENS v. BRYTEN REAL ESTATE PARTNERS, LLC, and COLLIER COUNTY HOUSING AUTHORITY_flmd","Margaret Marcelus Bens v. Bryten Real Estate Partners, LLC, and Collier County Housing Authority",M.D. Fla.,2025,10706197,https://www.courtlistener.com/api/rest/v4/clusters/10706197/,RA; 3604; claims; csv,on file with author,0a66676919b4f7714222dbf913dea34916deff9a731c8261257fda27d7837364
"10707586_2025_Daniel Maher and Colin’s Place LLC v. White Bear Township, a Minnesota Municipal Corporation_mnd","Daniel Maher and Colin's Place LLC v. White Bear Township, a Minnesota Municipal Corporation",D. Minn.,2025,10707586,https://www.courtlistener.com/api/rest/v4/clusters/10707586/,RA; 3604; claims; csv,,
"10707637_2025_Gerald Adams and Julia Jones v. DMG Park, LLC, DMG Investments, LLC, DMG Property Management, LLC, One Park Condominium Association, Inc., Maverick Concierge, and John Does 1-100_njd","Gerald Adams and Julia Jones v. DMG Park, LLC, DMG Investments, LLC, DMG Property Management, LLC, One Park Condominium Association, Inc., Maverick Concierge, and John Does 1-100",D.N.J.,2025,10707637,https://www.courtlistener.com/api/rest/v4/clusters/10707637/,RA; claims; csv,,
10707647_2025_Katie M. Kononen v. City of Salem Housing Authority_ord,Katie M. Kononen v. City of Salem Housing Authority,D. Or.,2025,10707647,https://www.courtlistener.com/api/rest/v4/clusters/10707647/,RA; 3604; claims; csv,,
"10707702_2025_Troy King v. Julia Owner LLC, et al._azd","Troy King v. Julia Owner LLC, et al.",D. Ariz.,2025,10707702,https://www.courtlistener.com/api/rest/v4/clusters/10707702/,RA; claims; csv,on file with author,15e3bc234b2e132cef0784281032b04aa35a4c5409086084f6e6074b21c2f07d
"10707819_2025_Presidential Candidate Number P60005535, also known as Ronald Satish Emrit, and Presidential Committee_Political Action Committee_Separate Segregated Fund (SSF) Number C00569897 d_b_a United Emrits of Ameri","Presidential Candidate Number P60005535, also known as Ronald Satish Emrit v. Kim Kardashian et al.",S.D. Cal.,2025,10707819,https://www.courtlistener.com/api/rest/v4/clusters/10707819/,RA; claims; csv; phase1_patch,on file with author,5aa53b611d33462440ab4712d586429c2c01db1cf3c04fd4fc8ce13fa21bb1e7
10708097_2025_National Labor Relations Board v. MacY's Inc._ca9,,,,10708097,https://www.courtlistener.com/api/rest/v4/clusters/10708097/,RA; claims; csv,,
"10708624_2025_CHARLESETTA MOORE, SR. v. C.F.Y. DEVELOPMENT INC., et al._caed","Charlesetta Moore, Sr. v. C.F.Y. Development Inc., et al.",E.D. Cal.,2025,10708624,https://www.courtlistener.com/api/rest/v4/clusters/10708624/,RA; 3604; claims; csv,on file with author,24e5d8ee63257a27827c8a10b05daf821dd837aaac953733c6525abf28853ebf
"10708645_2025_Thomas Joseph Goddard v. Sares-Regis Group, Inc., et al._cand","Thomas Joseph Goddard v. Sares-Regis Group, Inc., et al.",N.D. Cal.,2025,10708645,https://www.courtlistener.com/api/rest/v4/clusters/10708645/,RA; claims; csv; phase1_patch,on file with author,1bfde80ee97023ec70e9463462fb4cb64bf876a9361c842af48b4c06253844b5
10708675_2025_J. F. and on behalf of her adolescents and mother v. LUIS VENTURA_txnd,J. F. and on behalf of her adolescents and mother v. LUIS VENTURA,N.D. Tex.,2025,10708675,https://www.courtlistener.com/api/rest/v4/clusters/10708675/,RA; claims; csv,on file with author,96d4299281a3c4e6b0765e5cfb0861a52640fb65e848744be9f43e7e56020e62
"10709344_2025_Michael Green v. Hearth Initiative Corporation, et al._wied","Michael Green v. Hearth Initiative Corporation, et al.",E.D. Wis.,2025,10709344,https://www.courtlistener.com/api/rest/v4/clusters/10709344/,RA; 3604; claims; csv,on file with author,1636e63e453dea6c5f9e56dba736e417c92c0bf2f1ed04d542f4e020a01a2a8b
10710210_2025_Johnny Moffett v. Columbia Manor et al._wawd,Johnny Moffett v. Columbia Manor et al.,W.D. Wash.,2025,10710210,https://www.courtlistener.com/api/rest/v4/clusters/10710210/,RA; 3604; claims; csv,on file with author,e3f7d0f24f55a9ae38a70f306c43b9f37d1c140d67e4561e37c98ff86bd6f3c7
"10710296_2025_Randy Dewayne Pittman v. City of San Jose, et al._cand",,,,10710296,https://www.courtlistener.com/api/rest/v4/clusters/10710296/,RA; claims; csv,,
"10710297_2025_Randy Dewayne Pittman v. Landsphere Property Management, et al._cand","Randy Dewayne Pittman v. Landsphere Property Management, et al.",N.D. Cal.,2025,10710297,https://www.courtlistener.com/api/rest/v4/clusters/10710297/,RA; 3604; claims; csv,on file with author,e7b8525edb67900f36201904999b8f4db5bc4f4dc71188ae56aa9e3c33f990c3
"10710340_2025_Evan Miranda and Evelyn Perez v. Yorkhill Housing Inc., et al._nysd",,,,10710340,https://www.courtlistener.com/api/rest/v4/clusters/10710340/,RA; claims; csv,,
"10710808_2025_Dillion M. Forrest v. State of Indiana, APS, BDDS, Margaret Timmel, T.A. Enterprise, New Hope Services, Comm. Integration _ Habilitation, Katie Huff, K_W, Todd Paxton, John Wernert, Rescare Community Living","Dillion M. Forrest v. State of Indiana, APS, BDDS, Margaret Timmel, T.A. Enterprise, New Hope Services, Comm. Integration & Habilitation, Katie Huff, K&W, Todd Paxton, John Wernert, Rescare Community Living",S.D. Ind.,2025,10710808,https://www.courtlistener.com/api/rest/v4/clusters/10710808/,RA; claims; csv; phase1_patch,on file with author,7f499c3c12b1e8ae094a71291a45b59a145eb51bf0405d37892c4c1945a71359
10711912_2025_Jarvis Peele et al. v. Louisville Metro Government et al._kywd,,,,10711912,https://www.courtlistener.com/api/rest/v4/clusters/10711912/,RA; claims; csv,,
10711917_2025_David Rheem v. UPMC Pinnacle Hospitals_pamd,,,,10711917,https://www.courtlistener.com/api/rest/v4/clusters/10711917/,RA; claims; csv,,
"10711950_2025_Mary B. Woodard, et al. v. Oakwood Properties_mowd","Mary B. Woodard, et al. v. Oakwood Properties",W.D. Mo.,2025,10711950,https://www.courtlistener.com/api/rest/v4/clusters/10711950/,RA; claims; csv; phase1_patch; phase2_extraction,on file with author,61c55fd09eab5e46f930e3075587ad8932e5a8212f2ecba9b09664007621fc90
10712026_2025_Joseph K Schooler v. UMOM New Day Centers_azd,,,,10712026,https://www.courtlistener.com/api/rest/v4/clusters/10712026/,RA; claims; csv,,
10712458_2025_Oxford House Inc v. Township of North Bergen_ca3,"Oxford House, Inc. v. Township of North Bergen",3d Cir.,2025,10712458,https://www.courtlistener.com/api/rest/v4/clusters/10712458/,RA; 3604; claims; csv,,
"10713560_2025_Phillip Pella v. Atlantic County Department of Family and Community Development, New Jersey Department of Human Services, Helen Cheatham, Audrey Alphaeus, John_Jane Does 1-10_njd","Phillip Pella v. Atlantic County Department of Family and Community Development, New Jersey Department of Human Services, Helen Cheatham, Audrey Alphaeus, John/Jane Does 1-10",D.N.J.,2025,10713560,https://www.courtlistener.com/api/rest/v4/clusters/10713560/,RA; 3604; claims; csv,,
10714020_2025_Preston Jermain Lewis v. Barrons Property Managers Inc._ca11,Preston Jermain Lewis v. Barrons Property Managers Inc.,11th Cir.,2025,10714020,https://www.courtlistener.com/api/rest/v4/clusters/10714020/,RA; claims; csv,,
10714396_2025_Estela Elizabeth Jeffcoat v. Brookings Housing _ Redevelopment Commission_sdd,Estela Elizabeth Jeffcoat v. Brookings Housing & Redevelopment Commission,D.S.D.,2025,10714396,https://www.courtlistener.com/api/rest/v4/clusters/10714396/,RA; 3604; claims; csv; phase1_patch,,
"10714653_2025_Daniel Shirley v. Mulberry Properties LLC, et al._gamd","Daniel Shirley v. Mulberry Properties LLC, et al.",M.D. Ga.,2025,10714653,https://www.courtlistener.com/api/rest/v4/clusters/10714653/,RA; claims; csv; phase1_patch,on file with author,58b55bf16d420d1e74e7c8eb66e2cec64317966ff6c7ec02f9e6a1094253d54c
"10715172_2025_Wayne Alexander Howlett v. City of Susanville, et al._caed","Wayne Alexander Howlett v. City of Susanville, et al.",E.D. Cal.,2025,10715172,https://www.courtlistener.com/api/rest/v4/clusters/10715172/,RA; 3604; claims; csv,,
"10715251_2025_T_R Properties, Inc., et al. v. Berlin Township, et al._ohsd","T&R Properties, Inc., et al. v. Berlin Township, et al.",S.D. Ohio,2025,10715251,https://www.courtlistener.com/api/rest/v4/clusters/10715251/,RA; claims; csv; phase1_patch,,
"10715355_2025_Curtis Stowe v. Chalet Capri Condominium Association, Inc., and David Kidd_flmd","Curtis Stowe v. Chalet Capri Condominium Association, Inc., and David Kidd",M.D. Fla.,2025,10715355,https://www.courtlistener.com/api/rest/v4/clusters/10715355/,RA; claims; csv,on file with author,fa538ce3ee749d21aedab740a0685cd594083bfe556ea96db8568d6e28570f5d
"10715870_2025_Greater Guide, Inc. d_b_a American Service Pets v. SAPS LLC et al._laed",,,,10715870,https://www.courtlistener.com/api/rest/v4/clusters/10715870/,RA; claims; csv,,
10716276_2025_Vlad Kroutik v. Natalie Rajic_casd,,,,10716276,https://www.courtlistener.com/api/rest/v4/clusters/10716276/,RA; claims; csv,,
"10716332_2025_Damia Bjurling v. Alec Johnson, et al._wawd","Damia Bjurling v. Alec Johnson, et al.",W.D. Wash.,2025,10716332,https://www.courtlistener.com/api/rest/v4/clusters/10716332/,RA; 3604; claims; csv,on file with author,1e1eeb157e947a4e4f5cf426e9ece6f3c98cecae23ed74188c7f0959b879146f
"10716430_2025_Alfey Ramdhan v. Morgan Stonehill, LLC_nvd","Alfey Ramdhan v. Morgan Stonehill, LLC",D. Nev.,2025,10716430,https://www.courtlistener.com/api/rest/v4/clusters/10716430/,RA; 3604; claims; csv,on file with author,8d5b9d5d5d9ab50a3a562b3527649d87c91a13f01aac30d7a86a8b6228b527df
"10716560_2025_Felice Lazae Martin, et al. v. Michael Castillo, et al._caed","Felice Lazae Martin, et al. v. Michael Castillo, et al.",E.D. Cal.,2025,10716560,https://www.courtlistener.com/api/rest/v4/clusters/10716560/,RA; 3604; claims; csv,on file with author,9eea814c4ab987b21b9aca889d34d3be84e57c87978fc9ae7683412c7ef3fa7f
"10730094_2025_Eric Crouse v. Housing Works, Deschutes County, and the State of Oregon_ord","Eric Crouse v. Housing Works, Deschutes County, and the State of Oregon",D. Or.,2025,10730094,https://www.courtlistener.com/api/rest/v4/clusters/10730094/,RA; 3604; claims; csv,on file with author,3b2ba3a04a17913af1e84b70b13d824b1ba0ca46f676b1880fbe6dc50ae2cd42
"10730134_2025_Mikel James Gueltzau v. Derek Warehime, Property Manager and Owner; and Cathy Warehime, Property Manager and Owner_ned","Mikel James Gueltzau v. Derek Warehime, Property Manager and Owner; and Cathy Warehime, Property Manager and Owner",D. Neb.,2025,10730134,https://www.courtlistener.com/api/rest/v4/clusters/10730134/,RA; claims; csv; phase1_patch,,
"10730290_2025_Yifan Shen v. Commissioner, Florida Department of Agriculture and Consumer Services_ca11","Yifan Shen v. Commissioner, Florida Department of Agriculture and Consumer Services",11th Cir.,2025,10730290,https://www.courtlistener.com/api/rest/v4/clusters/10730290/,RA; 3604; claims; csv,,
"10730691_2025_Maria Guadalupe Aguilera v. Capital One, N.A., Jack Johnson, Kristina Nevel, Joanne Tucker, Suzanne Drotman, and Judith Williams_oknd",,,,10730691,https://www.courtlistener.com/api/rest/v4/clusters/10730691/,RA; claims; csv,,
"10730883_2025_Mikel James Gueltzau v. Derek Warehime, Property Manager and Owner; and Cathy Warehime, Property Manager and Owner_ned","Mikel James Gueltzau v. Derek Warehime, Property Manager and Owner; and Cathy Warehime, Property Manager and Owner",D. Neb.,2025,10730883,https://www.courtlistener.com/api/rest/v4/clusters/10730883/,RA; claims; csv,,
"10731021_2025_Asya Weston, et al. v. WIP 800 J Lofts, et al._caed","Asya Weston, et al. v. WIP 800 J Lofts, et al.",E.D. Cal.,2025,10731021,https://www.courtlistener.com/api/rest/v4/clusters/10731021/,RA; 3604; claims; csv,on file with author,5ad8da92f373ee1c726fb9146ad3d6540e4a643d877921f73ca15102d7dd3a88
10731555_2025_Daniel Reeves v. United States of America et al._gasd,,,,10731555,https://www.courtlistener.com/api/rest/v4/clusters/10731555/,RA; claims; csv,,
"10731564_2025_United States of America v. Five Properties, LLC et al._laed","United States of America v. Five Properties, LLC et al.",E.D. La.,2025,10731564,https://www.courtlistener.com/api/rest/v4/clusters/10731564/,RA; claims; csv,,
"10731635_2025_Troy King v. Julia Owner LLC, et al._azd","Troy King v. Julia Owner LLC, et al.",D. Ariz.,2025,10731635,https://www.courtlistener.com/api/rest/v4/clusters/10731635/,RA; claims; csv,on file with author,8e016bf8eb364fde4a427ea6481f68f8611fcf58d8cb3c2fc238f20182b822b0
"10731728_2025_Irish Horton v. Beacon Woods East Master Association, Inc., Ronnie Armstrong, and Christopher Skene_flmd","Irish Horton v. Beacon Woods East Master Association, Inc., Ronnie Armstrong, and Christopher Skene",M.D. Fla.,2025,10731728,https://www.courtlistener.com/api/rest/v4/clusters/10731728/,RA; 3604; claims; csv,on file with author,aa1b6482223242b1a227925b410e313ee92848a0b21e71abfabb43f491d85e4d
"10731759_2025_Toby Masse v. Clark County, et al._wawd","Toby Masse v. Clark County, et al.",W.D. Wash.,2025,10731759,https://www.courtlistener.com/api/rest/v4/clusters/10731759/,RA; claims; csv,,
"10732345_2025_Ronald Satish Emrit and Presidential Committee_Political Action Committee_Separate Segregated Fund Number C00569897 d_b_a United Emrits of America v. Erin Burnett, et al._nmd","Ronald Satish Emrit and Presidential Committee/Political Action Committee/Separate Segregated Fund Number C00569897 d/b/a United Emrits of America v. Erin Burnett, et al.",D.N.M.,2025,10732345,https://www.courtlistener.com/api/rest/v4/clusters/10732345/,RA; claims; csv; phase1_patch,on file with author,b25542f41d75c81d71fc0d26127c4c1d1f8622f7f914acbb3fcb5da265cf8914
10732441_2025_Anthony George Bell v. Weinreb Management LLC; Abraham Reiss of Weinreb Management LLC; Pitor Piwowarczyk of 455 Ocean Associates LLC; 455 Ocean Associates LLC_nyed,Anthony George Bell v. Weinreb Management LLC; Abraham Reiss of Weinreb Management LLC; Pitor Piwowarczyk of 455 Ocean Associates LLC; 455 Ocean Associates LLC,E.D.N.Y.,2025,10732441,https://www.courtlistener.com/api/rest/v4/clusters/10732441/,RA; 3604; claims; csv,on file with author,bb0469749fe3ffa7de264fc994384be22a7fd3d8758920276eb792187de6d5e6
"10734040_2025_Elewood Torres, on behalf of himself and all others similarly situated v. MMS Group LLC. d_b_a MMS Group, New York City Housing Preservation and Development, New York State Division of Housing and Community","Elewood Torres, on behalf of himself and all others similarly situated v. MMS Group LLC. d/b/a MMS Group, New York City Housing Preservation and Development, New York State Division of Housing and Community Renewal",S.D.N.Y.,2025,10734040,https://www.courtlistener.com/api/rest/v4/clusters/10734040/,RA; claims; csv; phase1_patch,,
"10734407_2025_Farrial Mercer v. Kristopher Brewer, et al._almd",,,,10734407,https://www.courtlistener.com/api/rest/v4/clusters/10734407/,RA; claims; csv,,
"10734421_2025_Valery Kantsepolsky v. River Shores Association, Inc._flsd","Valery Kantsepolsky v. River Shores Association, Inc.",S.D. Fla.,2025,10734421,https://www.courtlistener.com/api/rest/v4/clusters/10734421/,RA; claims; csv,,
"10734581_2025_N. Clark LLC, ET AL v. UNITED STATES DEPARTMENT OF HOUSING AND URBAN DEVELOPMENT, ET AL_laed",N. Clark LLC v. United States Department of Housing and Urban Development,E.D. La.,2025,10734581,https://www.courtlistener.com/api/rest/v4/clusters/10734581/,RA; 3604; claims; csv; phase1_patch,on file with author,4b70c7db8bb9e108ae17a423ff1e03b5445a069aa8b2f2ad39ecc3a0dd13c290
"10734649_2025_Michael Troy Wilkes v. San Mateo County Transit District (SAMTRANS), et al._cand","Michael Troy Wilkes v. San Mateo County Transit District (SAMTRANS), et al.",N.D. Cal.,2025,10734649,https://www.courtlistener.com/api/rest/v4/clusters/10734649/,RA; claims; csv; phase1_patch,,
10735679_2025_Delroy Askins v. Prestige Management Inc.; Lowell Hendricks_nysd,Delroy Askins v. Prestige Management Inc.; Lowell Hendricks,S.D.N.Y.,2025,10735679,https://www.courtlistener.com/api/rest/v4/clusters/10735679/,RA; 3604; claims; csv,on file with author,9079d30ce9dbce18853ea869c2ff135647becfd167ce63e8c36d3b4a65e97539
10736151_2025_Jana Smith v. Mark Downey; Charles Olsen; Ariell Hartwell; Mark Simon; and Sherman Smith_ord,Jana Smith v. Mark Downey; Charles Olsen; Ariell Hartwell; Mark Simon; and Sherman Smith,D. Or.,2025,10736151,https://www.courtlistener.com/api/rest/v4/clusters/10736151/,RA; 3604; claims; csv; phase1_patch,,
"10737079_2025_Lawrence Bryant v. Jonathan Lagos, Et al._flsd","Lawrence Bryant v. Jonathan Lagos, Et al.",S.D. Fla.,2025,10737079,https://www.courtlistener.com/api/rest/v4/clusters/10737079/,3604; claims; csv,on file with author,0c29996afa0e2b8534a7fc252de4ee7deefbdffb5eaa87df357af9692a33b90f
"10737104_2025_Dyshawn Underwood, individually, and as guardian of minor child K.U. v. Blue Leaf Residential Management, LLC, et al._ohsd","Dyshawn Underwood, individually, and as guardian of minor child K.U. v. Blue Leaf Residential Management, LLC, et al.",S.D. Ohio,2025,10737104,https://www.courtlistener.com/api/rest/v4/clusters/10737104/,RA; claims; csv; phase1_patch,,
10737236_2025_Alicia Paschall v. Amber Andrade and Julie Hardison_waed,Alicia Paschall v. Amber Andrade and Julie Hardison,E.D. Wash.,2025,10737236,https://www.courtlistener.com/api/rest/v4/clusters/10737236/,RA; claims; csv,on file with author,3b9c84d74d5917b1b74c758b55a6f5d6701b8bf308a47fd2c54319427a0bdd00
"10739169_2025_Asia Martin, et al. v. Federal Home Loan Mortgage Corp. and Ansonia Property Management, LLC_ilnd","Asia Martin, et al. v. Federal Home Loan Mortgage Corp. and Ansonia Property Management, LLC",N.D. Ill.,2025,10739169,https://www.courtlistener.com/api/rest/v4/clusters/10739169/,RA; claims; csv,,
"10739282_2025_Trestle Creek Association v. Stephen R. Schooley, Jody F. Schooley_mtd",,,,10739282,https://www.courtlistener.com/api/rest/v4/clusters/10739282/,RA; 3604; claims; csv,,
"10740192_2025_Connie D. Parker v. PulteGroup, Inc., et al._mdd","Connie D. Parker v. PulteGroup, Inc., et al.",D. Md.,2025,10740192,https://www.courtlistener.com/api/rest/v4/clusters/10740192/,RA; claims; csv,,
10740678_2025_John R. Fouts v. United States of America et al._kywd,John R. Fouts v. United States of America et al.,W.D. Ky.,2025,10740678,https://www.courtlistener.com/api/rest/v4/clusters/10740678/,RA; claims; csv; phase1_patch,on file with author,6ace310afcd031cff71a301eafad824955a5bcaaa9e55273d5884008d6bc8b99
10740712_2025_United States of America ex rel. Eric J. Russell v. The City of Columbus_ohsd,,,,10740712,https://www.courtlistener.com/api/rest/v4/clusters/10740712/,RA; claims; csv,,
"10740783_2025_Hlevictor A. Hoskins, Jr. and Tracey R. Young v. Plaza Place Owners Association, Inc. and Associa Principal Management Group of Houston_txsd","Hlevictor A. Hoskins, Jr. and Tracey R. Young v. Plaza Place Owners Association, Inc. and Associa Principal Management Group of Houston",S.D. Tex.,2025,10740783,https://www.courtlistener.com/api/rest/v4/clusters/10740783/,RA; claims; csv,,
"10741156_2025_Jessica Berk v. Ritz Condominium Association, et al._njd","Jessica Berk v. Ritz Condominium Association, et al.",D.N.J.,2025,10741156,https://www.courtlistener.com/api/rest/v4/clusters/10741156/,RA; claims; csv; phase1_patch,on file with author,54a18b5026ae7d367e504227eac737772eb7bbbb3cf11d5ca6c1d4c349a2a931
"10741255_2025_Jimmy Keels Williamson v. Christian Recovery Centers, Inc._nced","Jimmy Keels Williamson v. Christian Recovery Centers, Inc.",E.D.N.C.,2025,10741255,https://www.courtlistener.com/api/rest/v4/clusters/10741255/,RA; claims; csv,on file with author,52c24998f65f664caf19d6726daba2017af367919f527276cd8dbd1811ad1cff
"10741283_2025_Concern for Independent Living, Inc. v. Town of Southampton, New York, and Town Board of the Town of Southampton_nyed","Concern for Independent Living, Inc. v. Town of Southampton, New York, and Town Board of the Town of Southampton",E.D.N.Y.,2025,10741283,https://www.courtlistener.com/api/rest/v4/clusters/10741283/,RA; claims; csv; phase1_patch,,
10742015_2025_Ziparo v. CSX Transportation_ca2,,,,10742015,https://www.courtlistener.com/api/rest/v4/clusters/10742015/,RA; claims; csv,,
"10742406_2025_David D. Crossett v. Douglas Shumway, and Carriage Crossing Homeowners Association, Inc._utd","David D. Crossett v. Douglas Shumway and Carriage Crossing Homeowners Association, Inc.",D. Utah,2025,10742406,https://www.courtlistener.com/api/rest/v4/clusters/10742406/,RA; 3604; claims; csv,,
"10743592_2025_JAMES B. HERRERA v. MADDOX MANAGEMENT, LLC_nmd","James B. Herrera v. Maddox Management, LLC",D.N.M.,2025,10743592,https://www.courtlistener.com/api/rest/v4/clusters/10743592/,RA; 3604; claims; csv,on file with author,77baf668775b510b6a52a5987d8b2eee50a8046eab50d292b7c3118d00973784
"10743632_2025_Raphael Jackson, et al. v. Mills Properties, Inc., et al._moed","Raphael Jackson, et al. v. Mills Properties, Inc., et al.",E.D. Mo.,2025,10743632,https://www.courtlistener.com/api/rest/v4/clusters/10743632/,RA; claims; csv,on file with author,544ec36c6c227bfd724a638345b84d6cda7b8a9544a860adbd6dafe9c9500c3e
10744139_2025_Desiree Knight v. Macon Housing Authority_gamd,Desiree Knight v. Macon Housing Authority,M.D. Ga.,2025,10744139,https://www.courtlistener.com/api/rest/v4/clusters/10744139/,RA; 3604; claims; csv,on file with author,7b056785218bd6a9c0408958cc88bb55a093986e17e3c4ee26a4bce65a1a8c19
"10744240_2025_Irvin G. Murray v. U.S. Treasury, et al._paed","Irvin G. Murray v. U.S. Treasury, et al.",E.D. Pa.,2025,10744240,https://www.courtlistener.com/api/rest/v4/clusters/10744240/,RA; 3604; claims; csv; phase1_patch,on file with author,bd2870db2f54cf21ccdfb2560601c548d1f5cf50764a05576cfb259ecbf03204
"10744257_2025_Robert A. Johnson v. Raven Wood Homeowners Association, et al._wawd","Robert A. Johnson v. Raven Wood Homeowners Association, et al.",W.D. Wash.,2025,10744257,https://www.courtlistener.com/api/rest/v4/clusters/10744257/,RA; claims; csv; phase1_patch,,
"10745098_2025_K.D., a minor, by and through his Guardian ad Litem, LaQuantae Davis v. CALIBER CHANGEMAKERS, et al._caed",,,,10745098,https://www.courtlistener.com/api/rest/v4/clusters/10745098/,3604; claims,,
10745683_2025_Anthony Alfieri v. Cortland Management LLC_azd,Anthony Alfieri v. Cortland Management LLC,D. Ariz.,2025,10745683,https://www.courtlistener.com/api/rest/v4/clusters/10745683/,RA; 3604; claims; csv,,
"10745833_2025_Mekal Faruki v. Housing Authority for the County of Sacramento, et al._caed","Mekal Faruki v. Housing Authority for the County of Sacramento, et al.",E.D. Cal.,2025,10745833,https://www.courtlistener.com/api/rest/v4/clusters/10745833/,RA; 3604; claims; csv,on file with author,3160861315859c336e43b4c4eaea17aa27f8cb78e022c6e43e0a687ae1405809
"10746118_2025_Sean Murphy v. Brixworth Homeowners Ass'n, Inc._ca6","Sean Murphy; Denise Pagels, et al. v. Brixworth Homeowners Association, Inc.",6th Cir.,2025,10746118,https://www.courtlistener.com/api/rest/v4/clusters/10746118/,RA; claims; csv,,
"10746417_2025_T_R PROPERTIES, INC., et al. v. BERLIN TOWNSHIP, et al._ohsd","T&R Properties, Inc., et al. v. Berlin Township, et al.",S.D. Ohio,2025,10746417,https://www.courtlistener.com/api/rest/v4/clusters/10746417/,RA; claims; csv,,
10747698_2025_Manal Farhan v. 2715 NMA LLC_ca7,Manal Farhan v. 2715 NMA LLC,7th Cir.,2025,10747698,https://www.courtlistener.com/api/rest/v4/clusters/10747698/,RA; 3604; claims; csv,,
10747699_2025_Manal Farhan v. 2715 NMA LLC_ca7,Manal Farhan v. 2715 NMA LLC,7th Cir.,2025,10747699,https://www.courtlistener.com/api/rest/v4/clusters/10747699/,RA; claims; csv,,
"10748104_2025_61 East Main Street Associates, LLC, and Moche Halpern v. The Village of Washingtonville, Thomas Devinko, in his official and individual capacities, Donna Jacaruso, in her official and individual capacities","61 East Main Street Associates, LLC, and Moche Halpern v. The Village of Washingtonville",S.D.N.Y.,2025,10748104,https://www.courtlistener.com/api/rest/v4/clusters/10748104/,RA; claims; csv,,
"10748138_2025_Williams Victor Funes Nunez v. Morgan Properties LLC, et al._njd","Williams Victor Funes Nunez v. Morgan Properties LLC, et al.",D.N.J.,2025,10748138,https://www.courtlistener.com/api/rest/v4/clusters/10748138/,RA; claims; csv,,
"10748519_2025_Karen Denise Price, individually and as executor and sole beneficiary of the Estate of Dennis H. Buie v. FCI Lender Services, et al._gand","Karen Denise Price, individually and as executor and sole beneficiary of the Estate of Dennis H. Buie v. FCI Lender Services, et al.",S.D.N.Y.,2025,10748519,https://www.courtlistener.com/api/rest/v4/clusters/10748519/,RA; claims; csv; phase1_patch; phase2_extraction,,
"10748536_2025_Lance Frazier v. Justin Luther, Individually and d_b_a Luther Properties, LLC, Phillip Kennedy, and Angie Kennedy_msnd","Lance Frazier v. Justin Luther, Individually and d/b/a Luther Properties, LLC, Phillip Kennedy, and Angie Kennedy",N.D. Miss.,2025,10748536,https://www.courtlistener.com/api/rest/v4/clusters/10748536/,RA; claims; csv,,
"10748635_2025_Duc L. Trinh and Sally Y. Ly v. La Jolla Racquet Club Condominium Owners’ Association, Inc., et al._casd","Duc L. Trinh and Sally Y. Ly v. La Jolla Racquet Club Condominium Owners' Association, Inc., et al.",S.D. Cal.,2025,10748635,https://www.courtlistener.com/api/rest/v4/clusters/10748635/,RA; claims; csv,,
10749500_2025_Shyane Harden v. Kier Management; Michelle Tipplette; and Lindsay Borke_utd,Shyane Harden v. Kier Management; Michelle Tipplette; and Lindsay Borke,D. Utah,2025,10749500,https://www.courtlistener.com/api/rest/v4/clusters/10749500/,RA; 3604; claims; csv; phase2_extraction,,
10749598_2025_John McCready v. RE_MAX Achievers_paed,McCready v. Re/Max Achievers,E.D. Pa.,2025,10749598,https://www.courtlistener.com/api/rest/v4/clusters/10749598/,RA; claims; csv; phase1_patch,,
10749641_2025_Continuum Capital Funding LLC v. Jerome Hardwick_ilnd,,,,10749641,https://www.courtlistener.com/api/rest/v4/clusters/10749641/,RA; claims; csv,,
"10752477_2025_Cahail v. United States of America, The_ksd","Karen Cahail and Rachel Cahail v. United States of America, et al.",D. Kan.,2025,10752477,https://www.courtlistener.com/api/rest/v4/clusters/10752477/,RA; claims; csv; phase1_patch,,
"10754293_2025_Stephen Gray, et al. v. Warren Verbanec, et al._cand","Stephen Gray, et al. v. Warren Verbanec, et al.",N.D. Cal.,2025,10754293,https://www.courtlistener.com/api/rest/v4/clusters/10754293/,RA; claims; csv; phase1_patch,on file with author,d00d0bf474fdf440b23d3206b4438819b1ba6d2a3e4f9c8b24d8547abbf6560d
"10754314_2025_Jacqueline Huskey and Ritan Wynn, on behalf of themselves and all others similarly situated v. State Farm Fire _ Casualty Company_ilnd","Jacqueline Huskey and Ritan Wynn, on behalf of themselves and all others similarly situated v. State Farm Fire & Casualty Company",N.D. Ill.,2025,10754314,https://www.courtlistener.com/api/rest/v4/clusters/10754314/,RA; claims; csv,,
"10754452_2025_Michael S. McLain and Rosalee Janette McLain v. Board of County Commissioners of Sedgwick County, Kansas, et al._ksd","Michael S. McLain and Rosalee Janette McLain v. Board of County Commissioners of Sedgwick County, Kansas, et al.",D. Kan.,2025,10754452,https://www.courtlistener.com/api/rest/v4/clusters/10754452/,RA; 3604; claims; csv,on file with author,76b4d5eda1c5f9a5cfb92ad64b449e6e9fd1392a4b7053dd1932fcd83cfb5001
10755145_2025_Desiree Knight v. Macon Housing Authority_gamd,Desiree Knight v. Macon Housing Authority,M.D. Ga.,2025,10755145,https://www.courtlistener.com/api/rest/v4/clusters/10755145/,RA; claims; csv,on file with author,667a4da18b29c6cd970387c9cff4b67185586e5d4da50e50ab30fcfb36cabd32
"10755281_2025_U.S. Bank National Association v. Debbie Alice Thompson, et al._cand",,,,10755281,https://www.courtlistener.com/api/rest/v4/clusters/10755281/,RA; 3604; claims; csv,,
"10755748_2025_Dominic Son v. Oakmont Properties-Azure, LLC, et al._nvd","Dominic Son v. Oakmont Properties-Azure, LLC, et al.",D. Nev.,2025,10755748,https://www.courtlistener.com/api/rest/v4/clusters/10755748/,RA; claims; csv,on file with author,c45fda30abb14a821b8a7b1f3f70e1cb85aead74dde2e0352245470ed9d39007
"10755962_2025_Bernard T. Anderson Bey v. Roc Nation LLC, et al._nysd","Bernard T. Anderson Bey v. Roc Nation LLC, et al.",S.D.N.Y.,2025,10755962,https://www.courtlistener.com/api/rest/v4/clusters/10755962/,RA; claims; csv,on file with author,8d82f63c0f12baddeb478844eab99b036836aa24de53c37002d0f9ab1c69f0c4
"10756235_2025_Daisy Bueno, individually and as guardian ad litem for S.B., a minor v. Bass Lake Joint Union Elementary School District_caed",,,,10756235,https://www.courtlistener.com/api/rest/v4/clusters/10756235/,3604; claims,,
"10756321_2025_Anthony Montero v. New York City Housing Authority (NYCHA), et al._nysd","Anthony Montero v. New York City Housing Authority (NYCHA), et al.",S.D.N.Y.,2025,10756321,https://www.courtlistener.com/api/rest/v4/clusters/10756321/,RA; claims; csv; phase2_extraction,,
"10756893_2025_Felice Lazae Martin, et al. v. Michael Castillo, et al._caed","Felice Lazae Martin, et al. v. Michael Castillo, et al.",E.D. Cal.,2025,10756893,https://www.courtlistener.com/api/rest/v4/clusters/10756893/,RA; 3604; claims; csv; phase1_patch,on file with author,64316e49a2d50053d6d1ed043082f07855281ab82e80adf61c8f8ddee3f1bfa8
"10756942_2025_Anita Valladores, et al. v. Ashtree Apartments, LLC_caed","Anita Valladores, et al. v. Ashtree Apartments, LLC",E.D. Cal.,2025,10756942,https://www.courtlistener.com/api/rest/v4/clusters/10756942/,RA; claims; csv; phase1_patch,,
"10757113_2025_Mezie Oduka v. Danisha Davis, et al._nysd","Mezie Oduka v. Danisha Davis, et al.",S.D.N.Y.,2025,10757113,https://www.courtlistener.com/api/rest/v4/clusters/10757113/,RA; claims; csv; phase1_patch,,
"10757487_2025_Sehra Waheed v. MLMIC Insurance Company; Sonia Kim; Michael Terrani; Garden OBGYN of East 67th Street; Bethpage Medical, PLLC, d_b_a Garden OBGYN_nysd","Sehra Waheed v. MLMIC Insurance Company; Sonia Kim; Michael Terrani; Garden OBGYN of East 67th Street; Bethpage Medical, PLLC",S.D.N.Y.,2025,10757487,https://www.courtlistener.com/api/rest/v4/clusters/10757487/,RA; 3604; claims; csv,on file with author,24e704708de226a5b6ccf6c9d3667ace0395027eed2ef72802971d6fd9c1f330
"10757573_2025_Matt Hewitt v. Jennifer Price, et al._caed",,,,10757573,https://www.courtlistener.com/api/rest/v4/clusters/10757573/,RA; 3604; claims; csv,,
"10757952_2025_DJ Mobile, LLC v. Andre Murphy_caed",,,,10757952,https://www.courtlistener.com/api/rest/v4/clusters/10757952/,RA; claims; csv,,
"10757978_2025_Susan Suarez; Delailah Perez; Andre Rojas v. Park Lane Management Corporation, et al._nysd","Susan Suarez; Delailah Perez; Andre Rojas v. Park Lane Management Corporation, et al.",S.D.N.Y.,2025,10757978,https://www.courtlistener.com/api/rest/v4/clusters/10757978/,RA; 3604; claims; csv,on file with author,1e6d3303fcd8391053fc62dfdf6006fd0e4fbffdc346c29053ffd03669012243
10758666_2025_Estela Elizabeth Jeffcoat v. Brookings Housing _ Redevelopment Commission_sdd,Estela Elizabeth Jeffcoat v. Brookings Housing & Redevelopment Commission,D.S.D.,2025,10758666,https://www.courtlistener.com/api/rest/v4/clusters/10758666/,RA; claims; csv,,
"10760654_2025_Richard Renfroe v. Burlington Capital Properties, L.L.C._ned",,,,10760654,https://www.courtlistener.com/api/rest/v4/clusters/10760654/,RA; claims; csv,,
"10762371_2025_Domonique Cornell Wilson, et al. v. Holiday Estates, et al._mied","Domonique Cornell Wilson, et al. v. Holiday Estates, et al.",E.D. Mich.,2025,10762371,https://www.courtlistener.com/api/rest/v4/clusters/10762371/,RA; claims; csv; phase2_extraction,,
"10762570_2025_Shirley Drummer v. Southern Nevada Regional Housing Authority, et al._nvd","Shirley Drummer v. Southern Nevada Regional Housing Authority, et al.",D. Nev.,2025,10762570,https://www.courtlistener.com/api/rest/v4/clusters/10762570/,RA; claims; csv,on file with author,720a63e243f0b8772b9dd766c3ae4d7d4e60b280f1a00a3d4027888418bef6fa
10762659_2025_Eve Escobedo v. Rogelio Carlos Gonzalez_txwd,Eve Escobedo v. Rogelio Carlos Gonzalez,W.D. Tex.,2025,10762659,https://www.courtlistener.com/api/rest/v4/clusters/10762659/,RA; claims; csv,on file with author,0ce5d17126087ed3629fc118b892d63704d0b7db2e1f00b9fbcf7e79aa9c2d10
"10763487_2025_Dornnel Locke, et al. v. Wayne J. Griffin Electric, Inc., et al._ctd",,,,10763487,https://www.courtlistener.com/api/rest/v4/clusters/10763487/,RA; claims; csv,,
"10763543_2025_Tyree Moore v. Office of Economic Opportunity, Zugely Ortiz, Danielle Majted_njd","Tyree Moore v. Office of Economic Opportunity, Zugely Ortiz, Danielle Majted",D.N.J.,2025,10763543,https://www.courtlistener.com/api/rest/v4/clusters/10763543/,RA; 3604; claims; csv; phase1_patch,on file with author,8a0a12833662d43c0953356143a4173d3d3a3b97fa87e6c8e9619ec9ed21f836
"10763627_2025_Anthony Alfieri v. Cortland Management LLC, et al._azd","Anthony Alfieri v. Cortland Management LLC, et al.",D. Ariz.,2025,10763627,https://www.courtlistener.com/api/rest/v4/clusters/10763627/,RA; claims; csv; phase2_extraction,,
"10763692_2025_Nicole Furnas v. Tierra Luna and Sol Enterprises, LLC; et al._azd","Nicole Furnas v. Tierra Luna and Sol Enterprises, LLC, et al.",D. Ariz.,2025,10763692,https://www.courtlistener.com/api/rest/v4/clusters/10763692/,RA; claims; csv,,
"10764103_2025_Carlos Alonso Cano v. 245 C_C, LLC_ca11","Carlos A. Alonso Cano v. 245 C&C, LLC",11th Cir.,2025,10764103,https://www.courtlistener.com/api/rest/v4/clusters/10764103/,RA; claims; csv,,
"10764500_2025_South Carolina State Conference and Georgetown County Branch of the National Association for the Advancement of Colored People, FourSix Development, and We Do Good Work, LLC v. Georgetown County, a politica","South Carolina State Conference and Georgetown County Branch of the National Association for the Advancement of Colored People, FourSix Development, and We Do Good Work, LLC v. Georgetown County",D.S.C.,2025,10764500,https://www.courtlistener.com/api/rest/v4/clusters/10764500/,RA; claims; csv,on file with author,27357a1ca92c54b6cc20e75637bbf9b34c5b35fe4277cca97c1943afab24add2
"10765213_2025_Mark Patrick Gansert v. Residences at Landon Ridge LP, AP Companies, Housing Authority of the City of San Antonio_txwd","Mark Patrick Gansert v. Residences at Landon Ridge LP, AP Companies, Housing Authority of the City of San Antonio",W.D. Tex.,2025,10765213,https://www.courtlistener.com/api/rest/v4/clusters/10765213/,RA; claims; csv; phase1_patch,on file with author,581d5e19195076beb818240c55242ea11836b91a797a70467affb13512c826bc
10765243_2025_Justin Baker v. The Emerald Condos et al._wawd,Justin Baker v. The Emerald Condos et al.,W.D. Wash.,2025,10765243,https://www.courtlistener.com/api/rest/v4/clusters/10765243/,RA; 3604; claims; csv,,
10765288_2025_Johnny Moffett v. Columbia Manor et al._wawd,Johnny Moffett v. Columbia Manor et al.,W.D. Wash.,2025,10765288,https://www.courtlistener.com/api/rest/v4/clusters/10765288/,RA; 3604; claims; csv,on file with author,37efaa48aec87c0b0397a738fe2dcd4096b15b8a98c8dae5d0c04327545d557a
"10766204_2025_Mary E. Martinez v. ABQ Code Enforcement, Angelo Matzer, Ray Velarde, and William (Josh) Gallegos_nmd","Mary E. Martinez v. ABQ Code Enforcement, Angelo Matzer, Ray Velardez, and William (Josh) Gallegos",D.N.M.,2025,10766204,https://www.courtlistener.com/api/rest/v4/clusters/10766204/,RA; claims; csv; phase1_patch,on file with author,b13e60d1d0e8511b820a161976140521bb3ba3ecd263198242718756204d58c5
"10766223_2025_Maurice Dosso v. The Coventry Group Community Management, Inc. et al._vawd","Maurice Dosso v. The Coventry Group Community Management, Inc. et al.",W.D. Va.,2025,10766223,https://www.courtlistener.com/api/rest/v4/clusters/10766223/,RA; claims; csv; phase1_patch,,
10766369_2025_Justin Baker v. The Emerald Condos et al._wawd,Justin Baker v. The Emerald Condos et al.,W.D. Wash.,2025,10766369,https://www.courtlistener.com/api/rest/v4/clusters/10766369/,RA; 3604; claims; csv; phase1_patch,on file with author,f7329bf6ead3c20e9229c4db49e34ca8fdf2e6f080105744e3521b0c9dfa9471
"10766412_2025_Randy Dewayne Pittman v. Landsphere Property Management, et al._cand","Randy Dewayne Pittman v. Landsphere Property Management, et al.",N.D. Cal.,2025,10766412,https://www.courtlistener.com/api/rest/v4/clusters/10766412/,RA; 3604; claims; csv,on file with author,378ea0f8238f72bf9fd1fe1be4e3e2048058cea7ae9044910d9508a3af47c6e7
"10766939_2025_Blakelick Properties, LLC v. The Village of Glen Ellyn_ilnd","Blakelick Properties, LLC v. The Village of Glen Ellyn",N.D. Ill.,2025,10766939,https://www.courtlistener.com/api/rest/v4/clusters/10766939/,RA; claims; csv; phase1_patch,,
"10766941_2025_Valery Kantsepolsky v. River Shores Association, Inc._flsd","Valery Kantsepolsky v. River Shores Association, Inc.",S.D. Fla.,2025,10766941,https://www.courtlistener.com/api/rest/v4/clusters/10766941/,RA; claims; csv,on file with author,b22936a030dc4187b337cd0149da178f2eca46bf4b99a325d0f52cdb012d91ad
10767062_2025_Marcos Isaac Rojas v. Shelter Corporation and Kyle Didier_mnd,Marcos Isaac Rojas v. Shelter Corporation and Kyle Didier,D. Minn.,2025,10767062,https://www.courtlistener.com/api/rest/v4/clusters/10767062/,RA; 3604; claims; csv,,
"10767770_2025_Maurice Dosso v. The Coventry Group Community Management, Inc. et al._wvnd","Maurice Dosso v. The Coventry Group Community Management, Inc. et al.",W.D. Va.,2025,10767770,https://www.courtlistener.com/api/rest/v4/clusters/10767770/,RA; claims; csv,,
10767804_2025_Estela Elizabeth Jeffcoat v. Brookings Housing _ Redevelopment Commission_sdd,Estela Elizabeth Jeffcoat v. Brookings Housing & Redevelopment Commission,D.S.D.,2025,10767804,https://www.courtlistener.com/api/rest/v4/clusters/10767804/,RA; claims; csv,,
"10767808_2025_James E. Jacobson, Jr. v. AH Gresham Park, LLC; AH Albion House, LLC; TMG Property Management Services NW, LLC; and Atlas Property Management_ord","James E. Jacobson, Jr. v. AH Gresham Park, LLC; AH Albion House, LLC; TMG Property Management Services NW, LLC; and Atlas Property Management",D. Or.,2025,10767808,https://www.courtlistener.com/api/rest/v4/clusters/10767808/,RA; claims; csv,on file with author,760b880e7ea16ba1d982149e02472781c13497385b892b9d4b3bd0c4023ff97e
"10767966_2025_Angel Lopez and Kazue Koizumi v. Edward Pec, et al._njd","Angel Lopez and Kazue Koizumi v. Edward Pec, et al.",D.N.J.,2025,10767966,https://www.courtlistener.com/api/rest/v4/clusters/10767966/,RA; 3604; claims; csv,on file with author,76d5edb0494948851ed951cf5d0c67a9dc39ff2b5402599c4688929c0cfd5bfb
"10768029_2025_Scott Robert Moore v. Amy C. Yerkey, et al._cacd","Scott Robert Moore v. Amy C. Yerkey, et al.",C.D. Cal.,2025,10768029,https://www.courtlistener.com/api/rest/v4/clusters/10768029/,RA; claims; csv,,
10768398_2026_Charles Ray Johnson v. Norman Rinehart_sdd,Charles Ray Johnson v. Norman Rinehart,D.S.D.,2026,10768398,https://www.courtlistener.com/api/rest/v4/clusters/10768398/,RA; 3604; claims; csv,on file with author,d64ec9316c8cf8c4cb66da038088efec755397111279babc7c09b2792f526eae
"10768478_2026_Ayman Adeeb v. City of Marina, et al._cand","Ayman Adeeb v. City of Marina, et al.",N.D. Cal.,2026,10768478,https://www.courtlistener.com/api/rest/v4/clusters/10768478/,RA; 3604; claims; csv,on file with author,3e0034bd3e78001be91ced3e1a62d5ca35327e378419d1af71292da0d836ad03
"10768863_2025_Antony Montero v. New York City Housing Authority, et al._nysd","Antony Montero v. New York City Housing Authority, et al.",S.D.N.Y.,2025,10768863,https://www.courtlistener.com/api/rest/v4/clusters/10768863/,RA; claims; csv,,
"10769132_2026_Judy Shaw Foundation v. City of Howard, South Dakota_sdd","Judy Shaw Foundation v. City of Howard, South Dakota",D. S.D.,2026,10769132,https://www.courtlistener.com/api/rest/v4/clusters/10769132/,RA; 3604; claims; csv,,
"10769187_2026_Judy Shaw Foundation v. City of Howard, South Dakota_sdd","Judy Shaw Foundation v. City of Howard, South Dakota",D.S.D.,2026,10769187,https://www.courtlistener.com/api/rest/v4/clusters/10769187/,RA; 3604; claims; csv,,
"10769217_2026_Gerard Torres, + 2 Children v. Alexis Winnell, Property Manager, et al._mad","Gerard Torres, + 2 Children v. Alexis Winnell, Property Manager, et al.",D. Mass.,2026,10769217,https://www.courtlistener.com/api/rest/v4/clusters/10769217/,RA; 3604; claims; csv; phase1_patch,,
"10769390_2026_Dewanna Johnson, et al. v. Providence Homeowners Association and FirstService Residential Texas, Inc.; McKinney Housing Authority v. Providence Homeowners Association and FirstService Residential Texas, Inc","Dewanna Johnson, et al. v. Providence Homeowners Association and FirstService Residential Texas, Inc.; McKinney Housing Authority v. Providence Homeowners Association and FirstService Residential Texas, Inc.",E.D. Tex.,2025,10769390,https://www.courtlistener.com/api/rest/v4/clusters/10769390/,RA; 3604; claims; csv,,
"10769396_2026_Dewanna Johnson, et al. v. Providence Homeowners Association and FirstService Residential Texas, Inc.; McKinney Housing Authority v. Providence Homeowners Association and FirstService Residential Texas, Inc","Dewanna Johnson, et al. v. Providence Homeowners Association and FirstService Residential Texas, Inc.",E.D. Tex.,2026,10769396,https://www.courtlistener.com/api/rest/v4/clusters/10769396/,RA; claims; csv,,
"10769412_2026_Dewanna Johnson, et al. v. Providence Homeowners Association and FirstService Residential Texas, Inc.; McKinney Housing Authority v. Providence Homeowners Association and FirstService Residential Texas, Inc","Dewanna Johnson, et al. v. Providence Homeowners Association and FirstService Residential Texas, Inc.",E.D. Tex.,2025,10769412,https://www.courtlistener.com/api/rest/v4/clusters/10769412/,RA; claims; csv,,
10769863_2026_Marceline Hope Engler v. The Salvation Army_arwd,Marceline Hope Engler v. The Salvation Army,W.D. Ark.,2026,10769863,https://www.courtlistener.com/api/rest/v4/clusters/10769863/,RA; 3604; claims; csv; phase1_patch,,
"10769944_2026_James B. Herrera v. Maddox Management, LLC_nmd","James B. Herrera v. Maddox Management, LLC",D.N.M.,2026,10769944,https://www.courtlistener.com/api/rest/v4/clusters/10769944/,RA; 3604; claims; csv,on file with author,31abd8b5f9516fe3e9d50ea6ad22e9eebc6a0000bf7d66ceb948149b87e3b204
"10770206_2026_Telvon Taylor v. Westland Real Estate Group, LLC., et al._nvd","Telvon Taylor v. Westland Real Estate Group, LLC., et al.",D. Nev.,2026,10770206,https://www.courtlistener.com/api/rest/v4/clusters/10770206/,RA; 3604; claims; csv,,
"10770715_2026_Cincinnati Insurance Company v. Lost Run Farm Community Association, Inc., Armour Property Management, LLC, Vincent Kroon, Ben Wheat, Scott Bruns, Ashlee Wheat, Edward Kowlowitz, Rebecca Kiell, John Garcia,","Cincinnati Insurance Company v. Lost Run Farm Community Association, Inc.",S.D. Ind.,2026,10770715,https://www.courtlistener.com/api/rest/v4/clusters/10770715/,RA; 3604; claims; csv,,
"10770839_2026_United States of America v. Juliet Payseur and 20-22 McGregor Avenue, LLC_njd","United States of America v. Juliet Payseur and 20-22 McGregor Avenue, LLC",D.N.J.,2025,10770839,https://www.courtlistener.com/api/rest/v4/clusters/10770839/,RA; claims; csv,,
10770867_2026_Hector Salvatori v. The Huntington National Bank_ohsd,,,,10770867,https://www.courtlistener.com/api/rest/v4/clusters/10770867/,RA; claims; csv,,
"10772814_2026_Karen Sam _ Robert Sam v. Dekalb Housing Authority, et al._ilnd","Karen Sam & Robert Sam v. DeKalb Housing Authority, et al.",N.D. Ill.,2026,10772814,https://www.courtlistener.com/api/rest/v4/clusters/10772814/,RA; claims; csv,on file with author,1e7682c6c41e5930e3accbe35a675b62e70008a71b7dbd8ba953826945f50663
"10773145_2025_Valery Kantsepolsky v. River Shores Association, Inc._flsd","Valery Kantsepolsky v. River Shores Association, Inc.",S.D. Fla.,2025,10773145,https://www.courtlistener.com/api/rest/v4/clusters/10773145/,RA; 3604; claims; csv,on file with author,df9395f24b72710563210ae69925dbfbdce080d769575a30f3ac337c1ef6b88d
"10773598_2026_Brittany M. Chandler v. LoanCare, LLC; Lakeview Loan Servicing, LLC; and Trustee Corps_ord","Brittany M. Chandler v. LoanCare, LLC; Lakeview Loan Servicing, LLC; and Trustee Corps",D. Or.,2026,10773598,https://www.courtlistener.com/api/rest/v4/clusters/10773598/,RA; claims; csv,,
"10774111_2026_Jacob O’Connor v. Collett’s Mountain Resorts, Inc. d_b_a Flaming Gorge Resort and Maretta Bair_utd","Jacob O'Connor v. Collett's Mountain Resorts, Inc. d/b/a Flaming Gorge Resort and Maretta Bair",D. Utah,2026,10774111,https://www.courtlistener.com/api/rest/v4/clusters/10774111/,RA; 3604; claims; csv,,
"10775296_2026_Jennifer Phillips v. Beckley Police Department and Officer Gregory and Officer Atterson and Officer Murray and Officer Birchfield and Officer Christian, in their individual and official capacities._wvsd",Jennifer Phillips v. Beckley Police Department et al.,S.D. W. Va.,2026,10775296,https://www.courtlistener.com/api/rest/v4/clusters/10775296/,RA; claims; csv,on file with author,e18b6865d1b00ae1fb7a1f20735b4a8f3d7702ecab9d914dc61942e5c17b00d8
"10776090_2026_Ernesto Varela, et al. v. William Harold Hill, et al._moed","Ernesto Varela, et al. v. William Harold Hill, et al.",E.D. Mo.,2025,10776090,https://www.courtlistener.com/api/rest/v4/clusters/10776090/,RA; claims; csv,,
10776210_2026_Bolima Tafah et al. v. Lake Village Townhomes et al._mdd,Bolima Tafah et al. v. Lake Village Townhomes et al.,D. Md.,2026,10776210,https://www.courtlistener.com/api/rest/v4/clusters/10776210/,RA; claims; csv,on file with author,9aa35b907fa22dab79a74f1a95f8d02d1cc79abd1771de2025fea032803a9c4b
"10776283_2026_Akosua AaeBo-Akhan v. Kwesi Akhan, et al._ksd","Akosua Aaebo-Akhan v. Kwesi Akhan, et al.",D. Kan.,2026,10776283,https://www.courtlistener.com/api/rest/v4/clusters/10776283/,RA; claims; csv,on file with author,4aab2c19619be2086640ce2fde1f02f5d1bc02815a35f5f7ea56b3202180f504
"10776300_2025_Min Huang, Qiong Dai, and Jiayin Dong v. Ken Paxton, Attorney General of Texas, in his Official Capacity_txwd","Min Huang, Qiong Dai, and Jiayin Dong v. Ken Paxton, Attorney General of Texas, in his Official Capacity",W.D. Tex.,2025,10776300,https://www.courtlistener.com/api/rest/v4/clusters/10776300/,RA; claims; csv,,
"10776301_2025_Rosanna Barrera v. LDG Riverstone LP, ET AL._txwd","Rosanna Barrera v. LDG Riverstone LP, ET AL.",W.D. Tex.,2025,10776301,https://www.courtlistener.com/api/rest/v4/clusters/10776301/,RA; 3604; claims; csv,,
"10776422_2026_Daniel T. Doria v. Yavapai College District Governing Board, et al._azd","Daniel T. Doria v. Yavapai College District Governing Board, et al.",D. Ariz.,2026,10776422,https://www.courtlistener.com/api/rest/v4/clusters/10776422/,RA; claims; csv; phase1_patch,,
"10776430_2026_Nicole Furnas v. Tierra Luna and Sol Enterprises, LLC; et al._azd","Nicole Furnas v. Tierra Luna and Sol Enterprises, LLC; et al.",D. Ariz.,2026,10776430,https://www.courtlistener.com/api/rest/v4/clusters/10776430/,RA; claims; csv,,
"10776572_2026_Steven E. Hobbs, Sr. v. Igor Goncharko, et al._ilnd","Steven E. Hobbs, Sr. v. Igor Goncharko, et al.",N.D. Ill.,2026,10776572,https://www.courtlistener.com/api/rest/v4/clusters/10776572/,RA; 3604; claims; csv,,
"10776617_2026_Daniel T. Doria v. Happy Jack Lodge LLC, et al._azd","Daniel T. Doria v. Happy Jack Lodge LLC, et al.",D. Ariz.,2026,10776617,https://www.courtlistener.com/api/rest/v4/clusters/10776617/,3604; claims; csv,on file with author,bb72a243d03f6fef16f5debfaa64ce1ce2247ccc68bb82a4f4415a78fe95ae1b
10776828_2025_FDA v. R. J. Reynolds Vapor Co._scotus,,,,10776828,https://www.courtlistener.com/api/rest/v4/clusters/10776828/,RA; claims; csv,,
10776831_2025_United States v. Skrmetti_scotus,,,,10776831,https://www.courtlistener.com/api/rest/v4/clusters/10776831/,RA; claims; csv,,
"10777676_2026_Jourden Griffin, individually and on behalf of her five minor children v. City o_med","Jourden Griffin, individually and on behalf of her five minor children v. City of Presque Isle, et al.",D. Me.,2026,10777676,https://www.courtlistener.com/api/rest/v4/clusters/10777676/,p3ext_20260703,,
"10777793_2026_Kevin Brown v. Cornerstone Realtors, LLC, et al._moed","Kevin Brown v. Cornerstone Realtors, LLC, et al.",E.D. Mo.,2026,10777793,https://www.courtlistener.com/api/rest/v4/clusters/10777793/,RA; claims; csv; phase1_patch,on file with author,b476c78271a37672aa1293295cb53f1d22ad1bd1a48f0011b65b873493ea2dfa
"10777846_2026_Edward Siguel v. King Farm Citizens Assembly, Inc., et al._mdd","Edward Siguel v. King Farm Citizens Assembly, Inc., et al.",D. Md.,2026,10777846,https://www.courtlistener.com/api/rest/v4/clusters/10777846/,RA; claims; csv,,
"10778453_2026_New Beginning Sanctuary, A Missouri Not-For-Profit Corporation, Jaam Properties LLC, A Missouri Limited Liability Company, and Alon Fisch, An Individual v. City of Springfield, Missouri, A Missouri Municipa","New Beginning Sanctuary, A Missouri Not-For-Profit Corporation, Jaam Properties LLC, A Missouri Limited Liability Company, and Alon Fisch, An Individual v. City of Springfield, Missouri, A Missouri Municipal Corporation",W.D. Mo.,2026,10778453,https://www.courtlistener.com/api/rest/v4/clusters/10778453/,RA; claims; csv,,
10779646_2026_Orane M. Cornish Jr. v. Cheyanne Tripp et al._ctd,Orane M. Cornish Jr. v. Cheyanne Tripp et al.,D. Conn.,2026,10779646,https://www.courtlistener.com/api/rest/v4/clusters/10779646/,RA; 3604; claims; csv,,
"10779681_2026_Justin Thomas Fanty v. Greater Dayton Premier Management, et al._ohsd","Justin Thomas Fanty v. Greater Dayton Premier Management, et al.",S.D. Ohio,2026,10779681,https://www.courtlistener.com/api/rest/v4/clusters/10779681/,RA; claims; csv; phase1_patch,,
"10779805_2026_Ellen Burke v. AP Atherton Limited Partnership, Tomlinson _ Associates Inc., Teri Giacomino, Glen Kyle, Tim Beery and Tom Mannschreck_mtd","Ellen Burke v. AP Atherton Limited Partnership, Tomlinson & Associates Inc., Teri Giacomino, Glen Kyle, Tim Beery and Tom Mannschreck",D. Mont.,2026,10779805,https://www.courtlistener.com/api/rest/v4/clusters/10779805/,RA; claims; csv,on file with author,9e55027dd00f421d7a5b6581716231afe5389a253a7519bd3a1d61677cf37a00
"10780289_2026_Heidi Erickson v. Michael Inman, et al._ilcd",,,,10780289,https://www.courtlistener.com/api/rest/v4/clusters/10780289/,RA; claims; csv,,
"10781059_2026_Christine Carroll, individually and on behalf of residents of “A Fortress,” v. Town of Manchester, City of Hartford, Roger Thrall, Nancy Navarretta, and Advanced Behavioral Health, Inc._ctd","Christine Carroll, individually and on behalf of residents of ""A Fortress,"" v. Town of Manchester, City of Hartford, Roger Thrall, Nancy Navarretta, and Advanced Behavioral Health, Inc.",D. Conn.,2026,10781059,https://www.courtlistener.com/api/rest/v4/clusters/10781059/,RA; claims; csv,,
10781103_2026_KORTNEY DONAVON v. RICHMOND-HENRICO ARMS LIMITED PARTNERSHIP_vaed,Kortney Donavon v. Richmond-Henrico Arms Limited Partnership,E.D. Va.,2026,10781103,https://www.courtlistener.com/api/rest/v4/clusters/10781103/,RA; 3604; claims; csv,,
"10781650_2026_Sharon Lee, et al. v. Twin Hawks Airpark LLC, et al._azd","Sharon Lee, et al. v. Twin Hawks Airpark LLC, et al.",D. Ariz.,2026,10781650,https://www.courtlistener.com/api/rest/v4/clusters/10781650/,RA; claims; csv,on file with author,75de3b2ff5be5dcaf85da3fb647b1eac6451b3df6cf3c15c07ec2cdf86b32a3c
"10782307_2026_Jesse Lewis Walker v. Lukrom REIT LLC, et al._azd","Jesse Lewis Walker v. Lukrom REIT LLC, et al.",D. Ariz.,2026,10782307,https://www.courtlistener.com/api/rest/v4/clusters/10782307/,RA; 3604; claims; csv,,
"10783818_2026_Tami Huston; Justin Huston v. Willamette Valley Rentals, LLC; Nick Sharifi; Roya Sharifi_ord","Tami Huston; Justin Huston v. Willamette Valley Rentals, LLC; Nick Sharifi; Roya Sharifi",D. Or.,2026,10783818,https://www.courtlistener.com/api/rest/v4/clusters/10783818/,RA; 3604; claims; csv,,
"10784337_2026_Shasta Partee, on behalf of herself and all other occupants v. Powers Properties_scd","Shasta Partee, on behalf of herself and all other occupants v. Powers Properties",D.S.C.,2026,10784337,https://www.courtlistener.com/api/rest/v4/clusters/10784337/,RA; 3604; claims; csv,,
"10784366_2026_Laura Saitta v. Greystar Real Estate Partners, LLC; et al._casd","Laura Saitta v. Greystar Real Estate Partners, LLC; et al.",S.D. Cal.,2026,10784366,https://www.courtlistener.com/api/rest/v4/clusters/10784366/,RA; 3604; claims; csv,,
"10784453_2026_Lori Robins v. Waterford at Aberdeen Association, Inc., et al._flsd","Lori Robins v. Waterford at Aberdeen Association, Inc., et al.",S.D. Fla.,2026,10784453,https://www.courtlistener.com/api/rest/v4/clusters/10784453/,RA; 3604; claims; csv,,
"10784485_2026_My Thi Nhu Tran, et al. v. Gulf Coast Bank _ Trust Co., et al._laed","My Thi Nhu Tran, et al. v. Gulf Coast Bank & Trust Co., et al.",E.D. La.,2026,10784485,https://www.courtlistener.com/api/rest/v4/clusters/10784485/,RA; claims; csv,,
10785316_2026_Hilda Kennedy v. New Jersey Court System_ca3,,,,10785316,https://www.courtlistener.com/api/rest/v4/clusters/10785316/,RA; claims; csv,,
10785321_2026_Hemphill v. St. Mary's County Housing Authority_dcd,Hemphill v. St. Mary's County Housing Authority,D.D.C.,2026,10785321,https://www.courtlistener.com/api/rest/v4/clusters/10785321/,RA; claims; csv,,
"10785456_2026_New Hampshire Youth Movement v. David M. Scanlan, in his official capacity as New Hampshire Secretary of State; Coalition for Open Democracy et al. v. David Scanlan in his official capacity as New Hampshire",,,,10785456,https://www.courtlistener.com/api/rest/v4/clusters/10785456/,RA; claims; csv,,
"10785621_2026_Vladik Uchikura, et al. v. Clark County Properties LP, et al._azd","Vladik Uchikura, et al. v. Clark County Properties LP, et al.",D. Ariz.,2026,10785621,https://www.courtlistener.com/api/rest/v4/clusters/10785621/,RA; claims; csv,on file with author,57c8df0ddf7ae3a850ab507a7bbcd0dfe1a2aef3ae88936785aff649f250168e
"10785674_2026_Kathleen Bankhead, individually and on behalf of all others similarly situated v. Wintrust Financial Corporation and Barrington Bank _ Trust Co., N.A._ilnd","Kathleen Bankhead v. Wintrust Financial Corporation and Barrington Bank & Trust Co., N.A.",N.D. Ill.,2026,10785674,https://www.courtlistener.com/api/rest/v4/clusters/10785674/,RA; claims; csv,,
10785786_2026_Bendu Haynes v. Reading Hospital_paed,,,,10785786,https://www.courtlistener.com/api/rest/v4/clusters/10785786/,RA; claims; csv,,
"10785877_2026_Linda C. Chase v. Arbor Properties Development Inc., et al._flnd","Linda C. Chase v. Arbor Properties Development Inc., et al.",N.D. Fla.,2026,10785877,https://www.courtlistener.com/api/rest/v4/clusters/10785877/,RA; claims; csv,on file with author,dfb5a0311b78afe0853a3f6781b5fa35121cc6b5d01a84236be64d974d9ad0ec
"10786318_2026_Lorin Grossman v. B_J Services of Miami, LLC, et al._flsd","Lorin Grossman v. B&J Services of Miami, LLC, et al.",S.D. Fla.,2026,10786318,https://www.courtlistener.com/api/rest/v4/clusters/10786318/,RA; 3604; claims; csv,,
10786786_2026_Laquita Oliver v. Navy Federal Credit Union_ca4,Oliver v. Navy Federal Credit Union,4th Cir.,2026,10786786,https://www.courtlistener.com/api/rest/v4/clusters/10786786/,RA; claims; csv,,
"10786933_2026_Judy Shaw Foundation, Inc. v. City of Howard, South Dakota_sdd","Judy Shaw Foundation, Inc. v. City of Howard, South Dakota",D.S.D.,2026,10786933,https://www.courtlistener.com/api/rest/v4/clusters/10786933/,RA; claims; csv; phase1_patch,,
"10787010_2025_Cherryl Auguste v. Women In Need, Inc., Dwayne Messam, and City of New York_nysd",,,,10787010,https://www.courtlistener.com/api/rest/v4/clusters/10787010/,RA; claims; csv,,
"10787023_2026_United States of America v. Douglas S. Waterbury, Carol A. Waterbury, E_A Management Co., and Ontario Realty, Inc._nynd","United States of America v. Douglas S. Waterbury, Carol A. Waterbury, E&A Management Co., and Ontario Realty, Inc.",N.D.N.Y.,2026,10787023,https://www.courtlistener.com/api/rest/v4/clusters/10787023/,RA; claims; csv; phase1_patch,on file with author,db1d32a03bf3e84c17af462f44029f3451a57f99adcdcf82175a12fcf3f8871e
"10793996_2026_Chelsie Nitschke and Cynthia George v. 326 Welch Partners; Avenue Construction, LLC; Barnett Design Studio, LLC_tnmd","Chelsie Nitschke and Cynthia George v. 326 Welch Partners; Avenue Construction, LLC; Barnett Design Studio, LLC",M.D. Tenn.,2025,10793996,https://www.courtlistener.com/api/rest/v4/clusters/10793996/,RA; 3604; claims; csv,,
"10794074_2026_Scott William Marston v. Bellsouth Communications, LLC_alsd",,,,10794074,https://www.courtlistener.com/api/rest/v4/clusters/10794074/,RA; claims; csv,,
10795232_2026_Rosalind Holmes v. Warren County Metropolitan Housing Authority_ohsd,Rosalind Holmes v. Warren County Metropolitan Housing Authority,S.D. Ohio,2025,10795232,https://www.courtlistener.com/api/rest/v4/clusters/10795232/,RA; 3604; claims; csv,,
"10795873_2026_Bianca Bates v. Amin Habeeb, Marisol Bassit, and Iron Valley Real Estate_pamd","Bianca Bates v. Amin Habeeb, Marisol Bassit, and Iron Valley Real Estate",M.D. Pa.,2026,10795873,https://www.courtlistener.com/api/rest/v4/clusters/10795873/,RA; claims; csv; phase1_patch,on file with author,2839aeb305db3cd85563d75bf362cbdea7781b2dd5c7156a776b2af92f15b9bd
"10796416_2026_Eleanor McGinn v. Broadmead, Inc._ca4","Eleanor McGinn v. Broadmead, Inc.",Fourth Circuit,2026,10796416,https://www.courtlistener.com/api/rest/v4/clusters/10796416/,RA; claims; csv,,
10796722_2026_CFHC v. CoreLogic Rental Prop. Sols._ca2,"Connecticut Fair Housing Center and Carmen Arroyo v. CoreLogic Rental Property Solutions, LLC",2d Cir.,2026,10796722,https://www.courtlistener.com/api/rest/v4/clusters/10796722/,RA; 3604; claims; csv,,
"10797116_2025_Kiara S. Jones v. Chad Chronister, ET AL._flmd","Kiara S. Jones v. Chad Chronister, ET AL.",M.D. Fla.,2025,10797116,https://www.courtlistener.com/api/rest/v4/clusters/10797116/,RA; claims; csv; phase1_patch,on file with author,de04259d0a7b4ff1c1fcaeccb0df44ea0c56530e0ae6f0844ac9076f7ecf80e4
"10797202_2026_Leonor E Canales v. Phoenix Housing Authority, et al._azd","Leonor E Canales v. Phoenix Housing Authority, et al.",D. Ariz.,2026,10797202,https://www.courtlistener.com/api/rest/v4/clusters/10797202/,RA; 3604; claims; csv,on file with author,ebab7de08b806c0e2a2346d0f0be7ad3fd28ee53efe2f6608f2e842182a911ea
"10797228_2026_Tyrone K. White v. Harvard Security, LLC_paed",,,,10797228,https://www.courtlistener.com/api/rest/v4/clusters/10797228/,RA; claims; csv,,
"10799433_2026_Joyce Ann Jefferson v. Landmark Apartment Associates; Ross Financial Services, Inc.; Cris Barnett_ilcd","Joyce Ann Jefferson v. Landmark Apartment Associates; Ross Financial Services, Inc.; Cris Barnett",C.D. Ill.,2026,10799433,https://www.courtlistener.com/api/rest/v4/clusters/10799433/,RA; 3604; claims; csv,,
"10800610_2026_State of Tennessee, et al. v. Linda McMahon, in her official capacity as Secretary of Education, et al._kyed",,,,10800610,https://www.courtlistener.com/api/rest/v4/clusters/10800610/,RA; claims; csv,,
10800666_2026_Estela Elizabeth Jeffcoat v. Brookings Housing _ Redevelopment Commission_sdd,Estela Elizabeth Jeffcoat v. Brookings Housing & Redevelopment Commission,D.S.D.,2026,10800666,https://www.courtlistener.com/api/rest/v4/clusters/10800666/,RA; claims; csv; phase1_patch,,
10800816_2026_Brown v. Nationwide Mutual Insurance Company_dcd,Brown v. Nationwide Mutual Insurance Company,D.D.C.,2026,10800816,https://www.courtlistener.com/api/rest/v4/clusters/10800816/,RA; 3604; claims; csv; phase1_patch,on file with author,33b6b9fc997b77355e3a3fde3fd13f4c7390b25f519e7481d1e39d94c90deb76
"10802670_2026_Sandy Phillips v. Stoddard County Circuit Court, et al._moed","Sandy Phillips v. Stoddard County Circuit Court, et al.",E.D. Mo.,2026,10802670,https://www.courtlistener.com/api/rest/v4/clusters/10802670/,RA; 3604; claims; csv,,
10803192_2026_Jermaine Capel v. Norfolk Redevelopment _ Housing Authority_ca4,Jermaine M. Capel v. Norfolk Redevelopment & Housing Authority,4th Cir.,2026,10803192,https://www.courtlistener.com/api/rest/v4/clusters/10803192/,RA; claims; csv; phase2_extraction,,
"10803438_2026_Tanesha A. Turner v. 3526-28 E 9TH AVE TRUST, et al._innd","Tanesha A. Turner v. 3526-28 E 9TH AVE TRUST, et al.",N.D. Ind.,2026,10803438,https://www.courtlistener.com/api/rest/v4/clusters/10803438/,RA; 3604; claims; csv,,
10804321_2026_Memphis Street Academy Charter School at J.P. Jone v. Philadelphia School District_ca3,,,,10804321,https://www.courtlistener.com/api/rest/v4/clusters/10804321/,RA; claims; csv,,
"10804696_2026_Karen DeMoor v. Freeman Webb Company, Realtors, et al._tnmd","Karen DeMoor v. Freeman Webb Company, Realtors, et al.",M.D. Tenn.,2024,10804696,https://www.courtlistener.com/api/rest/v4/clusters/10804696/,RA; 3604; claims; csv,on file with author,a7758c5b075f6f8f1507e4ae98357d9d2513ffd042bb4c2b8073bf66aac448cb
10804889_2026_Perry v. Encore At Blvd One_ca10,Shannon Perry v. Encore At Boulevard One LLC,10th Cir.,2026,10804889,https://www.courtlistener.com/api/rest/v4/clusters/10804889/,RA; claims; csv,on file with author,02b485e8890bce562d091112634f532908c08e913faf29b548eab548dec8657e
"10805225_2026_Elhadj Alpha Mahmound Souare v. Akron Metropolitan Housing Authority, et al._ohnd","Elhadj Alpha Mahmound Souare v. Akron Metropolitan Housing Authority, et al.",N.D. Ohio,2026,10805225,https://www.courtlistener.com/api/rest/v4/clusters/10805225/,RA; claims; csv; phase1_patch,,
"10805293_2026_Darrell Bilbrey v. Oceana Oceanfront Condominium Association, Inc._flmd","Darrell Bilbrey v. Oceana Oceanfront Condominium Association, Inc.",M.D. Fla.,2026,10805293,https://www.courtlistener.com/api/rest/v4/clusters/10805293/,RA; claims; csv; phase1_patch,,
"10805317_2026_Jameerah Ware, Amira Ware, and Cheryl Vaughn v. A and K Properties of SC, Inc. and Sheriff Phillip E. Thompson_scd","Jameerah Ware, Amira Ware, and Cheryl Vaughn v. A and K Properties of SC, Inc. and Sheriff Phillip E. Thompson",D.S.C.,2026,10805317,https://www.courtlistener.com/api/rest/v4/clusters/10805317/,RA; claims; csv; phase1_patch,on file with author,d253738a1a36fea3415abc0ed0034a66e1a9d2cb8b6afe7034a4ac3cb9ea0ced
10805479_2026_Jlyn Bryant et al. v. Tinker Federal Credit Union_okwd,Jlyn Bryant et al. v. Tinker Federal Credit Union,W.D. Okla.,2026,10805479,https://www.courtlistener.com/api/rest/v4/clusters/10805479/,RA; claims; csv; phase1_patch,on file with author,fcddb6d2c2d1609bc39c580868234b6114e4d2c9bc53d0ee15b7a10d30624735
"10806852_2026_WOLFE APARTMENTS, LLC v. SANDY PHILLIPS_moed",,,,10806852,https://www.courtlistener.com/api/rest/v4/clusters/10806852/,RA; claims; csv,,
"10806862_2026_William M. Pickard, III v. American Pride Properties, LLC, et al._alnd","William M. Pickard, III v. American Pride Properties, LLC, et al.",N.D. Ala.,2026,10806862,https://www.courtlistener.com/api/rest/v4/clusters/10806862/,RA; 3604; claims; csv,on file with author,e4a4ad211481e3ccfa5b709192bf33a8c3a59d7a0713b216aeaa7a05d615697b
"10806870_2026_Metropolitan Fair Housing Council of Oklahoma, Inc., James McNamee, and Marta McNamee v. Frank Feiock and Glenna Feiock, both d_b_a Rockford Garden Apartments_oked","Metropolitan Fair Housing Council of Oklahoma, Inc., James McNamee, and Marta McNamee v. Frank Feiock and Glenna Feiock, both d/b/a Rockford Garden Apartments",E.D. Okla.,2026,10806870,https://www.courtlistener.com/api/rest/v4/clusters/10806870/,RA; claims; csv,,
"10806920_2026_Harmony Home of Huntington, Inc. v. Executive Director, Indiana Department of Homeland Security, The Members of the Fire Prevention and Building Safety Commission, Indiana Department of Homeland Security_in","Harmony Home of Huntington, Inc. v. Executive Director, Indiana Department of Homeland Security",S.D. Ind.,2026,10806920,https://www.courtlistener.com/api/rest/v4/clusters/10806920/,RA; 3604; claims; csv,,
"10806943_2026_Gabriella Collette, for herself and on behalf of Channin Collette, an incapacitated person v. Utah State Developmental Center; Utah State Department of Human Services; State of Utah; Jarod Squire_utd","Gabriella Collette, for herself and on behalf of Channin Collette, an incapacitated person v. Utah State Developmental Center; Utah State Department of Human Services; State of Utah; Jarod Squire",D. Utah,2026,10806943,https://www.courtlistener.com/api/rest/v4/clusters/10806943/,RA; claims; csv,on file with author,48714d8a9da193b508fa48473043cac2cb686a9088ad1a681cd60071f0482e73
"10808207_2026_Edward Siguel v. King Farm Citizens Assembly, Inc., et al._mdd","Edward Siguel v. King Farm Citizens Assembly, Inc., et al.",D. Md.,2026,10808207,https://www.courtlistener.com/api/rest/v4/clusters/10808207/,RA; 3604; claims; csv,on file with author,154d9d09a72b3bfbd12fcce663a678a623aa10108436d56fd3613f7a476c6c75
"10808242_2026_Keith David Nizwantowski v. Monarch, et al._nced","Keith David Nizwantowski v. Monarch, et al.",E.D.N.C.,2026,10808242,https://www.courtlistener.com/api/rest/v4/clusters/10808242/,RA; 3604; claims; csv,on file with author,69611ba17e2181aa588aa9aea36982c2cd794eac03b400e6f22677037d099da9
"10808264_2026_Imani Lawson v. Dice Holdings LLC, Ozarks Communities, Theresa Knoth, and Daniel_ilsd","Imani Lawson v. Dice Holdings LLC, Ozarks Communities, Theresa Knoth, and Daniel",S.D. Ill.,2026,10808264,https://www.courtlistener.com/api/rest/v4/clusters/10808264/,RA; 3604; claims; csv; phase2_extraction,,
"10808764_2026_Terry Rockette v. Carpenter Management Company, et al._msnd","Terry Rockette v. Carpenter Management Company, et al.",N.D. Miss.,2026,10808764,https://www.courtlistener.com/api/rest/v4/clusters/10808764/,RA; 3604; claims; csv,,
"10808878_2026_Plainview Mobile Home Park, et al. v. City of Oak Grove, et al._kywd","Plainview Mobile Home Park, et al. v. City of Oak Grove, et al.",W.D. Ky.,2026,10808878,https://www.courtlistener.com/api/rest/v4/clusters/10808878/,RA; claims; csv,,
10809203_2026_Dickerson v. BPP PCV Owners LLC_ca2,Dickerson v. BPP PCV Owners LLC,2nd Cir.,2026,10809203,https://www.courtlistener.com/api/rest/v4/clusters/10809203/,RA; 3604; claims; csv,on file with author,74908eec51bcb12d1e943c5611601084bdd049e4ebe6965d86325cac05228a26
10810520_2026_Collins v. Wells Fargo _ Company_ca9,"Steven Ray Collins; Sharon Lavette Collins v. Wells Fargo & Company; Wells Fargo Bank, N.A.",9th Cir.,2026,10810520,https://www.courtlistener.com/api/rest/v4/clusters/10810520/,RA; claims; csv; phase1_patch,,
"10813080_2026_Monique Davis v. Post Woods Townhomes, LLC, et al._ohsd","Monique Davis v. Post Woods Townhomes, LLC, et al.",S.D. Ohio,2026,10813080,https://www.courtlistener.com/api/rest/v4/clusters/10813080/,RA; claims; csv,,
"10813290_2026_Daniel K. Miller, Elizabeth D. Wilhour, and Sean M. Wilhour v. Asset Living, LLC, AMFP V Central Park LLC, and Shanna Martinez_cod","Miller v. Asset Living, LLC",D. Colo.,2026,10813290,https://www.courtlistener.com/api/rest/v4/clusters/10813290/,RA; claims; csv,,
"10813488_2026_United States of America v. Five Properties, LLC et al._laed","United States of America v. Five Properties, LLC et al.",E.D. La.,2026,10813488,https://www.courtlistener.com/api/rest/v4/clusters/10813488/,RA; claims; csv,,
"10814487_2026_Ronald Yocca, Rachel Estates, L.P., My Brother's House v. Allegheny County Health Department_pawd","Ronald Yocca, Rachel Estates, L.P., My Brother's House v. Allegheny County Health Department",W.D. Pa.,2026,10814487,https://www.courtlistener.com/api/rest/v4/clusters/10814487/,3604; claims; csv,,
"10815083_2026_Mark Heimkes v. Fairhope Motorcoach Resort Condominium Owners Association, Inc.; Shearldine Marie Allfrey v. Fairhope Motorcoach Resort Condominium Owners Association, Inc._alsd","Mark Heimkes v. Fairhope Motorcoach Resort Condominium Owners Association, Inc.; Shearldine Marie Allfrey v. Fairhope Motorcoach Resort Condominium Owners Association, Inc.",S.D. Ala.,2026,10815083,https://www.courtlistener.com/api/rest/v4/clusters/10815083/,RA; claims; csv,,
"10829201_2026_Rashonda Ross v. National Affordable Housing Foundation of Schenectady, Inc., Ka_nynd","Rashonda Ross v. National Affordable Housing Foundation of Schenectady, Inc.",N.D.N.Y.,2026,10829201,https://www.courtlistener.com/api/rest/v4/clusters/10829201/,p3ext_20260703,,
10829527_2026_Robert A. Johnson v. Raven Wood Homeowners Association_wawd,Robert A Johnson v. Raven Wood Homeowners Association,W.D. Wash.,2026,10829527,https://www.courtlistener.com/api/rest/v4/clusters/10829527/,p3ext_20260703_r2,,
10829691_2026_Dustin Barral v. Brooktree Apartments and 2300 West Apartments_nvd,Dustin Barral v. Brooktree Apartments and 2300 West Apartments,D. Nev.,2026,10829691,https://www.courtlistener.com/api/rest/v4/clusters/10829691/,p3ext_20260703,,
10829816_2026_Susan Lloyd v. Manbel Devco I LP_ca3,Susan Lloyd v. Manbel Devco I LP,3d Cir.,2026,10829816,https://www.courtlistener.com/api/rest/v4/clusters/10829816/,p3ext_20260703_r2,,
10829860_2026_Mortel v. Nowicki_ca5,Donna Mortel v. George Nowicki; Scott McClung,5th Cir.,2026,10829860,https://www.courtlistener.com/api/rest/v4/clusters/10829860/,p3ext_20260703,,
"10830232_2026_Jibrail Malik Muhammad, Sr. v. Tyrone Hatcher_alsd","Jibrail Malik Muhammad, Sr. v. Tyrone Hatcher",S.D. Ala.,2026,10830232,https://www.courtlistener.com/api/rest/v4/clusters/10830232/,p3ext_20260703,,
"10830255_2026_EDWARD REYNOLDS v. PROGRESSIVE TECHNOLOGIES, INC._tnwd","Edward Reynolds v. Progressive Technologies, Inc.",W.D. Tenn.,2026,10830255,https://www.courtlistener.com/api/rest/v4/clusters/10830255/,p3ext_20260703,,
10830711_2026_Elizabeth Fedynich v. Lynchburg Redevelopment and Housing Authority_ca4,Elizabeth Fedynich v. Lynchburg Redevelopment and Housing Authority,4th Cir.,2026,10830711,https://www.courtlistener.com/api/rest/v4/clusters/10830711/,p3ext_20260703,,
10831029_2026_EVA BORTNICK v. HOUSING AUTHORITY OF LINCOLN COUNTY_ord,Eva Bortnick v. Housing Authority of Lincoln County,D. Or.,2026,10831029,https://www.courtlistener.com/api/rest/v4/clusters/10831029/,p3ext_20260703_r2,,
"10831597_2026_Oxford House, Inc.; Nicholas Madrigal; Travis Gough; Jared Galde; Tara Hellickso_ilcd","Oxford House, Inc. v. City of Peoria",C.D. Ill.,2026,10831597,https://www.courtlistener.com/api/rest/v4/clusters/10831597/,p3ext_20260703,,
"10831662_2026_Nicole Hinckley v. City of Brandon, Mississippi_mssd","Nicole Hinckley v. City of Brandon, Mississippi",S.D. Miss.,2026,10831662,https://www.courtlistener.com/api/rest/v4/clusters/10831662/,p3ext_20260703,,
"10832250_2026_Anthony Robinson and Latoya Robinson v. Brazos Valley Council of Governments, et_txsd","Anthony Robinson and Latoya Robinson v. Brazos Valley Council of Governments, et al.",S.D. Tex.,2026,10832250,https://www.courtlistener.com/api/rest/v4/clusters/10832250/,p3ext_20260703,,
"10837036_2026_Bras Dobane a.k.a. Brian L. Taylor v. TYH Realty Group, et al._njd","Bras Dobane a.k.a. Brian L. Taylor v. TYH Realty Group, et al.",S.D.N.Y.,2026,10837036,https://www.courtlistener.com/api/rest/v4/clusters/10837036/,p3ext_20260703,,
10837161_2026_Shawn E. Brummett v. Dallas Housing Authority_txnd,Shawn E. Brummett v. Dallas Housing Authority,N.D. Tex.,2026,10837161,https://www.courtlistener.com/api/rest/v4/clusters/10837161/,p3ext_20260703,,
"10837505_2026_Kerby Stracco v. Townsquare Mark Center, et al._vaed","Kerby Stracco v. Townsquare Mark Center, et al.",E.D. Va.,2026,10837505,https://www.courtlistener.com/api/rest/v4/clusters/10837505/,p3ext_20260703,on file with author,8eec5fac68c57b9072e18c1b88107fb3f887153326f44906a03ddbe3930f3ac3
"10837605_2026_Diwann Mathis v. Christopher Fiori and Law Office of Christopher Fiori, PLLC_flmd",DiWann Mathis v. Christopher Fiori et al.,M.D. Fla.,2026,10837605,https://www.courtlistener.com/api/rest/v4/clusters/10837605/,p3ext_20260703,,
"10837642_2026_CARLA DeYOUNG, ET AL. v. GREATER BATON ROUGE ASSOCIATION OF REALTORS, INC., ET A_lamd","Carla DeYoung et al. v. Greater Baton Rouge Association of REALTORS, Inc. et al.",M.D. La.,2026,10837642,https://www.courtlistener.com/api/rest/v4/clusters/10837642/,p3ext_20260703,,
10837692_2026_L. Lupe King v. St. Louis Housing Authority_moed,L. Lupe King v. St. Louis Housing Authority,E.D. Mo.,2026,10837692,https://www.courtlistener.com/api/rest/v4/clusters/10837692/,p3ext_20260703,,
"10838578_2026_Chestnut Hill NY, Inc., Jae Curtis, Thomas Riker, and John Sturm v. The City of _nynd","Chestnut Hill NY, Inc. v. City of Kingston, NY",N.D.N.Y.,2026,10838578,https://www.courtlistener.com/api/rest/v4/clusters/10838578/,p3ext_20260703,,
"10838583_2026_Nu Nu Yee v. Candance Doe, et al._innd","Nu Nu Yee v. Candance Doe, et al.",N.D. Ind.,2026,10838583,https://www.courtlistener.com/api/rest/v4/clusters/10838583/,p3ext_20260703,,
10838867_2026_Zeng v. Owner of 8020 Quartz Lane_ca5,"Houhe Zeng v. Owner of 8020 Quartz Lane; FirstKey Homes, L.L.C.",5th Cir.,2026,10838867,https://www.courtlistener.com/api/rest/v4/clusters/10838867/,p3ext_20260703_r2,on file with author,6fe99f8e38e8f9ff4d22cb7cc1c30247d1250adb211d16c68481a9f2efce25ae
10838902_2026_Namin v. Vert_ca10,Seyed Alireza Amidi Namin v. Kevin Jeffrey Vert,10th Cir.,2026,10838902,https://www.courtlistener.com/api/rest/v4/clusters/10838902/,p3ext_20260703,,
"10839582_2026_Mikel James Gueltzau v. Derek Warehime, Property Manager and Owner; and Cathy Wa_ned",Mikel James Gueltzau v. Derek Warehime et al.,D. Neb.,2026,10839582,https://www.courtlistener.com/api/rest/v4/clusters/10839582/,p3ext_20260703_r2,,
"10841572_2026_Miguel Angel Quinones-Camacho v. Toledo Properties Owner B LLC, et al._ohnd","Miguel Angel Quinones-Camacho v. Toledo Properties Owner B LLC, et al.",N.D. Ohio,2026,10841572,https://www.courtlistener.com/api/rest/v4/clusters/10841572/,p3ext_20260703,,
10841736_2026_ROSARIO ALVAREZ CANTUN v. MIAMI-DADE PUBLIC HOUSING AND COMMUNITY DEVELOPMENT an_flsd,"Rosario Alvarez Cantun v. Miami-Dade Public Housing and Community Development and Royal American Management, Inc.",S.D. Fla.,2026,10841736,https://www.courtlistener.com/api/rest/v4/clusters/10841736/,p3ext_20260703,,
10842996_2026_Amine Merzaki v. Oktibbeha County; et al._msnd,Amine Merzaki v. Oktibbeha County; et al.,N.D. Miss.,2026,10842996,https://www.courtlistener.com/api/rest/v4/clusters/10842996/,p3ext_20260703,,
"10843635_2026_Victor Cagara Ortiguera et al. v. Grand Isle Shipyard, LLC et al._laed","Victor Cagara Ortiguerra et al. v. Grand Isle Shipyard, LLC et al.",E.D. La.,2026,10843635,https://www.courtlistener.com/api/rest/v4/clusters/10843635/,p3ext_20260703,,
"10844230_2026_Persida Myers v. Deschutes County, Oregon, a political subdivision of the State _ord","Persida Myers v. Deschutes County, Oregon",D. Or.,2026,10844230,https://www.courtlistener.com/api/rest/v4/clusters/10844230/,p3ext_20260703,,
"10844251_2026_Phillip Pella v. Atlantic County Department of Family and Community Development,_njd",Phillip Pella v. Atlantic County Department of Family and Community Development,D.N.J.,2026,10844251,https://www.courtlistener.com/api/rest/v4/clusters/10844251/,p3ext_20260703_r2,,
"10844806_2026_Darlene Wente v. Tammy Steidl, et al._ohnd","Darlene Wente v. Tammy Steidl, et al.",N.D. Ohio,2026,10844806,https://www.courtlistener.com/api/rest/v4/clusters/10844806/,p3ext_20260703,,
"10844848_2026_Gulf Coast Rental Co L.L.C. v. City of Gulf Shores, et al._alsd",Gulf Coast Rental Co L.L.C. v. City of Gulf Shores,S.D. Ala.,2026,10844848,https://www.courtlistener.com/api/rest/v4/clusters/10844848/,p3ext_20260703,,
"10845042_2026_Holly Jarvis v. William D’Angelo; and Marpat, LLC_nynd","Holly Jarvis v. William D'Angelo and Marpat, LLC",N.D.N.Y.,2026,10845042,https://www.courtlistener.com/api/rest/v4/clusters/10845042/,p3ext_20260703,,
"10845299_2026_Lisa R. Wrighten v. Old Linco LLC, Charlie R. Oliver_txed","Lisa R. Wrighten v. Old Linco LLC, Charlie R. Oliver",E.D. Tex.,2026,10845299,https://www.courtlistener.com/api/rest/v4/clusters/10845299/,p3ext_20260703,,
10846241_2026_Robinson v. Nationstar Mortgage_ca10,"Katrina Robinson v. Nationstar Mortgage, LLC",10th Cir.,2026,10846241,https://www.courtlistener.com/api/rest/v4/clusters/10846241/,p3ext_20260703,,
10846831_2026_Jacqueline Humphries v. HUD_ca3,Jacqueline R. Humphries v. U.S. Department of Housing and Urban Development,3d Cir.,2026,10846831,https://www.courtlistener.com/api/rest/v4/clusters/10846831/,p3ext_20260703,,
"10846957_2026_Jane Doe v. Northeastern University, et al._med","Jane Doe v. Northeastern University, et al.",D. Me.,2026,10846957,https://www.courtlistener.com/api/rest/v4/clusters/10846957/,p3ext_20260703,,
10847941_2026_United States v. State of Texas_ca5,United States v. Texas,5th Cir.,2026,10847941,https://www.courtlistener.com/api/rest/v4/clusters/10847941/,p3ext_20260703,,
"10848140_2026_Sandy Phillips v. Stoddard County Circuit Court, et al._moed","Sandy Phillips v. Stoddard County Circuit Court, et al.",E.D. Mo.,2026,10848140,https://www.courtlistener.com/api/rest/v4/clusters/10848140/,p3ext_20260703_r2,,
"10848262_2026_Trashawn Hughes v. Bouchon Properties LLC, et al._laed","Trashawn Hughes v. Bouchon Properties LLC, et al.",E.D. La.,2026,10848262,https://www.courtlistener.com/api/rest/v4/clusters/10848262/,p3ext_20260703,,
"10848786_2026_Todd O. King, Sr. v. SD Housing; HUD; Mid Dakota Properties; Cathedral Square_sdd","Todd O. King, Sr. v. SD Housing; HUD; Mid Dakota Properties; Cathedral Square",D.S.D.,2026,10848786,https://www.courtlistener.com/api/rest/v4/clusters/10848786/,p3ext_20260703,on file with author,78aceedc1d08393ed2e5b0af847764d931d3cf732235bf90ae2aa308c2a3e140
"10850003_2026_Calvin Andrews v. Spokane Housing Authority, Kelly Keenaw, Melynn Beetham, Winde_waed",Andrews v. Spokane Housing Authority,E.D. Wash.,2026,10850003,https://www.courtlistener.com/api/rest/v4/clusters/10850003/,p3ext_20260703,,
10850515_2026_Friedman v. Central Maine Power Company_ca1,Ed Friedman v. Central Maine Power Company,1st Cir.,2026,10850515,https://www.courtlistener.com/api/rest/v4/clusters/10850515/,p3ext_20260703,,
"10850671_2026_Carlton L. Avery doing business as Avery Mediation Services v. The Buller Group,_almd","Carlton L. Avery doing business as Avery Mediation Services v. The Buller Group, LLC, et al.",M.D. Ala.,2026,10850671,https://www.courtlistener.com/api/rest/v4/clusters/10850671/,p3ext_20260703,,
"10851531_2026_Armagene B. Ellis-Maclin v. Mr. Cooper Group, Inc._ncmd","Ellis-Maclin v. Mr. Cooper Group, Inc.",M.D.N.C.,2026,10851531,https://www.courtlistener.com/api/rest/v4/clusters/10851531/,p3ext_20260703,,
10852012_2026_Christopher D’Errico v. City of Bangor et al._med,Christopher D'Errico v. City of Bangor et al.,D. Me.,2026,10852012,https://www.courtlistener.com/api/rest/v4/clusters/10852012/,p3ext_20260703,,
10852032_2026_Michael Camacho v. Association of Apartment Owners of Ke Nani Kai and Certified _hid,"Michael Camacho v. Association of Apartment Owners of Ke Nani Kai, et al.",D. Haw.,2026,10852032,https://www.courtlistener.com/api/rest/v4/clusters/10852032/,p3ext_20260703,,
10852236_2026_Jennifer L. Hernandez v. Alex DiBiaso and Michael Kusper_ilnd,Jennifer L. Hernandez v. Alex DiBiaso and Michael Kusper,N.D. Ill.,2026,10852236,https://www.courtlistener.com/api/rest/v4/clusters/10852236/,p3ext_20260703,,
"10852598_2026_Equity Holding Corp. v. Crystal Jordan, All Occupants_scd",Equity Holding Corp. v. Crystal Jordan,D.S.C.,2026,10852598,https://www.courtlistener.com/api/rest/v4/clusters/10852598/,p3ext_20260703,,
10852621_2026_Steven Craig Garfield v. Cathy Jezmans_ord,Steven Craig Garfield v. Cathy Jezmans,D. Or.,2026,10852621,https://www.courtlistener.com/api/rest/v4/clusters/10852621/,p3ext_20260703,,
"10854550_2026_Eve Taylor v. 240 Realty, LLC, et al._njd","Eve Taylor v. 240 Realty, LLC, et al.",D.N.J.,2026,10854550,https://www.courtlistener.com/api/rest/v4/clusters/10854550/,p3ext_20260703,,
"10854571_2026_Vanessa R. Williams, et al. v. Crystal Springs Apartments LLC, et al._azd","Vanessa R. Williams, et al. v. Crystal Springs Apartments LLC, et al.",D. Ariz.,2026,10854571,https://www.courtlistener.com/api/rest/v4/clusters/10854571/,p3ext_20260703,,
"10856114_2026_Brittany M. Chandler v. LoanCare, LLC, Lakeview Loan Servicing, LLC, and Trustee_ord","Brittany M. Chandler v. LoanCare, LLC, Lakeview Loan Servicing, LLC, and Trustee Corps",D. Or.,2026,10856114,https://www.courtlistener.com/api/rest/v4/clusters/10856114/,p3ext_20260703_r2,,
"10856762_2026_Donavan Ferguson A.K.A. Ra Ka El v. Industry Indianapolis, et al._insd","Donavan Ferguson a.k.a. Ra Ka El vito Onacona v. Industry Indianapolis, et al.",S.D. Ind.,2026,10856762,https://www.courtlistener.com/api/rest/v4/clusters/10856762/,p3ext_20260703,on file with author,e35dfb4465940e5efaae5a89583036cc0366e0f4c2f82cb7ff88bb6675542792
10857282_2026_Gregory R. Marlor v. The Housing Company_idd,Gregory R. Marlor v. The Housing Company,D. Idaho,2026,10857282,https://www.courtlistener.com/api/rest/v4/clusters/10857282/,p3ext_20260703_r2,,
"10857303_2026_Ronald Satish Emrit, also known as Presidential Candidate Number P60005535, also_sdd","Ronald Satish Emrit v. Senator John Thune, et al.",D.S.D.,2026,10857303,https://www.courtlistener.com/api/rest/v4/clusters/10857303/,p3ext_20260703,,
"10857322_2026_Baptist Homes, Inc. v. City of Madison, Mississippi_mssd","Baptist Homes, Inc. v. City of Madison, Mississippi",S.D. Miss.,2026,10857322,https://www.courtlistener.com/api/rest/v4/clusters/10857322/,p3ext_20260703_r2,,
10858446_2026_Adeyinka v. Urban Alchemy_ca9,Emmanuel Adeyinka v. Urban Alchemy; City of Portland; Supervisor Surge; Supervisor Leon; Dennis Hester; Desiree Shepherd; Central City Concern,9th Cir.,2026,10858446,https://www.courtlistener.com/api/rest/v4/clusters/10858446/,p3ext_20260703,,
"10860355_2026_Ronald Satish Emrit, also known as Presidential Candidate Number P60005535, also_sdd","Ronald Satish Emrit, also known as Presidential Candidate Number P60005535, also known as Presidential Committee/Political Action Committee/Separate Segregated Fund (SSF) Number C00569897, doing business as United Emrits of America v. Governor Wes Moore, (D-Maryland); Aisha Braveboy, (Prince George’s County Executive); Congressman Jamie Raskin, (D-Maryland); Senator Angela Alsobrooks, (D-Maryland); Senator Chris Van Hollen, (D-Maryland); and Attorney General Anthony Brown, Maryland",D.S.D.,2026,10860355,https://www.courtlistener.com/api/rest/v4/clusters/10860355/,p3ext_20260703,on file with author,744c22b35ec23cc25fc8d2ce892461b9cb09fa59e82cf13a7dac24f53b8d34f1
"10860456_2026_Avonte Leshay Smith v. TMG Richmond IV, LP_vaed","Avonte Leshay Smith v. TMG Richmond IV, LP",E.D. Va.,2026,10860456,https://www.courtlistener.com/api/rest/v4/clusters/10860456/,p3ext_20260703,,
"10861482_2026_Paul Alpha Grant v. Greystar Real Estate Partners, LLC; Conservice, LLC_hid","Paul Alpha Grant v. Greystar Real Estate Partners, LLC",D. Haw.,2026,10861482,https://www.courtlistener.com/api/rest/v4/clusters/10861482/,p3ext_20260703,,
"10862646_2026_Lorin Grossman v. B&J Services of Miami, LLC, et al._flsd","Lorin Grossman v. B&J Services of Miami, LLC, et al.",S.D. Fla.,2026,10862646,https://www.courtlistener.com/api/rest/v4/clusters/10862646/,p3ext_20260703_r2,,
"10862681_2026_Ian Hauman v. Highland Bridge Lofts Homeowners Association, Inc._cod","Ian Hauman v. Highland Bridge Lofts Homeowners Association, Inc.",D. Colo.,2026,10862681,https://www.courtlistener.com/api/rest/v4/clusters/10862681/,p3ext_20260703,,
10863817_2026_Yolanda Calhoun v. The Greens at Lake Overholser and Jessica Jeffries_okwd,Yolanda Calhoun v. The Greens at Lake Overholser,W.D. Okla.,2026,10863817,https://www.courtlistener.com/api/rest/v4/clusters/10863817/,p3ext_20260703,,
"10863918_2026_Cynthia Bittenbender v. Family Services Association of Bucks County, et al._paed","Cynthia Bittenbender v. Family Services Association of Bucks County, et al.",E.D. Pa.,2026,10863918,https://www.courtlistener.com/api/rest/v4/clusters/10863918/,p3ext_20260703_r2,,
"10864559_2026_New Beginning Sanctuary, A Missouri Not-For-Profit Corporation, Jaam Properties _mowd","New Beginning Sanctuary v. City of Springfield, Missouri",W.D. Mo.,2026,10864559,https://www.courtlistener.com/api/rest/v4/clusters/10864559/,p3ext_20260703_r2,,
"10864627_2026_Ryan Owens v. Willow Bridge Property Company, et al._tnmd","Ryan Owens v. Willow Bridge Property Company, et al.",M.D. Tenn.,2026,10864627,https://www.courtlistener.com/api/rest/v4/clusters/10864627/,p3ext_20260703,,
"10865996_2026_Karen E. Stant, Executrix of the Estate of Genevieve R. Davilman v. Turtle Creek_mssd","Karen E. Stant, Executrix of the Estate of Genevieve R. Davilman v. Turtle Creek Homeowners' Association, Inc., et al.",S.D. Miss.,2026,10865996,https://www.courtlistener.com/api/rest/v4/clusters/10865996/,p3ext_20260703,,
10867623_2026_Timothy E. Suggs v. Prince Court LLC._nced,Timothy E. Suggs v. Prince Court LLC,E.D.N.C.,2026,10867623,https://www.courtlistener.com/api/rest/v4/clusters/10867623/,p3ext_20260703,,
10868389_2026_Elizabeth Fedynich v. Sam Stalkfleet_ca8,Elizabeth Fedynich; Nicole Fedynich v. Sam Stalkfleet; Trinatee Morrow; Drew Manager; Nest Property Management Group LLC; Malory Apartments; 12th Ave SW Nest Property Owner,8th Cir.,2026,10868389,https://www.courtlistener.com/api/rest/v4/clusters/10868389/,p3ext_20260703,,
10868393_2026_Allison Rice v. City and County of San Francisco_ca9,Allison Barton Rice v. City and County of San Francisco,9th Cir.,2026,10868393,https://www.courtlistener.com/api/rest/v4/clusters/10868393/,p3ext_20260703,,
"10869703_2026_Blake Warner v. School Board of Hillsborough County, Florida_ca11","Warner v. School Board of Hillsborough County, Florida",11th Cir.,2026,10869703,https://www.courtlistener.com/api/rest/v4/clusters/10869703/,p3ext_20260703,,
"10870437_2026_Aaron Albert Mitchell, Jr. v. Township of Willingboro, et al._njd","Aaron Albert Mitchell, Jr. v. Township of Willingboro, et al.",D.N.J.,2026,10870437,https://www.courtlistener.com/api/rest/v4/clusters/10870437/,p3ext_20260703,on file with author,e99021ccf74ae433fb7fd1c9ce7fd8aacc4c6bdd1ae948cd5b5043fe48c9a3df
"10870443_2026_Keith David Nizwantowski v. Monarch, et al._nced","Keith David Nizwantowski v. Monarch, et al.",E.D.N.C.,2026,10870443,https://www.courtlistener.com/api/rest/v4/clusters/10870443/,p3ext_20260703_r2,,
"10871086_2025_Ebiranna Evans v. Bronxworks, Inc._nysd","Ebiranna Evans v. Bronxworks, Inc.",S.D.N.Y.,2025,10871086,https://www.courtlistener.com/api/rest/v4/clusters/10871086/,p3ext_20260703,,
"10871154_2026_Isaiah Hunter-Bey v. Allen Miller, et al._ohnd","Isaiah Hunter-Bey v. Allen Miller, et al.",N.D. Ohio,2026,10871154,https://www.courtlistener.com/api/rest/v4/clusters/10871154/,p3ext_20260703_r2,,
10871864_2026_14pnwdc LLC v. Zapata-Mercado_dcd,14PNWDC LLC v. Zapata-Mercado,D.D.C.,2026,10871864,https://www.courtlistener.com/api/rest/v4/clusters/10871864/,p3ext_20260703,,
"10872316_2026_Ernesto Varela, et al. v. William Harold Hill, et al._moed","Ernesto Varela, et al. v. William Harold Hill, et al.",E.D. Mo.,2026,10872316,https://www.courtlistener.com/api/rest/v4/clusters/10872316/,p3ext_20260703_r2,on file with author,7d41cbc8186589be7c9d556c24f59df1d6f8fcd0277b66783eaff14b7c436f8a
10872937_2026_Saturraab Herusaba and Nefera Herusaba v. Hearts for the Invisible Charlotte Coa_ncwd,"Saturrab Herusaba and Nefera Herusaba v. Hearts for the Invisible Charlotte Coalition, The Charlotte-Mecklenburg Continuum of Care, Mecklenburg County, Jessica Lefkowitz, Jane/John Doe, Atrium Health, and Various Jane/John Does",W.D.N.C.,2026,10872937,https://www.courtlistener.com/api/rest/v4/clusters/10872937/,p3ext_20260703,,
"10874525_2026_Martino O’Bryant v. NICO TERRACE, et al._moed","Martino O'Bryant v. Nico Terrace, et al.",E.D. Mo.,2026,10874525,https://www.courtlistener.com/api/rest/v4/clusters/10874525/,p3ext_20260703,on file with author,34881ec03f4176e97641ae115376db7caced5d66bbcf0acfb6958cca46725c6f
"10874527_2026_David Schied, Sui Juris, a Totally and Permanently Disabled Quad-Amputee v. Kare_sdd",David Schied v. Karen Martin et al.,D.S.D.,2026,10874527,https://www.courtlistener.com/api/rest/v4/clusters/10874527/,p3ext_20260703,on file with author,a21acdb79badc78c315eb2739c098a0378b7f14a2cf6d89fa4e2e7e207a8a253
10874833_2026_Sylvia Caravetta v. United States of America_flsd,Sylvia Caravetta v. United States of America,S.D. Fla.,2026,10874833,https://www.courtlistener.com/api/rest/v4/clusters/10874833/,p3ext_20260703,on file with author,4fc9d96294a97165355e07603dd78703a6b3e63834f1c2dc0962371a4f20bc89
"10875505_2026_Shirley Drummer v. Southern Nevada Regional Housing Authority, et al._nvd",Shirley Drummer v. Southern Nevada Regional Housing Authority,D. Nev.,2026,10875505,https://www.courtlistener.com/api/rest/v4/clusters/10875505/,p3ext_20260703_r2,,
10875562_2026_McKuin Property v. Kenneth Dye_moed,McKuin Property v. Kenneth Dye,E.D. Mo.,2026,10875562,https://www.courtlistener.com/api/rest/v4/clusters/10875562/,p3ext_20260703,,
10876110_2026_Johnna Swanfeld v. Citizens Property Insurance Corporation and Freedom Mortgage _flsd,Johnna Swanfeld v. Citizens Property Insurance Corporation and Freedom Mortgage Corporation,S.D. Fla.,2026,10876110,https://www.courtlistener.com/api/rest/v4/clusters/10876110/,p3ext_20260703,,
10877520_2026_Daniel Glaser v. City of Boulder and Park Gables Homeowners Association_cod,Daniel Glaser v. City of Boulder and Park Gables Homeowners Association,D. Colo.,2026,10877520,https://www.courtlistener.com/api/rest/v4/clusters/10877520/,p3ext_20260703,,
10877863_2026_Marceline Hope Engler v. The Salvation Army_arwd,Marceline Hope Engler v. The Salvation Army,W.D. Ark.,2026,10877863,https://www.courtlistener.com/api/rest/v4/clusters/10877863/,p3ext_20260703_r2,,
"10877933_2026_Jasmine Morales v. Newark Housing Authority, et al._njd","Jasmine Morales v. Newark Housing Authority, et al.",D.N.J.,2026,10877933,https://www.courtlistener.com/api/rest/v4/clusters/10877933/,p3ext_20260703,,
10878421_2026_Jaquel M. Jones v. Heather Pippin et al._mdd,Jaquel M. Jones v. Heather Pippin et al.,D. Md.,2026,10878421,https://www.courtlistener.com/api/rest/v4/clusters/10878421/,p3ext_20260703,,
10878896_2026_Carneice Kathrine Hall-Johnson v. City and County of San Francisco Mayor’s Offic_cand,Hall-Johnson v. City and County of San Francisco Mayor's Office of Housing and Community Development,N.D. Cal.,2026,10878896,https://www.courtlistener.com/api/rest/v4/clusters/10878896/,p3ext_20260703,,
"10878974_2026_Anita Valladores, et al. v. Ashtree Apartments, LLC_caed","Anita Valladores, et al. v. Ashtree Apartments, LLC",E.D. Cal.,2026,10878974,https://www.courtlistener.com/api/rest/v4/clusters/10878974/,p3ext_20260703_r2,,
"10879398_2026_Zalia Melinda King by and through her guardian, Donald Altorfer v. Oregon Depart_ord","Zalia Melinda King v. Oregon Department of Human Services, Riverview AFH Care LLC, and Amanuel Sima",D. Or.,2026,10879398,https://www.courtlistener.com/api/rest/v4/clusters/10879398/,p3ext_20260703,,
"10880088_2026_Caroline M. Thibeault, Individually and in her capacity as legal guardian of Noa_med",Caroline M. Thibeault v. Oak Hill Condominiums,D. Me.,2026,10880088,https://www.courtlistener.com/api/rest/v4/clusters/10880088/,p3ext_20260703,,
10881064_2026_Leon Washington v. First Nat'l Bank of Penn._ca6,Washington v. First National Bank of Pennsylvania,6th Cir.,2026,10881064,https://www.courtlistener.com/api/rest/v4/clusters/10881064/,p3ext_20260703,on file with author,57ccd14ccae7d5f81c08a1653877f1dacdde2692908e6d722709f2f50b35faa5
"10881455_2026_Ramone Taylor, et al. v. Lisa Royal, et al._paed","Ramone Taylor, et al. v. Lisa Royal, et al.",E.D. Pa.,2026,10881455,https://www.courtlistener.com/api/rest/v4/clusters/10881455/,p3ext_20260703_r2,,
"10881457_2026_Ramone Taylor, et al. v. Lisa Royal, et al._paed","Ramone Taylor v. Lisa Royal, et al.",E.D. Pa.,2026,10881457,https://www.courtlistener.com/api/rest/v4/clusters/10881457/,p3ext_20260703_r2,on file with author,137f7197b3d723802e49b0f811930b0f157d232050b232cd296ade215356b8f9
10883230_2026_Brian K. Legge v. Clarke County Zoning Department ef a_vawd,Brian K. Legge v. Clarke County Zoning Department et al.,W.D. Va.,2026,10883230,https://www.courtlistener.com/api/rest/v4/clusters/10883230/,p3ext_20260703,,
10884215_2026_Melissa Mae Mielke-Metzger v. Richard O. Moriarty_wied,Mielke-Metzger v. Moriarty,E.D. Wis.,2026,10884215,https://www.courtlistener.com/api/rest/v4/clusters/10884215/,p3ext_20260703,,
"10884631_2026_Persida Myers v. Deschutes County, a political subdivision of the State of Orego_ord",Persida Myers v. Deschutes County,D. Or.,2026,10884631,https://www.courtlistener.com/api/rest/v4/clusters/10884631/,p3ext_20260703,,
10884663_2026_Justin Perkins-Gottfried v. Southern Oregon University; Board of Trustees of Sou_ord,Justin Perkins-Gottfried v. Southern Oregon University; Board of Trustees of Southern Oregon University; Carrie Vath; Mehmoood Mahda; Jason Mendoza,D. Or.,2026,10884663,https://www.courtlistener.com/api/rest/v4/clusters/10884663/,p3ext_20260703,,
"10884916_2026_Jeri E. Butler v. Cresthaven Property Owners’ Association, Inc., et al._ared","Jeri E. Butler v. Cresthaven Property Owners' Association, Inc., et al.",E.D. Ark.,2026,10884916,https://www.courtlistener.com/api/rest/v4/clusters/10884916/,p3ext_20260703,on file with author,808bd30266a15bbdbd634953250eb7c7aed2dc3c986e4bec0c8641de167c33f0
10885222_2026_Michael S. McClain and Rosalee Janette McClain v. Board of County Commissioners _ksd,"McClain v. Board of County Commissioners of Sedgwick County, Kansas",D. Kan.,2026,10885222,https://www.courtlistener.com/api/rest/v4/clusters/10885222/,p3ext_20260703,,
"10885225_2026_Sealed Plaintiff v. Sealed Defendant 1, et al._nynd","Sealed Plaintiff v. Sealed Defendant 1, et al.",N.D.N.Y.,2026,10885225,https://www.courtlistener.com/api/rest/v4/clusters/10885225/,p3ext_20260703,on file with author,0b70de208927da3868b926fca542c177b7b7a2a5c6422adcbcc76817344d920e
10886197_2026_Kristen Anderson v. Housing Authority of Florence South Carolina; Florence Count_scd,Kristen Anderson v. Housing Authority of Florence South Carolina,D.S.C.,2026,10886197,https://www.courtlistener.com/api/rest/v4/clusters/10886197/,p3ext_20260703,,
"10886296_2026_Hlevictor A. Hoskins, Jr. and Tracey R. Young v. Plaza Place Owners Association,_txsd","Hoskins v. Plaza Place Owners Association, Inc.",S.D. Tex.,2026,10886296,https://www.courtlistener.com/api/rest/v4/clusters/10886296/,p3ext_20260703_r2,,
10886638_2026_Valerie Sayles v. Ashtabula Metropolitan Housing Authority_ohnd,Valerie Sayles v. Ashtabula Metropolitan Housing Authority,N.D. Ohio,2026,10886638,https://www.courtlistener.com/api/rest/v4/clusters/10886638/,p3ext_20260703,,
"10886855_2026_Abraham Shitrai Israel v. Barbara Guinn, et al._nynd","Abraham Shitrai Israel v. Barbara Guinn, et al.",N.D.N.Y.,2026,10886855,https://www.courtlistener.com/api/rest/v4/clusters/10886855/,p3ext_20260703,,
"10887336_2026_Nicole Furnas v. Tierra Luna and Sol Enterprises, LLC; et al._azd","Nicole Furnas v. Tierra Luna and Sol Enterprises, LLC; et al.",D. Ariz.,2026,10887336,https://www.courtlistener.com/api/rest/v4/clusters/10887336/,p3ext_20260703_r2,,
"10888161_2026_William Malik Harris v. St. Peter Investors, LLC; Avidity Real Estate Services, _mnd","William Malik Harris v. St. Peter Investors, LLC; Avidity Real Estate Services, LLC; and Gregg Stellick",D. Minn.,2026,10888161,https://www.courtlistener.com/api/rest/v4/clusters/10888161/,p3ext_20260703,,
10888196_2026_Stephanie Haywood v. Warner Robins Housing Authority et al._gamd,Stephanie Haywood v. Warner Robins Housing Authority et al.,M.D. Ga.,2026,10888196,https://www.courtlistener.com/api/rest/v4/clusters/10888196/,p3ext_20260703,,
"10888238_2026_Tanesha A. Turner v. 3526-28 E 9TH AVE TRUST, et al._innd","Tanesha A. Turner v. 3526-28 E 9th Ave Trust, et al.",N.D. Ind.,2026,10888238,https://www.courtlistener.com/api/rest/v4/clusters/10888238/,p3ext_20260703_r2,,
"10888303_2026_Alesia Denise Jackson v. National Church Residences of Hoover Place, et al._ohsd","Alesia Denise Jackson v. National Church Residences of Hoover Place, et al.",S.D. Ohio,2026,10888303,https://www.courtlistener.com/api/rest/v4/clusters/10888303/,p3ext_20260703,,
"10888988_2026_United States of America v. The Commonwealth of Pennsylvania, Pennsylvania Depar_pamd","United States of America v. The Commonwealth of Pennsylvania, Pennsylvania Department of Labor and Industry, and Pennsylvania Department of Human Services",M.D. Pa.,2026,10888988,https://www.courtlistener.com/api/rest/v4/clusters/10888988/,p3ext_20260703,,
"10889198_2026_Johnathan J. Newman, II v. Village of Minerva, et al._ohnd","Johnathan J. Newman, II v. Village of Minerva, et al.",N.D. Ohio,2026,10889198,https://www.courtlistener.com/api/rest/v4/clusters/10889198/,p3ext_20260703,,
"10889304_2026_Noel Vincent Thomas v. United States Postal Service; Walmart, Inc.; NDC Asset Ma_flmd","Noel Vincent Thomas v. United States Postal Service, Walmart, Inc., NDC Asset Management, LLC, James Allen, and Annie Castro",M.D. Fla.,2026,10889304,https://www.courtlistener.com/api/rest/v4/clusters/10889304/,p3ext_20260703,,
10889457_2026_Rosalind Holmes v. Warren County Metropolitan Housing Authority_ohsd,Rosalind Holmes v. Warren County Metropolitan Housing Authority,S.D. Ohio,2026,10889457,https://www.courtlistener.com/api/rest/v4/clusters/10889457/,p3ext_20260703_r2,,
"10889468_2026_Rosalind Holmes v. Landings at Becket Ridge, Hills Properties, LLC, et al._ohsd","ROSALIND HOLMES v. LANDINGS AT BECKET RIDGE HILLS PROPERTIES, LLC, et al.",S.D. Ohio,2026,10889468,https://www.courtlistener.com/api/rest/v4/clusters/10889468/,p3ext_20260703,on file with author,5b9788514808473ded6c803b0b3a97d721dfe4901839276fd6c5c85de9c3bbbb
"10889625_2026_Minister Marquis Kimble v. Home Point Financial Corporation, et al._ohnd","Minister Marquis Kimble v. Home Point Financial Corporation, et al.",N.D. Ohio,2026,10889625,https://www.courtlistener.com/api/rest/v4/clusters/10889625/,p3ext_20260703,,
10889883_2026_Sherrall Randall v. Bozzuto Management Company_mdd,Sherrall Randall v. Bozzuto Management Company,D. Md.,2026,10889883,https://www.courtlistener.com/api/rest/v4/clusters/10889883/,p3ext_20260703,on file with author,684b3a9fde3807efdb6f8bbbf23f9a5df19de928444c82fea186383bbc506b4b
"10890106_2026_Tekisha Rousseaux Castellanos v. Manzano Mesa Limited Partnership, GSL Propertie_nmd",Tekisha Rousseaux Castellanos v. Manzano Mesa Limited Partnership,D.N.M.,2026,10890106,https://www.courtlistener.com/api/rest/v4/clusters/10890106/,p3ext_20260703,,
"10892124_2026_Tracey Vinson v. Ann Arbor Housing Commission, et al._mied",Tracey Vinson v. Ann Arbor Housing Commission,E.D. Mich.,2026,10892124,https://www.courtlistener.com/api/rest/v4/clusters/10892124/,p3ext_20260703,,
10892382_2026_Joseph Herbozo and Meghan Liesenfeld v. Debbie Fernandez et al._flmd,Joseph Herbozo and Meghan Liesenfeld v. Debbie Fernandez et al.,M.D. Fla.,2026,10892382,https://www.courtlistener.com/api/rest/v4/clusters/10892382/,p3ext_20260703,,
"10892401_2026_Dana Bowman v. 1933 Argo Rd, LLC, et al._txsd","Dana Bowman v. 1933 Argo Rd, LLC, et al.",S.D. Tex.,2026,10892401,https://www.courtlistener.com/api/rest/v4/clusters/10892401/,p3ext_20260703,,
"10892781_2026_Erica King v. FirstService Residential Texas, Inc., d b a FirstService Residenti_txnd","Erica King v. FirstService Residential Texas, Inc.",N.D. Tex.,2026,10892781,https://www.courtlistener.com/api/rest/v4/clusters/10892781/,p3ext_20260703,,
"10892792_2026_Susan Lloyd v. Wolf & Kline Property Management Inc., et al._paed","Susan Lloyd v. Wolf & Kline Property Management Inc., et al.",E.D. Pa.,2026,10892792,https://www.courtlistener.com/api/rest/v4/clusters/10892792/,p3ext_20260703,,
"10892826_2026_Sheila Lynn Triplett v. Seldin Company, Alicia Clark, CEO; Jenny Clayton, SVP; A_ned","Sheila Lynn Triplett v. Seldin Company, Alicia Clark, Jenny Clayton, Ashley McKibbin, and Sheri Ware",D. Neb.,2026,10892826,https://www.courtlistener.com/api/rest/v4/clusters/10892826/,p3ext_20260703,,
"10893072_2026_Noel Vincent Thomas v. United States Postal Service; Walmart, Inc.; NDC Asset Ma_flmd","Noel Vincent Thomas v. United States Postal Service; Walmart, Inc.; NDC Asset Management, LLC; James Allen; Annie Castro",M.D. Fla.,2026,10893072,https://www.courtlistener.com/api/rest/v4/clusters/10893072/,p3ext_20260703,on file with author,e33b8b131cd366e8404e99bf8aee4ea82619052b913b632558f86dc24fb7a51c
10893150_2026_Williams Victor Funes Nunez v. Morgan Properties LLC et al._njd,Williams Victor Funes Nunez v. Morgan Properties LLC et al.,D.N.J.,2026,10893150,https://www.courtlistener.com/api/rest/v4/clusters/10893150/,p3ext_20260703_r2,on file with author,886b1d1900fc9cad0f9e65c84d84140cf04e937c09a8c65d245877c9c6c83df9
10893165_2026_Williams Victor Funes Nunez v. Morgan Properties LLC et al._njd,Williams Victor Funes Nunez v. Morgan Properties LLC et al.,D.N.J.,2026,10893165,https://www.courtlistener.com/api/rest/v4/clusters/10893165/,p3ext_20260703_r2,,
10893194_2026_Michael Tiquez & Mara Tiquez v. Carmen Marine Cooperative et al._ilnd,Tiquez v. Carmen Marine Cooperative et al.,N.D. Ill.,2026,10893194,https://www.courtlistener.com/api/rest/v4/clusters/10893194/,p3ext_20260703,on file with author,36b7902739995640088928643f0ef42bb5fbc0eb33518e616cf143899aa2c524
"10893376_2026_Ramone Taylor v. Lisa Royal, et al._paed","Ramone Taylor v. Lisa Royal, et al.",E.D. Pa.,2026,10893376,https://www.courtlistener.com/api/rest/v4/clusters/10893376/,p3ext_20260703_r2,,
10893429_2026_Nickie Kane v. Park Affordable HDFC_nyed,Nickie Kane v. Park Affordable HDFC,E.D.N.Y.,2026,10893429,https://www.courtlistener.com/api/rest/v4/clusters/10893429/,p3ext_20260703,on file with author,2c61750a0ef51ae13ec3b1ca51a791b4f950dff408bb7a13a3815245fed5b9ef
10893491_2026_Clyde Davison Jr. v. LP Preservation HTC LLC  Linden Plaza Property Management C_nyed,Clyde Davison Jr. v. LP Preservation HTC LLC et al.,S.D.N.Y.,2026,10893491,https://www.courtlistener.com/api/rest/v4/clusters/10893491/,p3ext_20260703,,
"10893492_2026_Casey Millerborg v. Blue Bonnet Trail LLC, et al._txnd","Casey Millerborg v. Blue Bonnet Trail LLC, et al.",N.D. Tex.,2026,10893492,https://www.courtlistener.com/api/rest/v4/clusters/10893492/,p3ext_20260703_r2,,
"10893737_2026_Rosanna Barrera v. LDG Riverstone LP, ET AL._txwd","Rosanna Barrera v. LDG Riverstone LP, et al.",W.D. Tex.,2026,10893737,https://www.courtlistener.com/api/rest/v4/clusters/10893737/,p3ext_20260703_r2,,
"10893775_2026_Dawn M. Chappel v. Adams County Children’s Services, et al._ohsd","Dawn M. Chappel v. Adams County Children's Services, et al.",S.D. Ohio,2026,10893775,https://www.courtlistener.com/api/rest/v4/clusters/10893775/,p3ext_20260703_r2,,
"10894139_2026_Theresa Jones v. Philadelphia Housing Authority, et al._paed",Theresa Jones v. Philadelphia Housing Authority,E.D. Pa.,2026,10894139,https://www.courtlistener.com/api/rest/v4/clusters/10894139/,p3ext_20260703,on file with author,0c41d419fed5cbefc1f57b5b3668a5ed9fa516466a1e96c571ccce45781a4244
"10894889_2026_Donna L. White v. Charmaine Edmonds, Leslie Swint, Jose & Linda & Michael, Nicet_paed","Donna L. White v. Charmaine Edmonds, Leslie Swint, Jose & Linda & Michael, Nicetown Court Apartments",E.D. Pa.,2026,10894889,https://www.courtlistener.com/api/rest/v4/clusters/10894889/,p3ext_20260703,,
"10895338_2026_Henry Ortiz v. Doug V. Mull, et al._caed","Henry Ortiz v. Doug V. Mull, et al.",E.D. Cal.,2026,10895338,https://www.courtlistener.com/api/rest/v4/clusters/10895338/,p3ext_20260703_r2,,
"10895483_2026_Annie Webb v. RPM Living, et al._txnd","Annie Webb v. RPM Living, et al.",N.D. Tex.,2026,10895483,https://www.courtlistener.com/api/rest/v4/clusters/10895483/,p3ext_20260703_r2,on file with author,e08bce5a590d642dcfa3ccced25d577f7a8a5202e4f793fa1f4ebaeee6dca8eb
"10895617_2026_Sheila Lynn Triplett v. Seldin Company, Alicia Clark, CEO; Jenny Clayton, SVP; A_ned","Sheila Lynn Triplett v. Seldin Company, Alicia Clark, Jenny Clayton, Ashley McKibbin, and Sheri Ware",D. Neb.,2026,10895617,https://www.courtlistener.com/api/rest/v4/clusters/10895617/,p3ext_20260703_r2,,
11061453_2025_Jennifer Oldham v. Penn State University_ca3,,,,11061453,https://www.courtlistener.com/api/rest/v4/clusters/11061453/,3604; claims,,
11103580_2025_Immigrant Defenders Law Center v. Noem_ca9,,,,11103580,https://www.courtlistener.com/api/rest/v4/clusters/11103580/,3604; claims,,
11135914_2025_Galvez v. Bisignano_ca9,,,,11135914,https://www.courtlistener.com/api/rest/v4/clusters/11135914/,3604; claims,,
11161991_2023_Evelyn Rivera v. Jimmy Ducharme et al._nhd,Evelyn Rivera v. Jimmy Ducharme et al.,D.N.H.,2023,11161991,https://www.courtlistener.com/api/rest/v4/clusters/11161991/,3604; claims; csv,,
"11260497_2026_Eaton Corp. v. Angstrom Auto. Group, LLC_ca6",,,,11260497,https://www.courtlistener.com/api/rest/v4/clusters/11260497/,3604; claims,,
11267540 - Yocca v. ALLEGHENY COUNTY HEALTH DEPARTMENT,"Ronald Yocca, Rachel Estates, L.P., My Brother's House v. Allegheny County Health Department",W.D. Pa.,2026,,,3604; claims; csv,,
11267541 - HERBOZO v. Fernandez,Herbozo v. Fernandez,M.D. Fla.,2026,,,3604; claims; csv,on file with author,cb094c7ef4f345bccb2c056801c13851957b69833b228c404e0357d00235c6f5
11267542 - Robinson v. BRAZOS VALLEY COUNCIL OF GOVERNMENTS,Robinson v. Brazos Valley Council of Governments,S.D. Tex.,2026,,,3604; claims; csv,,
"11267543 - PLACE OF GRACE, INC. v. EXECUTIVE DIRECTOR","Place of Grace, Inc. v. Executive Director",S.D. Ind.,2026,,,3604; claims; csv,,
"11267544 - HARMONY HOME OF HUNTINGTON, INC. v. EXECUTIVE DIRECTOR","Harmony Home of Huntington, Inc. v. Executive Director",S.D. Ind.,2026,,,3604; claims; csv,,
11267545 - Taylor v. Royal,Ramone Taylor v. Lisa Royal,E.D. Pa.,2026,,,3604; claims; csv,on file with author,5160c09c2aa4259ea1487811de7e83ea8542bda039d50f7d0e2f919e8e8c43d3
"11267546 - NEXT STEP RECOVERY HOME, INC. v. Indiana","Next Step Recovery Home, Inc. v. State of Indiana",S.D. Ind.,2026,,,3604; claims; csv,,
11267547 - Wrighten v. OLD LINCO LLC,Lisa R. Wrighten v. Old Linco LLC,E.D. Tex.,2026,,,3604; claims; csv,,
11267548 - DEMOOR v. FREEMAN WEBB COMPANY,"Karen DeMoor v. Freeman Webb Company, Realtors, et al.",M.D. Tenn.,2026,,,3604; claims; csv,on file with author,f032f7aa6b3714ea9648a968971c7027005f2185c6c323d757cb3cfa0a430969
11267549 - BITTENBENDER v. FAMILY SERVICES ASSOCIATION OF BUCKS COUNTY,Cynthia Bittenbender v. Family Services Association of Bucks County,E.D. Pa.,2026,,,3604; claims; csv,on file with author,ec7b3a7133c53c861544729fc17c03738ab08d2747f3679acf3adb4f90bc735a
11267550 - Pella v. ATLANTIC COUNTY DEPARTMENT OF FAMILY AND COMMUNITY DEVELOPMENT,Pella v. Atlantic County Department of Family and Community Development,D.N.J.,2026,,,3604; claims; csv,on file with author,44c4382c43109a8e1642a0699f9c06f424e4c7d051e07f200b9c52bd9af7d1fd
11267551 - NIZWANTOWSKI v. Monarch,"Keith David Nizwantowski v. Monarch, et al.",E.D.N.C.,2026,,,3604; claims; csv,,
11267552 - Phillips v. STODDARD COUNTY CIRCUIT COURT,"Sandy Phillips v. Stoddard County Circuit Court, et al.",E.D. Mo.,2026,,,3604; claims; csv,,
11267553 - Nitschke v. 326 WELCH PARTNERS,Nitschke v. 326 Welch Partners,M.D. Tenn.,2026,,,3604; claims; csv,,
11267554 - GRACE L. HERNANDEZ TRUST v. Lozano,,,,,,3604; claims,,
"11267555 - Grossman v. B&J SERVICES OF MIAMI, LLC","Lorin Grossman v. B&J Services of Miami, LLC",S.D. Fla.,2026,,,3604; claims; csv,,
"11267556 - Robins v. ABERDEEN AT GOLF & COUNTRY CLUB, INC.","Lori Robins v. Waterford at Aberdeen Association, Inc.",S.D. Fla.,2026,,,3604; claims; csv,,
"11267557 - Huston v. WILLAMETTE VALLEY RENTALS, LLC","Huston v. Willamette Valley Rentals, LLC",D. Or.,2026,,,3604; claims; csv,,
11267558 - Doe v. 2001 ARTHUR LLC,Doe v. 2001 ARTHUR LLC,S.D.N.Y.,2026,,,3604; claims; csv,,
11267559 - Holmes v. WARREN COUNTY METROPOLITAN HOUSING AUTHORITY,Holmes v. Warren County Metropolitan Housing Authority,S.D. Ohio,2026,,,3604; claims; csv,,
11267560 - DONAVON v. RICHMOND-HENRICO ARMS LIMITED PARTNERSHIP,Kortney Donavon v. Richmond-Henrico Arms Limited Partnership,E.D. Va.,2026,,,3604; claims; csv,,
"11267561 - Taylor v. WESTLAND REAL ESTATE GROUP, LLC","Telvon Taylor v. Westland Real Estate Group, LLC",D. Nev.,2026,,,3604; claims; csv,,
11267562 - ROCKERS v. HAVERFORD TOWNSHIP ZONING HEARING BOARD,Rockers v. Haverford Township Zoning Hearing Board,Pa. Cmwlth.,2026,,,3604; claims,,
11267563 - Hobbs v. GONCHARKO,"Steven E. Hobbs, Sr. v. Igor Goncharko, et al.",N.D. Ill.,2026,,,3604; claims; csv,,
"11267564 - Cincinnati Insurance Company v. LOST RUN FARM COMMUNITY ASSOCIATION, INC.","Cincinnati Insurance Company v. Lost Run Farm Community Association, Inc.",S.D. Ind.,2026,,,3604; claims; csv,,
"11267565 - Herrera v. MADDOX MANAGEMENT, LLC","James B. Herrera v. Maddox Management, LLC",D.N.M.,2026,,,3604; claims; csv,on file with author,dc57b6b43f4cf2954905c49c55c954a51fb81a103d85a7a495afef289cf05a54
11267566 - JUDY SHAW FOUNDATION v. CITY OF HOWARD,"Judy Shaw Foundation v. City of Howard, South Dakota",D.S.D.,2026,,,3604; claims; csv,,
"11267567 - Bowman v. KCAP RE FUND II, LLC","Bowman v. KCAP RE Fund II, LLC",N.D. Tex.,2025,,,3604; claims; csv,,
11267568 - Baker v. THE EMERALD CONDOS,Justin Baker v. The Emerald Condos et al.,W.D. Wash.,2025,,,3604; claims; csv,on file with author,bc2ab420dfa4384b519d807e4159a17ee85d60d0f521da1ec1163d8023d4bef9
"11267569 - MAPLE TREE LP, II v. Rebollo","Maple Tree LP, II v. Rebollo",Ind. Ct. App.,2025,,,3604; claims,,
11267570 - SHALER TOWNSHIP v. ZONING HEARING BOARD OF SHALER TOWNSHIP,Shaler Township v. Zoning Hearing Board of Shaler Township,Pa. Cmwlth.,2025,,,3604; claims,,
"11267571 - AMHERST FARMS HOMEOWNERS ASSOCIATION, INC. v. DM","Amherst Farms Homeowners Association, Inc. v. D.M. and L.S.",N.J. Super. Ct. App. Div.,2025,,,3604; claims,,
11267572 - Quintana v. Haeussler,,,,,,3604; claims,,
"11267573 - KANTSEPOLSKY v. RIVER SHORES ASSOCIATION, INC.","Valery Kantsepolsky v. River Shores Association, Inc.",S.D. Fla.,2025,,,3604; claims; csv,on file with author,1f79365ed518e0d98af0326bdb682e6ff7dc77e6d6d65f3f331e2ae9b6a34fdf
11267574 - READING HOUSING AUTHORITY v. Pennsylvania Human Relations Commission,Reading Housing Authority v. Pennsylvania Human Relations Commission,Pa. Cmwlth.,2025,,,3604; claims,,
11267575 - Yocca v. TURTLE CREEK ZONING HEARING BD.,Yocca v. Turtle Creek Zoning Hearing Board,Commonwealth Court of Pennsylvania,2025,,,3604; claims,,
11267576 - Hewitt v. Price,,,,,,3604; claims,,
11267577 - Murray v. US TREASURY,Murray v. U.S. Treasury,E.D. Pa.,2025,,,3604; claims; csv; phase1_patch,on file with author,17ab989c10269a9a0e2e49a12e2f405e3651690e6daaa319185e97c042d82b7a
11267578 - Knight v. MACON HOUSING AUTHORITY,Desiree Knight v. Macon Housing Authority,M.D. Ga.,2025,,,3604; claims; csv,on file with author,96b73ed2236108c9d447d39f78feb6b4a1a4e2ca1e2d9bfc4f329a5ab0e38cd7
11267579 - CHOSEN CONSULTING v. TOWN COUNCIL OF HIGHLAND,,,,,,3604; claims,,
11267580 - TRESTLE CREEK ASSOCIATION v. Schooley,,,,,,3604; claims,,
11267581 - Martin v. Castillo,"Felice Lazae Martin, et al. v. Michael Castillo, et al.",E.D. Cal.,2025,,,3604; claims; csv,on file with author,9c4680a3f7ec319b0ca4039c9602c02647d4b86c79552267877186eb6a09695f
11267582 - LAWRENCE COUNTY RECOVERY v. VILLAGE OF COAL GROVE,"Lawrence County Recovery, LLC v. Village of Coal Grove, OH",S.D. Ohio,2025,,,3604; claims; csv,,
"11267583 - STASON SUTTON AND FAIR HOUSING JUSTICE CENTER, INC. v. CREF 546 WEST 44TH STREET","Stason Sutton and Fair Housing Justice Center, Inc. v. CREF 546 West 44th Street, LLC, Patrinely Group, LLC, and CETRA/CRI Architecture, PLLC",S.D.N.Y.,2025,,,3604; claims; csv; phase2_extraction,,
11267584 - Crouse v. HOUSING WORKS,"Eric Crouse v. Housing Works, Deschutes County, and the State of Oregon",D. Or.,2025,,,3604; claims; csv,on file with author,72adaa4995dd6a468bb23b0964c968d30cf2a2b80007cb5e6f1e22084fe09420
11267585 - BJURLING v. Johnson,"Damia Bjurling v. Alec Johnson, et al.",W.D. Wash.,2025,,,3604; claims; csv,on file with author,4ee718fe55b042de4df5d6cff0c39344ebf7646eadf69eec913507fae1b780d6
"11267586 - STASON SUTTON AND FAIR HOUSING JUSTICE CENTER, INC. v. CREF 546 WEST 44TH STREET","Stason Sutton and Fair Housing Justice Center, Inc. v. CREF 546 West 44th Street, LLC",S.D.N.Y.,2025,,,3604; claims; csv; phase2_extraction,,
11267587 - Howitt v. VORVIS,Howitt v. Vorvis,D. Mass.,2025,,,3604; claims; csv,,
11267588 - Jeffcoat v. BROOKINGS HOUSING & REDEVELOPMENT COMMISSION,Jeffcoat v. Brookings Housing & Redevelopment Commission,D.S.D.,2025,,,3604; claims; csv; phase1_patch,,
"11267589 - Oxford House, Inc. v. Township of North Bergen","Oxford House, Inc. v. Township of North Bergen",3d Cir.,2025,,,3604; claims; csv,,
11267590 - PEDCOR MANAGEMENT CORP. v. Pate,,,,,,3604; claims,,
"11267591 - RAMDHAN v. MORGAN STONEHILL, LLC","Alfey Ramdhan v. Morgan Stonehill, LLC",D. Nev.,2025,,,3604; claims; csv,on file with author,392a41f2fab84a6f699fb36c16c0421a49b675a859a4bd45a2a08bebfa839e4a
11267592 - Kononen v. CITY OF SALEM HOUSING AUTHORITY,Katie M. Kononen v. City of Salem Housing Authority,D. Or.,2025,,,3604; claims; csv,,
11267593 - Maher v. WHITE BEAR TOWNSHIP,Daniel Maher and Colin's Place LLC v. White Bear Township,D. Minn.,2025,,,3604; claims; csv,,
11267594 - Israel v. Guinn,"Abraham Shitrai Israel and Sarah Iris Israel v. Barbara Guinn, et al.",N.D.N.Y.,2025,,,3604; claims; csv; phase1_patch,on file with author,ea33d3cc9234562ee48657720d60ecde0fcb4475bac89c39763034f56d1d56ca
"11267595 - Chavous v. HOUSING VISIONS UNLIMITED, INC.","Priscilla Chavous v. Housing Visions Unlimited, Inc.",N.D.N.Y.,2025,,,3604; claims; csv,on file with author,fcd7ac2b0171625cbfdba050e3bd019a4198fa2400d38a5f56998b3120851824
11267596 - Castellanos v. MANZANO MESA LIMITED PARTNERSHIP,Castellanos v. Manzano Mesa Limited Partnership,D.N.M.,2025,,,3604; claims; csv; phase1_patch,on file with author,219ed505b300d60191a8998e8df72dc4f011c7c9d45d5d799d7cfa7003c14577
11267597 - LB v. PREMERA BLUE CROSS,,,,,,3604; claims,,
"11267598 - BE THE BUSH RECOVERY MINISTRIES v. COFFEE COUNTY, TENNESSEE","Be the Bush Recovery Ministries v. Coffee County, Tennessee",6th Cir.,2025,,,3604; claims; csv,,
"11267599 - Burnett v. RUTLEDGE FLATS, LLC","Amy Burnett v. Rutledge Flats, LLC, et al.",M.D. Tenn.,2025,,,3604; claims; csv,,
11267600 - Weston v. WIP 800 J LOFTS,Weston v. WIP 800 J Lofts,E.D. Cal.,2025,,,3604; claims; csv,on file with author,f06667c64a60782ad54904230346749c9e83803b65a39d35156b835e49c52768
"11267601 - PLACE OF GRACE, INC. v. Indiana","Place of Grace, Inc. v. Indiana",S.D. Ind.,2025,,,3604; claims; csv,on file with author,54c8e9885b656e44a7a813f84a046a723c64dbeccba3d963b95433738d9e618e
11267602 - GROUP HOME ON GIBSON ISLAND v. Gibson Island Corp.,"Group Home on Gibson Island, LLC v. Gibson Island Corp.",4th Cir.,2025,,,3604; claims; csv,,
11267603 - How cited,Group Home on Gibson Island v. Gibson Island Corp.,4th Cir.,2025,,,3604; claims; csv; phase1_patch; phase2_extraction,,
11267604 - Castro v. Loft,"Ruth Castro v. Lancaster Loft, et al.",S.D. Ind.,2025,,,3604; claims; csv,on file with author,0303c20f71ac0ea1b4eacc0f8506262c6048bce85e57057a84a274be3e9a448c
11267605 - LEGGE v. CLARKE COUNTY ZONING DEPARTMENT,Brian K. Legge v. Clarke County Zoning Department et al.,W.D. Va.,2025,,,3604; claims; csv,,
11267606 - Marlor v. THE HOUSING COMPANY,Gregory R. Marlor v. The Housing Company,D. Idaho,2025,,,3604; claims; csv,,
11267607 - Terry v. YWCA OF NORTHESTERN NEW YORK,Elizabeth Marie Terry v. YWCA of Northeastern New York,N.D.N.Y.,2025,,,3604; csv,on file with author,64f3b6a5396f764d46a63d195068b59c642a93c87e03e0c681dfff1e510f0fb4
"11267608 - THE COMFY COTTAGE, INC. v. Pasco County","The Comfy Cottage, Inc. v. Pasco County",M.D. Fla.,2025,,,3604; claims; csv,,
11267609 - Doria v. YAVAPAI COLLEGE DISTRICT GOVERNING BOARD,"Daniel T Doria v. Yavapai College District Governing Board, et al.",D. Ariz.,2025,,,3604; claims; csv,on file with author,357aa73f28605d2d576f6c5f003e6a43fd29cbc04e160cc748aada2670eb9674
11267610 - HALL-JOHNSON v. City and County of San Francisco,Hall-Johnson v. City and County of San Francisco,N.D. Cal.,2025,,,3604; claims; csv,on file with author,4f3e59fe054bca1a1b68b0816dcba9522dbae6e3b773a32f41a11461cadc4753
11267611 - MAPLE TREE LP v. REBOLLO,"Maple Tree LP, II, et al. v. Rachel Rebollo",Ind. Ct. App.,2025,,,3604; claims,,
11267612 - CHERRY-EL v. Blount,"Dwane Cherry-El v. Belinda Blount, DCHA, Housing Specialist, et al.",D.D.C.,2025,,,3604; claims; csv,on file with author,db858717959f481cf634bcd3d541f04b230f3b922bfde8d9efb45b621bec7800
11267613 - Joe v. OLIVE BRANCH ASSISTED LIVING LLC,Hailei Joe v. Olive Branch Assisted Living LLC,D. Ariz.,2025,,,3604; claims; csv,,
11267614 - Yocca v. TURTLE CREEK ZONING HEARING BOARD,Ronald Yocca v. Turtle Creek Zoning Hearing Board,Pa. Cmwlth.,2025,,,3604; claims,,
11267615 - Drews v. GOLDOLLAR REAL ESTATE INVESTMENTS,"Wendy Marie Drews v. Goldollar Real Estate Investments; Lynmark Group-Orange Avenue Apartments, LLC; Carla Hines-Melcher",S.D.N.Y.,2026,,,3604; claims; csv,,
11267616 - NATIONAL FAIR HOUSING ALLIANCE v. US DEP'T OF HOUSING AND URBAN DEVELOPMENT,National Fair Housing Alliance v. U.S. Department of Housing and Urban Development,D.D.C.,2025,,,3604; claims; csv; phase1_patch,,
11267617 - MILLERBORG v. BLUE BONNET TRAIL LLC,Millerborg v. Blue Bonnet Trail LLC,N.D. Tex.,2025,,,3604; claims; csv,on file with author,f079e54cde8bb887a5b57712cb960a365657597bab9a7105e2d2e530be7523e3
"11267618 - McCready v. UNITY SOBER LIVING HOMES, LLC","John McCready v. Unity Sober Living Homes, LLC",E.D. Pa.,2025,,,3604; claims; csv,,
11267619 - MENDOZA-LEBRON v. Adams,Mendoza-Lebron v. Adams,E.D.N.Y.,2025,,,3604; claims; csv,on file with author,15110078412391137e56f33a22ae1ccdab07cc7c475755107a837443695ac274
11267620 - Gonzalez v. ROYSE SERVICES LLC,"Manuel James Gonzalez, as legal guardian of R.E.G. v. Royse Services LLC d/b/a LaVida Vacations",M.D. Fla.,2025,,,3604; claims; csv,,
11267621 - Gilbert v. TUCSON REALTY & TRUST COMPANY,Shenoa Gilbert v. Tucson Realty & Trust Company Management Services LLC,D. Ariz.,2025,,,3604; claims; csv,on file with author,71c3804be118d732901d5df78c37232ebcd193967469400b9824a03931f5155d
"11267622 - United States v. FAIR HOUSING PARTNERSHIP OF GREATER PITTSBURGH, INC.","United States of America v. AION Management, LLC",D. Del.,2025,,,3604; claims; csv,,
11267623 - Watts v. THE IRVINE COMPANY LLC,Watts v. The Irvine Company LLC,C.D. Cal.,2025,,,3604; claims; csv,on file with author,29d88067c048c5421dcbae51fc7565b6f357f98dd80d21952105ebbb6d22de3d
11267624 - Cooper v. Chicago Housing Authority,Cooper v. Chicago Housing Authority,N.D. Ill.,2025,,,3604; claims; csv; phase1_patch,,
11267625 - Jones v. FEATHERSTONE CONDOMINIUM HOMEOWNERS ASSOCIATION INC.,Quincy Bernard Jones v. Featherstone Condominium Homeowners Association Inc.,M.D. Ga.,2025,,,3604; claims; csv,on file with author,bd4bfac73f73bdbef425b88f4a10b30b04fa22a6cb77cc293a19348fae2148ec
11267626 - Lepp v. Mallet,Lepp v. Mallet,E.D. Mich.,2025,,,3604; claims; csv,on file with author,da7f41b3a9d76055ff3dfd3a94321e705600b183cb265b24cfd96ac13e417202
"11267627 - COMM'N ON HUMAN RIGHTS v. MANSIONS, LLC",,,,,,3604; claims,,
11267628 - Scoggins v. FALCON COURT,,,,,,3604; claims,,
11267630 - Hunt v. VOLARE HEALTH LLC,Karla Hunt v. Volare Health LLC,D. Or.,2025,,,3604; claims; csv,on file with author,f97add6b9db6c125cf5655c2599836d86313d34a71789253e4a0ac36ce76868a
11267631 - Darling v. FACEBOOK,,,,,,3604; claims,,
11267632 - Watts v. JOGGERS RUN PROPERTY OWNERS ASSOCIATION,"Sara Watts v. Joggers Run Property Owners Association, Inc.",11th Cir.,2025,,,3604; claims; csv,,
"11267633 - BAK REALTY, LLC v. City of Fitchburg","BAK Realty, LLC v. City of Fitchburg",Supreme Judicial Court of Massachusetts,2025,,,3604; claims,,
11267634 - Jackson v. Chicago Housing Authority,"Curtis K. Jackson, Sr. v. Chicago Housing Authority",7th Cir.,2025,,,3604; claims; csv,,
"11267635 - Parker v. PANPHIL REALTY, LLC","Gordon Roy Parker v. Panphil Realty, LLC",E.D. Pa.,2025,,,3604; claims; csv,on file with author,4dbb83edbae1ebeeb059b20519b74dedc6c171f3b83c739f8024b73fa55248e1
"11267636 - APPELGREN v. ISLAND HOSPITALITY MANAGEMENT VII, LLC","Mark Appelgren v. Island Hospitality Management VII, LLC, et al.",D.N.J.,2025,,,3604; claims; csv,on file with author,77e60aa159c4938038079cbd337b1eaed8edca5e5dca377669ca5f8fd9f9690e
11267637 - Doe v. Department of Veterans Affairs,Jane Doe v. Department of Veterans Affairs,D. Md.,2025,,,3604; claims; csv,on file with author,c06ab20ad61366897b82af746165a6fbf775758ce6c714eaf5825d9796bb7b28
11267638 - PARK CROSSING HOA. v. Suarez,"Park Crossing Homeowners Association, Inc. v. Suarez",Fla. 4th DCA,2025,,,3604; claims,,
11267639 - Faruki v. HOUSING AUTHORITY FOR THE COUNTY OF SACRAMENTO,Faruki v. Housing Authority for the County of Sacramento,E.D. Cal.,2025,,,3604; claims; csv,on file with author,efb81b6466d9689435fa084fedb14bf6702033ab2d5f6e5ec9798b40ca7ba352
11267640 - United States v. LETTIRE CONSTRUCTION CORP.,United States of America v. Lettire Construction Corp.,S.D.N.Y.,2025,,,3604; claims; csv; phase2_extraction,,
11267641 - LB EX REL. AB v. PREMERA BLUE CROSS,,,,,,3604; claims,,
"11267642 - Watts v. JOGGERS RUN PROPERTY OWNERS ASSOCIATION, INC.","Sara Watts v. Joggers Run Property Owners Association, Inc.",11th Cir.,2025,,,3604; claims; csv,,
"11267643 - CMDS RESIDENTIAL, LLC v. Mayor & City Council of Baltimore","CMDS Residential, LLC v. Mayor & City Council of Baltimore",D. Md.,2025,,,3604; claims; csv,,
11267644 - Carlson v. CARRINGTON SQUARE LLC,Danny Carlson v. Carrington Square LLC,D. Utah,2025,,,3604; claims; csv,,
11267645 - Ricketts v. WESTWOOD CONDO ASSOC.,Robert Ricketts v. Westwood Condo Assn.,D. Conn.,2025,,,3604; claims; csv,on file with author,502e9647785d83358f9ad831bdba2bcdc9aa767b565fdc888d1b118483da6d75
"11267646 - YIELDMO, INC. v. TEADS, INC.",,,,,,3604; claims,,
11267647 - Johnson v. Simonson,Larry Johnson v. Lisa Simonson and Kelly Paine,D. Or.,2025,,,3604; claims; csv,,
"11267648 - Resources for Human Development, Inc. v. LOWER PROVIDENCE TOWNSHIP","Resources for Human Development, Inc. v. Lower Providence Township",E.D. Pa.,2025,,,3604; claims; csv,on file with author,2de99446d3db66dd21c5d8ca88ce3919507ff27bc49fb09eb69d541ae10b628e
"11267649 - Bowman v. SWBC REAL ESTATE SERVICES, LLC","Dana Bowman v. SWBC Real Estate Services, LLC et al.",N.D. Tex.,2025,,,3604; claims; csv,on file with author,18626b19cc62b78b50e69844e264de1a4fb27d9564c0ddc61a67e5abf0030e7a
11267650 - Deitch v. MEDSTAR MEDICAL GROUP,"Ronald S. Deitch v. Medstar Medical Group, Southern Maryland LLC, et al.",D. Md.,2025,,,3604; claims; csv,on file with author,0c01dce2f5dfdf64535d23851c0503c380d119d3e9a4699750fcab84b0fc4889
"11267651 - COMMISSION ON HUMAN RIGHTS & OPPORTUNITIES EX REL. PIZZOFERRATO v. THE MANSIONS,","Commission on Human Rights and Opportunities ex rel. Wendy Pizzoferrato et al. v. The Mansions, LLC et al.",Conn. App. Ct.,2025,,,3604; claims,,
11267652 - Dixon v. SILVA-MARKHAM PARTNERS,Jennifer Dixon v. Silva-Markham Partners and Koelbel & Co.,D. Colo.,2025,,,3604; claims; csv,,
11267653 - IN THE MATTER OF GENDELL,,,,,,3604; claims,,
2769474_2015_Batista v. Cooperativa De Vivienda Jardines De San Ignacio_ca1,"Priscilla Batista v. Cooperativa de Vivienda Jardines de San Ignacio, et al.",1st Cir.,2015,2769474,https://www.courtlistener.com/api/rest/v4/clusters/2769474/,3604; claims; csv,,
2770244_2015_Eddy Jean Philippeaux v. Apartment Investment and Management Company_ca11,Eddy Jean Philippeaux v. Apartment Investment and Management Company,11th Cir.,2015,2770244,https://www.courtlistener.com/api/rest/v4/clusters/2770244/,3604; claims; csv,,
2781658_2015_Glenn Hopkins v. Springfield Housing Authority_ca7,Glenn J. Hopkins v. Springfield Housing Authority,7th Cir.,2015,2781658,https://www.courtlistener.com/api/rest/v4/clusters/2781658/,3604; claims; csv,on file with author,49db3de7ba74c8b837f7979b5f3ddce2c6088aa85d6944ee7f9e17c3a83a8653
"2803230_2015_Forziano v. Indep. Grp. Home Living Program, Inc._ca2","Forziano v. Indep. Grp. Home Living Program, Inc.",2d Cir.,2015,2803230,https://www.courtlistener.com/api/rest/v4/clusters/2803230/,3604; claims; csv,,
"2804903_2015_Rodriguez v. Village Green Realty, Inc._ca2","Rodriguez v. Village Green Realty, Inc.",2d Cir.,2015,2804903,https://www.courtlistener.com/api/rest/v4/clusters/2804903/,3604; claims; csv,,
2809229_2015_Dick Lalowski v. City of Des Plaines_ca7,,,,2809229,https://www.courtlistener.com/api/rest/v4/clusters/2809229/,3604; claims,,
"2811844_2015_Texas Dept. of Housing and Community Affairs v. Inclusive Communities Project, Inc._scotus","Texas Department of Housing and Community Affairs v. Inclusive Communities Project, Inc.",SUPREME COURT OF THE UNITED STATES,2015,2811844,https://www.courtlistener.com/api/rest/v4/clusters/2811844/,3604; claims,,
2820826_2015_Jackson v. Park Place Condominiums Ass'n_ca10,"Marcia L. Jackson v. Park Place Condominiums Association, Inc.",10th Cir.,2015,2820826,https://www.courtlistener.com/api/rest/v4/clusters/2820826/,3604; claims; csv,,
2826184_2015_PETA v. AGRI_cadc,,,,2826184,https://www.courtlistener.com/api/rest/v4/clusters/2826184/,3604; claims; iqbal,,
2827459_2015_Anderson Ex Rel. C.A. v. City of Blue Ash_ca6,"Ingrid Anderson, individually and parent on behalf of C.A.; Housing Opportunities Made Equal, Inc. v. City of Blue Ash",6th Cir.,2015,2827459,https://www.courtlistener.com/api/rest/v4/clusters/2827459/,3604; claims; csv,,
2829978_2015_Nina Shahin v. Andrew Rogan_ca3,Nina Shahin v. Andrew Rogan,3d Cir.,2015,2829978,https://www.courtlistener.com/api/rest/v4/clusters/2829978/,3604; claims; csv,,
2832679_2015_City of Miami v. Bank of America Corp._ca11,City of Miami v. Wells Fargo & Co.,11th Cir.,2015,2832679,https://www.courtlistener.com/api/rest/v4/clusters/2832679/,3604; claims; csv,,
2832680_2015_City of Miami v. Wells Fargo _ Co._ca11,City of Miami v. Citigroup Inc.,11th Cir.,2015,2832680,https://www.courtlistener.com/api/rest/v4/clusters/2832680/,3604; claims; csv,,
2832681_2015_City of Miami v. Bank of America Corporation_ca11,City of Miami v. Bank of America Corporation,11th Cir.,2015,2832681,https://www.courtlistener.com/api/rest/v4/clusters/2832681/,3604; claims; csv,,
2898031_2015_Brenda Miles v. David Wesley_ca9,Brenda Miles v. David Wesley,9th Cir.,2015,2898031,https://www.courtlistener.com/api/rest/v4/clusters/2898031/,3604; claims; csv,,
"2959750_2015_Texas Dept. of Housing and Community Affairs v. Inclusive Communities Project, Inc._scotus","Texas Department of Housing and Community Affairs v. Inclusive Communities Project, Inc.",SUPREME COURT OF THE UNITED STATES,2015,2959750,https://www.courtlistener.com/api/rest/v4/clusters/2959750/,3604; claims,,
"2961319_2015_Freedman v. Suntrust Banks, Inc._dcd","Shana Freedman v. SunTrust Banks, Inc. and SunTrust Mortgage, Inc.",D.D.C.,2015,2961319,https://www.courtlistener.com/api/rest/v4/clusters/2961319/,3604; claims; csv; iqbal,on file with author,b8ca791bab777fcb2ef36992bf78963e2b97b89b4d4563ca1346abb95fd06ea5
3004697_2015_County of Westchester v. United States Department of Housing _ Urban Development_ca2,County of Westchester v. U.S. Department of Housing and Urban Development,2d Cir.,2015,3004697,https://www.courtlistener.com/api/rest/v4/clusters/3004697/,3604; claims; csv; phase1_patch,,
3006526_2015_Anthony Hood v. Tessa Pope_ca5,"Anthony Hood; Princess Williams v. Tessa Pope, et al.",5th Cir.,2015,3006526,https://www.courtlistener.com/api/rest/v4/clusters/3006526/,3604; claims; csv,,
"3007122_2015_Mark Hibbert, Sr. v. Bellmawr Park Mutual Housing_ca3","Mark E. Hibbert, Sr. v. Bellmawr Park Mutual Housing Corporation",3d Cir.,2015,3007122,https://www.courtlistener.com/api/rest/v4/clusters/3007122/,3604; claims; csv; phase1_patch,,
3045653_2015_Donavette Ely v. Mobile Housing Board_ca11,Donavette Ely v. Mobile Housing Board,11th Cir.,2015,3045653,https://www.courtlistener.com/api/rest/v4/clusters/3045653/,3604; claims; csv,,
"3066240_2015_Ethicon Endo-Surgery, Inc. v. Covidien, Inc._cafc",,,,3066240,https://www.courtlistener.com/api/rest/v4/clusters/3066240/,3604; claims,,
"3132420_2015_Anderson Group, LLC v. City of Saratoga Springs_ca2","The Anderson Group, LLC v. City of Saratoga Springs",2d Cir.,2015,3132420,https://www.courtlistener.com/api/rest/v4/clusters/3132420/,3604; claims; csv,,
"3161187_2015_Parham v. Cih Properties, Inc._dcd","Parham v. CIH Properties, Inc.",D.D.C.,2015,3161187,https://www.courtlistener.com/api/rest/v4/clusters/3161187/,3604; claims; csv,,
3164689_2015_In RE_TAM en Banc_cafc,,,,3164689,https://www.courtlistener.com/api/rest/v4/clusters/3164689/,3604; claims,,
"3171091_2016_Richard Wolf v. Bank of America, N.A., et a_ca5",Richard B. Wolf; Marcia A. Wolf v. Bank of America National Association; Marvin Blankenship; Kianie King; Jimmy Widdle; Phil Gonzalez,5th Cir.,2016,3171091,https://www.courtlistener.com/api/rest/v4/clusters/3171091/,3604; claims; csv; phase1_patch,on file with author,5858030e9b718eb9d24a0a783ab9ae59f9df7c88217c322260b2b68bedb0f6c3
"3178598_2016_Dyan Hunt v. Aimco Properties, L.P._ca11","Dyan Hunt v. Aimco Properties, L.P.",11th Cir.,2016,3178598,https://www.courtlistener.com/api/rest/v4/clusters/3178598/,3604; claims; csv,,
"3187921_2016_MHANY Mgmt., Inc. v. Cty of Nassau_ca2","MHANY Management, Inc. v. County of Nassau et al.",2d Cir.,2016,3187921,https://www.courtlistener.com/api/rest/v4/clusters/3187921/,3604; claims; csv,,
"3188956_2016_Avenue 6E Investments, LLC v. City of Yuma_ca9","Avenue 6E Investments, LLC v. City of Yuma",9th Cir.,2016,3188956,https://www.courtlistener.com/api/rest/v4/clusters/3188956/,3604; claims; csv,,
3199679_2016_Castillo Condominium Ass'n v. United States Department of Housing _ Urban Development_ca1,Castillo Condominium Association v. United States Department of Housing and Urban Development,1st Cir.,2016,3199679,https://www.courtlistener.com/api/rest/v4/clusters/3199679/,3604; claims; csv,,
3200963_2016_Dorothy Hartman v. Bank of New York Mellon_ca3,Dorothy Hartman v. Bank of New York Mellon,3d Cir.,2016,3200963,https://www.courtlistener.com/api/rest/v4/clusters/3200963/,3604; claims; csv,on file with author,5c60fde67d8d5216beb268db7480c3f976318ec48cfef06c14f73c7e003ac83f
"3204035_2016_Fair Housing Rights Center v. Post Goldtex GP, LLC_ca3","Fair Housing Rights Center in Southeastern Pennsylvania v. Post Goldtex GP, LLC",3d Cir.,2016,3204035,https://www.courtlistener.com/api/rest/v4/clusters/3204035/,3604; claims; csv,,
3212779_2016_Tri-Corp Housing Incorporated v. Robert Bauman_ca7,Tri-Corp Housing Incorporated v. Robert Bauman,7th Cir.,2016,3212779,https://www.courtlistener.com/api/rest/v4/clusters/3212779/,3604; claims; csv,,
3215233_2016_Austin v. Town of Farmington_ca2,Austin v. Town of Farmington,2d Cir.,2016,3215233,https://www.courtlistener.com/api/rest/v4/clusters/3215233/,3604; claims; csv,,
3219398_2016_Shaddonna Miles v. Housing Authority of Texarkana_ca5,"Shaddonna Diane Miles v. Housing Authority of Texarkana, Texas",5th Cir.,2016,3219398,https://www.courtlistener.com/api/rest/v4/clusters/3219398/,3604; claims; csv,,
"4016914_2016_Thomas Wilson v. Warren County, Illinois_ca7","Thomas Wilson and Randy Brown v. Warren County, Illinois, Martin Edwards, Thomas Carithers, Albert Algren, Ronald Hanson, Mark Johnson, and Douglas Reiners",7th Cir.,2016,4016914,https://www.courtlistener.com/api/rest/v4/clusters/4016914/,3604; claims; csv,on file with author,9f191fb4d557f8a86eeb2b1ba03d04905adea80dff1fa32ab5afed45a6923110
4034411_2016_B.C. v. Mount Vernon School District_ca2,,,,4034411,https://www.courtlistener.com/api/rest/v4/clusters/4034411/,3604; claims,,
4076592_2016_Safari Club International v. Jewell_dcd,,,,4076592,https://www.courtlistener.com/api/rest/v4/clusters/4076592/,3604; claims,,
"4094260_2016_Selden v. Airbnb, Inc._dcd","Gregory Selden v. Airbnb, Inc.",D.D.C.,2016,4094260,https://www.courtlistener.com/api/rest/v4/clusters/4094260/,3604; claims; csv; iqbal,,
4096467_2016_Thomas v. Salvation Army Southern Territory_ca4,Sharon T. Thomas v. The Salvation Army Southern Territory,4th Cir.,2016,4096467,https://www.courtlistener.com/api/rest/v4/clusters/4096467/,3604; claims; csv,on file with author,b8f4cb5bc06be773b4eea9a804ca3932ea7bd868732361720cc4898054b19cc2
"4100879_2016_Borum v. Brentwood Village, LLC_dcd","Adriann Borum, et al. v. Brentwood Village, LLC, et al.",D.D.C.,2016,4100879,https://www.courtlistener.com/api/rest/v4/clusters/4100879/,3604; claims; csv; iqbal,,
4107938_2016_Hardaway v. District of Columbia Housing Authority_cadc,Angelene Hardaway and Lena Hardaway v. District of Columbia Housing Authority,D.C. Cir.,2016,4107938,https://www.courtlistener.com/api/rest/v4/clusters/4107938/,3604; claims; csv,,
4110396_2016_Abdus-Sabur v. Corrections Corporation of America_dcd,"Jason Abdus-Sabur v. Hope Village, Inc., et al.",D.D.C.,2016,4110396,https://www.courtlistener.com/api/rest/v4/clusters/4110396/,3604; claims; csv; iqbal,on file with author,9250a289a0ca1a2b7f61e6d40f72f072e341d735b1b0821e8869ef52d6b3fa5c
"4154998_2017_Linkletter v. Western _ Southern Financial Group, Inc._ca6","Gayle Linkletter v. Western & Southern Financial Group, Inc.",6th Cir.,2017,4154998,https://www.courtlistener.com/api/rest/v4/clusters/4154998/,3604; claims; csv,,
"4155882_2017_United States v. Mid-America Apartment Communities, Inc._dcd","United States v. Mid-America Apartment Communities, Inc.",D.D.C.,2017,4155882,https://www.courtlistener.com/api/rest/v4/clusters/4155882/,3604; claims; csv,,
4157097_2017_Liana Revock v. Cowpet Bay West Condominium As_ca3,Liana Revock v. Cowpet Bay West Condominium Association,3d Cir.,2017,4157097,https://www.courtlistener.com/api/rest/v4/clusters/4157097/,3604; claims; csv,,
4164893_2017_Bank of Am. Corp. v. City of Miami_scotus,Bank of America Corp. v. City of Miami,Supreme Court of the United States,2017,4164893,https://www.courtlistener.com/api/rest/v4/clusters/4164893/,3604; claims,,
"4165008_2017_Roger Nicklaw v. CitiMortgage, Inc._ca11",,,,4165008,https://www.courtlistener.com/api/rest/v4/clusters/4165008/,3604; claims,,
4181212_2017_Andrew Ellis v. The City of Minneapolis_ca8,"Andrew Ellis; Harriet A. Ellis v. The City of Minneapolis, a municipal corporation; Betsy Hodges; Nuria Rivera-Vandermyde; JoAnn Velde",8th Cir.,2017,4181212,https://www.courtlistener.com/api/rest/v4/clusters/4181212/,3604; claims; csv,,
4181299_2017_Hardie v. National Collegiate Athletic Ass'n_ca9,,,,4181299,https://www.courtlistener.com/api/rest/v4/clusters/4181299/,3604; claims,,
4191888_2017_Goncalves Ex Rel. Goncalves v. Rady Children's Hospital San Diego_ca9,,,,4191888,https://www.courtlistener.com/api/rest/v4/clusters/4191888/,3604; claims,,
4194542_2017_Civil Rights Education _ Enforcement Center v. Hospitality Properties Trust_ca9,Civil Rights Education and Enforcement Center v. Hospitality Properties Trust,9th Cir.,2017,4194542,https://www.courtlistener.com/api/rest/v4/clusters/4194542/,3604; claims; csv; phase1_patch,,
4197488_2017_National Fair Housing Alliance v. Travelers Indemnity Company_dcd,National Fair Housing Alliance v. Travelers Indemnity Company,D.D.C.,2017,4197488,https://www.courtlistener.com/api/rest/v4/clusters/4197488/,3604; claims; csv; iqbal,,
4202483_2017_Dominic Hardie v. Ncaa_ca9,,,,4202483,https://www.courtlistener.com/api/rest/v4/clusters/4202483/,3604; claims,,
"4244464_2018_Borum v. Brentwood Village, LLC_dcd","Borum v. Brentwood Village, LLC",D.D.C.,2018,4244464,https://www.courtlistener.com/api/rest/v4/clusters/4244464/,3604; claims; csv,,
4250967_2018_Mary Valencia v. City of Springfield_ca7,"Mary B. Valencia, et al. v. City of Springfield, Illinois",7th Cir.,2018,4250967,https://www.courtlistener.com/api/rest/v4/clusters/4250967/,3604; claims; csv,,
4258657_2018_Karim-Panahi v. 4000 Massachusetts Apartments_dcd,Parviz Karim-Panahi v. 4000 Massachusetts Apartments et al.,D.D.C.,2018,4258657,https://www.courtlistener.com/api/rest/v4/clusters/4258657/,3604; claims; csv; iqbal,on file with author,f67ffafc9b968832b52911b669b8e0b6f98302670861c0230e649e9be45a0634
"4271090_2018_Barry Farm Tenants and Allies Association, Inc. v. District of Columbia Housing Authority_dcd","Barry Farm Tenants and Allies Association, Inc. v. District of Columbia Housing Authority",D.D.C.,2018,4271090,https://www.courtlistener.com/api/rest/v4/clusters/4271090/,3604; claims; csv; iqbal,,
4274256_2018_Collington v. District of Columbia Housing Authority_dcd,William Hugh Collington v. District of Columbia Housing Authority et al.,D.D.C.,2018,4274256,https://www.courtlistener.com/api/rest/v4/clusters/4274256/,3604; claims; csv; iqbal; phase1_patch,on file with author,248f0299e908f2b0f7b12c8b1d410a126bc69b88c9fe41f8c6d5168ab409a2ef
4278555_2018_Holly Geraci v. Union Square Condominium Assoc_ca7,Holly B. Geraci v. Union Square Condominium Association,7th Cir.,2018,4278555,https://www.courtlistener.com/api/rest/v4/clusters/4278555/,3604; claims; csv,,
4303545_2018_Traci Berardelli v. Allied Services Institute of R_ca3,,,,4303545,https://www.courtlistener.com/api/rest/v4/clusters/4303545/,3604; claims,,
4305084_2018_National Fair Housing Alliance v. Carson_dcd,National Fair Housing Alliance v. Carson,D.D.C.,2018,4305084,https://www.courtlistener.com/api/rest/v4/clusters/4305084/,3604; claims; csv; iqbal,on file with author,f688af1ad66825e8ab0aec57745bcd22a0508131c497cb5242cbd53c88574901
4307711_2018_Marsha Wetzel v. Glen St. Andrew Living Communi_ca7,"Marsha Wetzel v. Glen St. Andrew Living Community, LLC",7th Cir.,2018,4307711,https://www.courtlistener.com/api/rest/v4/clusters/4307711/,3604; claims; csv,,
4308017_2018_Darryl Mason v. Adams Cty. Recorder_ca6,"Darryl O. Mason v. Adams County Recorder, et al.",6th Cir.,2018,4308017,https://www.courtlistener.com/api/rest/v4/clusters/4308017/,3604; claims; csv,,
4308092_2018_Providence Behavioral Health v. Grant Rd. Pub. Util. Dist._ca5,Providence Behavioral Health v. Grant Road Public Utility District,5th Cir.,2018,4308092,https://www.courtlistener.com/api/rest/v4/clusters/4308092/,3604; claims; csv,,
4308286_2018_Darryl Mason v. Adams Cty. Recorder_ca6,"Darryl O. Mason v. Adams County Recorder, et al.",6th Cir.,2018,4308286,https://www.courtlistener.com/api/rest/v4/clusters/4308286/,3604; claims; csv,,
4309890_2018_Carol Vorchheimer v. Philadelphian Owners Associati_ca3,Carol Vorchheimer v. The Philadelphian Owners Association; June Idzal; Frank J. Bonom,3d Cir.,2018,4309890,https://www.courtlistener.com/api/rest/v4/clusters/4309890/,3604; claims; csv,on file with author,a830c34847994511a4b4ba718215a00f8ae1a275e87f329bc5263a0fa46aed48
4309951_2018_Carol Vorchheimer v. Philadelphian Owners Associati_ca3,Carol Vorchheimer v. The Philadelphian Owners Association; June Idzal; Frank J. Bonom,3d Cir.,2018,4309951,https://www.courtlistener.com/api/rest/v4/clusters/4309951/,3604; claims; csv,,
"4313320_2018_Tree of Life Christian Sch. v. City of Upper Arlington, Ohio_ca6",,,,4313320,https://www.courtlistener.com/api/rest/v4/clusters/4313320/,3604; claims,,
"4319607_2016_Lindsey Jones v. CitiMortgage, Inc._ca11","Lindsey Jones v. CitiMortgage, Inc.",11th Cir.,2016,4319607,https://www.courtlistener.com/api/rest/v4/clusters/4319607/,3604; claims; csv,,
4330677_2016_Hardaway v. District of Columbia Housing Authority_cadc,Hardaway v. District of Columbia Housing Authority,D.C. Cir.,2016,4330677,https://www.courtlistener.com/api/rest/v4/clusters/4330677/,3604; claims; csv,,
4331178_2016_Robyn Edwards v. Gene Salter Properties_ca8,Robyn G. Edwards; Mikki Adams v. Gene Salter Properties and Salter Construction Inc.; Brittany Pringle,8th Cir.,2016,4331178,https://www.courtlistener.com/api/rest/v4/clusters/4331178/,3604; claims; csv,,
4331675_2016_Robyn Edwards v. Gene Salter Properties_ca8,Robyn G. Edwards; Mikki Adams v. Gene Salter Properties and Salter Construction Inc.; Brittany Pringle,8th Cir.,2016,4331675,https://www.courtlistener.com/api/rest/v4/clusters/4331675/,3604; claims; csv,,
"4343397_2018_Angela Riley v. City of Kokomo, Indiana, Housi_ca7","Angela Riley v. City of Kokomo, Indiana Housing Authority",7th Cir.,2018,4343397,https://www.courtlistener.com/api/rest/v4/clusters/4343397/,3604; claims; csv,,
4368563_2019_United States v. Matthew Bryan Caniff_ca11,,,,4368563,https://www.courtlistener.com/api/rest/v4/clusters/4368563/,3604; claims,,
"4373124_2019_Francis v. Kings Park Manor, Inc._ca2","Francis v. Kings Park Manor, Inc.",2d Cir.,2019,4373124,https://www.courtlistener.com/api/rest/v4/clusters/4373124/,3604; claims; csv,,
"4375755_2017_M.R.G. v. Marsh Harbour Maintenance Association, Inc._ca11","Fair Housing Center of the Greater Palm Beaches, Inc. v. Sonoma Bay Community Homeowners Association, Inc.",11th Cir.,2017,4375755,https://www.courtlistener.com/api/rest/v4/clusters/4375755/,3604; claims; csv,,
4382731_2019_Barot v. Aldon Management_dcd,Constante P. Barot et al. v. Aldon Management,D.D.C.,2019,4382731,https://www.courtlistener.com/api/rest/v4/clusters/4382731/,3604; claims; csv; iqbal,,
"4385539_2019_Inclusive Cmtys. Project, Inc. v. Lincoln Prop. Co._ca5","Inclusive Communities Project, Inc. v. Lincoln Property Co.",5th Cir.,2019,4385539,https://www.courtlistener.com/api/rest/v4/clusters/4385539/,3604; claims; csv; iqbal,,
4386176_2017_Barbara Moody v. Harry Gongloff_ca6,"Barbara Moody v. Harry Gongloff, et al.",6th Cir.,2017,4386176,https://www.courtlistener.com/api/rest/v4/clusters/4386176/,3604; claims; csv,,
"4387735_2017_Victoria Laney v. Thomas Ray Slaten, Jr._ca11","Victoria Laney v. Thomas Ray Slaten, Jr.",11th Cir.,2017,4387735,https://www.courtlistener.com/api/rest/v4/clusters/4387735/,3604; claims; csv; phase1_patch,,
"4387755_2017_Roger Nicklaw v. CitiMortgage, Inc._ca11",,,,4387755,https://www.courtlistener.com/api/rest/v4/clusters/4387755/,3604; claims,,
4389389_2019_Marie Curto v. Country Place Condominium Assn_ca3,Marie Curto v. A Country Place Condominium Association,3d Cir.,2019,4389389,https://www.courtlistener.com/api/rest/v4/clusters/4389389/,3604; claims; csv,,
4393705_2019_City of Miami v. Wells Fargo _ Co._ca11,City of Miami v. Wells Fargo & Co.,11th Cir.,2019,4393705,https://www.courtlistener.com/api/rest/v4/clusters/4393705/,3604; claims; csv,,
4402335_2017_Affordable Recovery Housing v. City of Blue Island_ca7,Affordable Recovery Housing v. City of Blue Island,7th Cir.,2017,4402335,https://www.courtlistener.com/api/rest/v4/clusters/4402335/,3604; claims; csv; phase2_extraction,,
"4403305_2019_Paula Casillas v. Madison Avenue Associates, Inc_ca7",,,,4403305,https://www.courtlistener.com/api/rest/v4/clusters/4403305/,3604; claims,,
4404046_2017_Hardie v. National Collegiate Athletic Ass'n_ca9,,,,4404046,https://www.courtlistener.com/api/rest/v4/clusters/4404046/,3604; claims,,
"4405598_2019_Borum v. Brentwood Village, LLC_dcd","Borum v. Brentwood Village, LLC",D.D.C.,2019,4405598,https://www.courtlistener.com/api/rest/v4/clusters/4405598/,3604; claims; csv,,
"4412459_2017_Oregon Bureau of Labor _ Industries Ex Rel. Fair Housing Council of Oregon v. Chandler Apartments, LLC_ca9","Oregon Bureau of Labor and Industries, ex rel Fair Housing Council of Oregon v. Chandler Apartments, LLC",9th Cir.,2017,4412459,https://www.courtlistener.com/api/rest/v4/clusters/4412459/,3604; claims; csv,,
4417289_2017_Civil Rights Education _ Enforcement Center v. Hospitality Properties Trust_ca9,Civil Rights Education and Enforcement Center v. Hospitality Properties Trust,9th Cir.,2017,4417289,https://www.courtlistener.com/api/rest/v4/clusters/4417289/,3604; claims; csv; phase1_patch,,
4424296_2019_Kirschenbaum v. Assa Corp._ca2,Kirschenbaum v. Assa Corp.,2d Cir.,2019,4424296,https://www.courtlistener.com/api/rest/v4/clusters/4424296/,3604; claims; csv; phase1_patch,,
4433210_2019_National Fair Housing Alliance v. Carson_dcd,National Fair Housing Alliance v. Carson,D.D.C.,2019,4433210,https://www.courtlistener.com/api/rest/v4/clusters/4433210/,3604; claims; csv,,
"4439165_2019_Albert Schaw v. Habitat for Humanity of Citrus County, Inc._ca11","Albert Schaw v. Habitat for Humanity of Citrus County, Inc.",11th Cir.,2019,4439165,https://www.courtlistener.com/api/rest/v4/clusters/4439165/,3604; claims; csv,,
4445152_2019_Summers v. City of Fitchburg_ca1,Jeffrey D. Summers and Jeffrey's House Inc. v. City of Fitchburg et al.,1st Cir.,2019,4445152,https://www.courtlistener.com/api/rest/v4/clusters/4445152/,3604; claims; csv,on file with author,2afa5c7eb43f2c5f4d706775e74f473195ef99c703dad7c08b4a8a28ae0b6546
"4445700_2019_Georgia State Conference of the NAACP v. City of LaGrange, Georgia_ca11","Georgia State Conference of the NAACP v. City of LaGrange, Georgia",11th Cir.,2019,4445700,https://www.courtlistener.com/api/rest/v4/clusters/4445700/,3604; claims; csv,,
4450591_2017_Morgan v. Carrington Mortgage Services_ca10,"Virginia Morgan v. Carrington Mortgage Services; Bank of America, N.A.",10th Cir.,2017,4450591,https://www.courtlistener.com/api/rest/v4/clusters/4450591/,3604; claims; csv,on file with author,2a520fafc33be3616158b9061eee4b231b14230c60d7741a690c9ae9c0cc646a
"4454484_2019_Daimeon Mosley v. Kohl's Dep't Stores, Inc._ca6","Daimeon Mosley v. Kohl's Department Stores, Inc.",6th Cir.,2019,4454484,https://www.courtlistener.com/api/rest/v4/clusters/4454484/,3604; claims; csv; phase1_patch,,
"4462086_2019_Francis v. Kings Park Manor, Inc._ca2","Donahue Francis v. Kings Park Manor, Inc.",2d Cir.,2019,4462086,https://www.courtlistener.com/api/rest/v4/clusters/4462086/,3604; claims; csv,,
4465046_2019_Webb v. United States Veterans Initiative_dcd,Webb v. United States Veterans Initiative,D.D.C.,2019,4465046,https://www.courtlistener.com/api/rest/v4/clusters/4465046/,3604; claims; csv; iqbal,,
4466048_2019_Phyllis Davis v. Echo Valley Condominium Ass'n_ca6,Phyllis Davis v. Echo Valley Condominium Association,6th Cir.,2019,4466048,https://www.courtlistener.com/api/rest/v4/clusters/4466048/,3604; claims; csv,,
4468236_2019_Inclusive Communities Project v. Department of Tre_ca5,"Inclusive Communities Project, Inc. v. Department of Treasury",5th Cir.,2019,4468236,https://www.courtlistener.com/api/rest/v4/clusters/4468236/,3604; claims; csv,,
4509909_2020_Cynthia Madej v. Jeff Maiden_ca6,Cynthia Madej; Robert Madej v. Jeff Maiden,6th Cir.,2020,4509909,https://www.courtlistener.com/api/rest/v4/clusters/4509909/,3604; claims; csv,,
4515611_2020_Alton Crain v. City of Selma_ca5,Alton Crain v. City of Selma,5th Cir.,2020,4515611,https://www.courtlistener.com/api/rest/v4/clusters/4515611/,3604; claims; csv,,
4519150_2018_Neway Mengistu v. Hacla_ca9,Neway Mengistu v. Housing Authority of the City of Los Angeles,9th Cir.,2018,4519150,https://www.courtlistener.com/api/rest/v4/clusters/4519150/,3604; claims; csv,,
"4520655_2020_Borum v. Brentwood Village, LLC_dcd","Borum v. Brentwood Village, LLC",D.D.C.,2020,4520655,https://www.courtlistener.com/api/rest/v4/clusters/4520655/,3604; claims; csv,,
4523173_2020_In re_ FBOP Execution Protocol Cases_cadc,,,,4523173,https://www.courtlistener.com/api/rest/v4/clusters/4523173/,3604; claims,,
4524627_2020_Arthur v. District of Columbia Housing Authority_dcd,"Evelyn Arthur, et al. v. District of Columbia Housing Authority, et al.",D.D.C.,2020,4524627,https://www.courtlistener.com/api/rest/v4/clusters/4524627/,3604; claims; csv; iqbal,,
4531039_2018_George Friedel v. Park Place Community LLC_ca11,George Friedel v. Park Place Community LLC,11th Cir.,2018,4531039,https://www.courtlistener.com/api/rest/v4/clusters/4531039/,3604; claims; csv; phase1_patch,,
"4536067_2018_Tree of Life Christian Sch. v. City of Upper Arlington, Ohio_ca6",,,,4536067,https://www.courtlistener.com/api/rest/v4/clusters/4536067/,3604; claims,,
4536566_2018_Keith Cohen v. Monroe County_ca11,Keith Cohen v. Monroe County,11th Cir.,2018,4536566,https://www.courtlistener.com/api/rest/v4/clusters/4536566/,3604; claims; csv,,
4541887_2018_Robyn Edwards v. G. Salter Prop _ Salter Const._ca8,Robyn G. Edwards; Mikki Adams v. Gene Salter Properties and Salter Construction Inc.,8th Cir.,2018,4541887,https://www.courtlistener.com/api/rest/v4/clusters/4541887/,3604; claims; csv,,
4558819_2020_City of Oakland v. Wells Fargo _ Company_ca9,City of Oakland v. Wells Fargo & Company,9th Cir.,2020,4558819,https://www.courtlistener.com/api/rest/v4/clusters/4558819/,3604; claims; csv,,
4565519_2020_Cassandra Menoken v. Janet Dhillon_cadc,,,,4565519,https://www.courtlistener.com/api/rest/v4/clusters/4565519/,3604; claims,,
4569538_2018_Mississippi Rising Coalition v. City of Oce_ca5,"Mississippi Rising Coalition v. City of Ocean Springs, Mississippi",5th Cir.,2018,4569538,https://www.courtlistener.com/api/rest/v4/clusters/4569538/,3604; claims; csv,,
4569757_2018_Mississippi Rising Coalition v. City of Oce_ca5,"Mississippi Rising Coalition v. City of Ocean Springs, Mississippi",5th Cir.,2018,4569757,https://www.courtlistener.com/api/rest/v4/clusters/4569757/,3604; claims; csv,,
4574498_2020_431 East Palisade Avenue Real v. City of Englewood_ca3,"431 East Palisade Avenue Real Estate, LLC v. City of Englewood",3d Cir.,2020,4574498,https://www.courtlistener.com/api/rest/v4/clusters/4574498/,3604; claims; csv,,
"4576558_2020_DaVita, Inc. v. Marietta Mem. Hosp._ca6",,,,4576558,https://www.courtlistener.com/api/rest/v4/clusters/4576558/,3604; claims,,
"4581562_2020_Dr. David S. Muransky v. Godiva Chocolatier, Inc._ca11","Dr. David S. Muransky v. Godiva Chocolatier, Inc.",11th Cir.,2020,4581562,https://www.courtlistener.com/api/rest/v4/clusters/4581562/,3604; claims; csv; phase1_patch,,
4591310_2019_United States v. Matthew Bryan Caniff_ca11,,,,4591310,https://www.courtlistener.com/api/rest/v4/clusters/4591310/,3604; claims,,
4612726_2019_Carol Thomas v. Sfha_ca9,Carol Thomas v. San Francisco Housing Authority,9th Cir.,2019,4612726,https://www.courtlistener.com/api/rest/v4/clusters/4612726/,3604; claims; csv,,
4614816_2019_Mahmood Khan v. City of Minneapolis_ca8,Mahmood Khan v. City of Minneapolis,8th Cir.,2019,4614816,https://www.courtlistener.com/api/rest/v4/clusters/4614816/,3604; claims; csv,,
"4621342_2019_Robert Jones, Jr. v. M_A Mgmt Corp_ca7","Robert L. Jones, Jr. v. M/A Mgmt Corp.",7th Cir.,2019,4621342,https://www.courtlistener.com/api/rest/v4/clusters/4621342/,3604; claims; csv,,
4621744_2019_Kimberly Johnson v. Kellie Jennings_ca11,"Kimberly Johnson, Deborah Brazell v. Kellie Jennings, Shelley Morris",11th Cir.,2019,4621744,https://www.courtlistener.com/api/rest/v4/clusters/4621744/,3604; claims; csv,,
"4637098_2020_Davita Inc. v. Amy's Kitchen, Inc._ca9",,,,4637098,https://www.courtlistener.com/api/rest/v4/clusters/4637098/,3604; claims,,
4645018_2019_Gwendolyn Wilson v. Hillsborough Township Construc_ca3,Gwendolyn Wilson v. Hillsborough Township Construction Department,3d Cir.,2019,4645018,https://www.courtlistener.com/api/rest/v4/clusters/4645018/,3604; claims; csv,,
4661075_2021_Suarez-Torres v. Panaderia y Reposteria Espana_ca1,,,,4661075,https://www.courtlistener.com/api/rest/v4/clusters/4661075/,3604; claims,,
"4662179_2021_Glenn Howard v. Hmk Holdings, LLC_ca9","Glenn Howard; Gale Howard; Christine Howard v. HMK Holdings, LLC; Hovik M. Khaloian",9th Cir.,2021,4662179,https://www.courtlistener.com/api/rest/v4/clusters/4662179/,3604; claims; csv,,
"4667674_2021_Metropolitan Omaha Property v. City of Omaha, Nebraska_ca8","Metropolitan Omaha Property Owners Association, Inc. v. City of Omaha, Nebraska",8th Cir.,2021,4667674,https://www.courtlistener.com/api/rest/v4/clusters/4667674/,3604; claims; csv,,
"4671577_2021_Francis v. Kings Park Manor, Inc._ca2","Francis v. Kings Park Manor, Inc.",2d Cir.,2021,4671577,https://www.courtlistener.com/api/rest/v4/clusters/4671577/,3604; claims; csv; iqbal,on file with author,8e657276ffee7467f942f196fdebefc7ec35b30bc40a33ee815e12ee60e52d9c
4678020_2021_Stanley Webb v. United States Veterans Initiative_cadc,Stanley Webb v. United States Veterans Initiative (US Vets) And Community Partnership,D.C. Cir.,2021,4678020,https://www.courtlistener.com/api/rest/v4/clusters/4678020/,3604; claims; csv,,
4678095_2021_Lawrence Salisbury v. City of Santa Monica_ca9,Lawrence Salisbury v. City of Santa Monica,9th Cir.,2021,4678095,https://www.courtlistener.com/api/rest/v4/clusters/4678095/,3604; claims; csv,,
4682008_2021_Laufer v. Mann Hospitality_ca5,,,,4682008,https://www.courtlistener.com/api/rest/v4/clusters/4682008/,3604; claims,,
4693366_2021_Lawrence Salisbury v. City of Santa Monica_ca9,Lawrence Salisbury v. City of Santa Monica,9th Cir.,2021,4693366,https://www.courtlistener.com/api/rest/v4/clusters/4693366/,3604; claims; csv,,
4698095_2021_Sandpiper Residents Association v. United States Department of Housing and Urban Development_dcd,Sandpiper Residents Association v. United States Department of Housing and Urban Development,D.D.C.,2021,4698095,https://www.courtlistener.com/api/rest/v4/clusters/4698095/,3604; claims; csv; phase1_patch,,
4699659_2021_Equal Means Equal v. Ferriero_ca1,,,,4699659,https://www.courtlistener.com/api/rest/v4/clusters/4699659/,3604; claims,,
"4703129_2021_Gregory Selden v. Airbnb, Inc._cadc","Gregory Selden v. Airbnb, Inc.",D.C. Cir.,2021,4703129,https://www.courtlistener.com/api/rest/v4/clusters/4703129/,3604; claims; csv,,
4704212_2021_Rita Fox v. Lucille F. Gaines_ca11,Rita Fox v. Lucille F. Gaines,11th Cir.,2021,4704212,https://www.courtlistener.com/api/rest/v4/clusters/4704212/,3604; claims; csv,,
4704890_2021_Rita Fox v. Lucille F. Gaines_ca11,Rita Fox v. Lucille F. Gaines,11th Cir.,2021,4704890,https://www.courtlistener.com/api/rest/v4/clusters/4704890/,3604; claims; csv,,
"4731274_2020_Quality of Life, Corp. v. The City of Margate_ca11","Quality of Life, Corp. v. The City of Margate",11th Cir.,2020,4731274,https://www.courtlistener.com/api/rest/v4/clusters/4731274/,3604; claims; csv,,
4753723_2020_Natale Mercuri v. Occidental Tower Apartments_ca9,Natale Mercuri v. Occidental Tower Apartments,9th Cir.,2020,4753723,https://www.courtlistener.com/api/rest/v4/clusters/4753723/,3604; claims; csv,,
4756075_2020_Krystal Moore v. Camden Property Trust_ca11,Krystal Moore v. Camden Property Trust,11th Cir.,2020,4756075,https://www.courtlistener.com/api/rest/v4/clusters/4756075/,3604; claims; csv,,
4757512_2020_Akshar Global Investments Corp v. City of Los Angeles_ca9,Akshar Global Investments Corp. v. City of Los Angeles,9th Cir.,2020,4757512,https://www.courtlistener.com/api/rest/v4/clusters/4757512/,3604; claims; csv; phase1_patch,,
4760997_2020_Bostock v. Clayton County_scotus,,,,4760997,https://www.courtlistener.com/api/rest/v4/clusters/4760997/,3604; claims,,
4765131_2020_Aleksandr Selyutin v. Board of Directors of the Skok_ca7,Aleksandr Selyutin v. Board of Directors of the Skokie Gardens Condominium Association,7th Cir.,2020,4765131,https://www.courtlistener.com/api/rest/v4/clusters/4765131/,3604; claims; csv,,
"4768065_2020_Eric Ferrier v. Cascade Falls Condominium Association, Inc._ca11","Eric Ferrier v. Cascade Falls Condominium Association, Inc.",11th Cir.,2020,4768065,https://www.courtlistener.com/api/rest/v4/clusters/4768065/,3604; claims; csv; phase1_patch,,
4772168_2020_Ester Collar v. Michael B. Wilson_ca11,Esther Collar v. Michael B. Wilson,11th Cir.,2020,4772168,https://www.courtlistener.com/api/rest/v4/clusters/4772168/,3604; claims; csv,,
"4774160_2020_Inclusive Commty Project, Inc. v. Heartland Commty_ca5","The Inclusive Communities Project, Inc. v. Heartland Community Association, Inc.",5th Cir.,2020,4774160,https://www.courtlistener.com/api/rest/v4/clusters/4774160/,3604; claims; csv,,
"4785274_2020_Charles Mason v. Integra Peak Management Inc., et_ca5",Charles Mason v. Integra Peak Management Incorporated,5th Cir.,2020,4785274,https://www.courtlistener.com/api/rest/v4/clusters/4785274/,3604; claims; csv,on file with author,781456609acc4693a1627d53776634efe6890f0ad41174cc95d674cb4c2fee6f
4802517_2020_Robyn Edwards v. Gene Salter Properties_ca8,"Edwards v. Gene Salter Properties, Inc.",8th Cir.,2020,4802517,https://www.courtlistener.com/api/rest/v4/clusters/4802517/,3604; claims; csv,,
4803706_2020_Bobbie Jo Kooman v. Boulder Bluff Condominiums_ca6,Bobbie Jo Kooman v. Boulder Bluff Condominiums,6th Cir.,2020,4803706,https://www.courtlistener.com/api/rest/v4/clusters/4803706/,3604; claims; csv,,
4848196_2021_Ricky Kamdem-Ouaffo v. Plaza Square Apartments_ca3,Ricky Kamdem-Ouaffo v. Plaza Square Apartments,3rd Cir.,2021,4848196,https://www.courtlistener.com/api/rest/v4/clusters/4848196/,RA; claims; csv; phase1_patch,,
"4849987_2021_Christina Lyons v. Gene B. Glick Company, Incorpo_ca7","Christina G. Lyons v. Gene B. Glick Company, Inc.",7th Cir.,2021,4849987,https://www.courtlistener.com/api/rest/v4/clusters/4849987/,RA; 3604; claims; csv,,
"4850196_2021_Christina Lyons v. Gene B. Glick Company, Incorpo_ca7","Christina G. Lyons v. Gene B. Glick Company, Inc.",7th Cir.,2021,4850196,https://www.courtlistener.com/api/rest/v4/clusters/4850196/,RA; claims; csv,,
"4850228_2021_Christina Lyons v. Gene B. Glick Company, Incorpo_ca7","Christina G. Lyons v. Gene B. Glick Company, Inc.",7th Cir.,2021,4850228,https://www.courtlistener.com/api/rest/v4/clusters/4850228/,RA; claims; csv,,
4850760_2021_Benedict Mohit v. City of Haines City_ca11,Benedict Mohit v. City of Haines City,11th Cir.,2021,4850760,https://www.courtlistener.com/api/rest/v4/clusters/4850760/,RA; claims; csv,,
4851710_2021_Gary Hatter v. Gloria Williams_ca7,"Gary Hatter v. Gloria Williams, et al.",7th Cir.,2021,4851710,https://www.courtlistener.com/api/rest/v4/clusters/4851710/,RA; claims; csv,,
4852264_2021_Gary Hatter v. Gloria Williams_ca7,"Gary Hatter v. Gloria Williams, et al.",7th Cir.,2021,4852264,https://www.courtlistener.com/api/rest/v4/clusters/4852264/,RA; claims; csv,,
4852565_2021_Julie Wartluft v. Milton Hershey Sch and Sch Tru_ca3,"Julie Ellen Wartluft, et al. v. The Milton Hershey School and School Trust",3d Cir.,2021,4852565,https://www.courtlistener.com/api/rest/v4/clusters/4852565/,RA; 3604; claims; csv,,
4853358_2021_Sharon Chavis v. State of New Jersey_ca3,Sharon Chavis v. State of New Jersey,3rd Cir.,2021,4853358,https://www.courtlistener.com/api/rest/v4/clusters/4853358/,RA; claims; csv,,
"4856976_2021_De La Fuente v. Sherry Netherland, Inc._ca2","Roque De La Fuente v. The Sherry Netherland, Inc., et al.",2nd Cir.,2021,4856976,https://www.courtlistener.com/api/rest/v4/clusters/4856976/,RA; claims; csv; phase1_patch,,
"4858400_2021_Glenn Howard v. Hmk Holdings, LLC_ca9","Glenn Howard; Gale Howard; Christine Howard v. HMK Holdings, LLC; Hovik M. Khaloian",9th Cir.,2021,4858400,https://www.courtlistener.com/api/rest/v4/clusters/4858400/,RA; claims; csv,,
4862654_2021_People of the State of New York v. Griepp_ca2,,,,4862654,https://www.courtlistener.com/api/rest/v4/clusters/4862654/,RA; claims,,
"4863895_2021_Metropolitan Omaha Property v. City of Omaha, Nebraska_ca8","Metropolitan Omaha Property Owners Association, Inc. v. City of Omaha",8th Cir.,2021,4863895,https://www.courtlistener.com/api/rest/v4/clusters/4863895/,RA; claims; csv,,
4865538_2021_MacKenzie v. Carson_dcd,"Craig Steven MacKenzie v. Marcia L. Fudge, Secretary, U.S. Department of Housing and Urban Development",D.D.C.,2021,4865538,https://www.courtlistener.com/api/rest/v4/clusters/4865538/,RA; claims; csv,on file with author,ca923ed261409e25765628c8a9e746867991917236f620fd694b48bd85a420e3
"4865835_2021_Rodney Green, Sr. v. Mercy Housing, Inc._ca9","Rodney Green, Sr. v. Mercy Housing, Inc.",9th Cir.,2021,4865835,https://www.courtlistener.com/api/rest/v4/clusters/4865835/,RA; claims; csv,,
"4865923_2021_Rodney Green, Sr. v. Mercy Housing, Inc._ca9","Rodney Green, Sr. v. Mercy Housing, Inc.",9th Cir.,2021,4865923,https://www.courtlistener.com/api/rest/v4/clusters/4865923/,3604; claims; csv,,
4867183_2021_East Bay Sanctuary Covenant v. Joseph Biden_ca9,,,,4867183,https://www.courtlistener.com/api/rest/v4/clusters/4867183/,RA; claims,,
4867702_2021_East Bay Sanctuary Covenant v. Joseph Biden_ca9,,,,4867702,https://www.courtlistener.com/api/rest/v4/clusters/4867702/,RA; claims,,
"4867798_2021_Francis v. Kings Park Manor, Inc._ca2","Donahue Francis v. Kings Park Manor, Inc. et al.",2d Cir.,2021,4867798,https://www.courtlistener.com/api/rest/v4/clusters/4867798/,RA; claims; csv,on file with author,8e657276ffee7467f942f196fdebefc7ec35b30bc40a33ee815e12ee60e52d9c
4868335_2021_Myers v. District of Columbia Housing Authority_dcd,Belinda Myers et al. v. District of Columbia Housing Authority et al.,D.D.C.,2021,4868335,https://www.courtlistener.com/api/rest/v4/clusters/4868335/,RA; claims; csv,,
4868582_2021_Ricardo Pittman v. Viamonte Investments Group LLC_ca7,"Ricardo Pittman, Jr. v. Viamonte Investments Group, LLC, et al.",7th Cir.,2021,4868582,https://www.courtlistener.com/api/rest/v4/clusters/4868582/,3604; claims; csv,,
4869602_2021_Estate of C. Brown Morris v. the Bank of New York Mellon_ca9,Estate of Catherine Brown Morris v. The Bank of New York Mellon,9th Cir.,2021,4869602,https://www.courtlistener.com/api/rest/v4/clusters/4869602/,RA; claims; csv; phase1_patch,,
4872985_2021_Preterm-Cleveland v. Stephanie McCloud_ca6,,,,4872985,https://www.courtlistener.com/api/rest/v4/clusters/4872985/,RA; claims,,
4873061_2021_Harmony Haus Westlake v. Parkstone_ca5,"Harmony Haus Westlake, L.L.C. v. Parkstone Property Owners Association, Inc.",5th Cir.,2021,4873061,https://www.courtlistener.com/api/rest/v4/clusters/4873061/,RA; 3604; claims; csv,,
4873894_2021_Preterm-Cleveland v. Stephanie McCloud_ca6,,,,4873894,https://www.courtlistener.com/api/rest/v4/clusters/4873894/,RA; claims,,
4874239_2021_Perricone-Bernovich v. Village of Head of the Harbor_ca2,Perricone-Bernovich v. Village of Head of the Harbor,2d Cir.,2021,4874239,https://www.courtlistener.com/api/rest/v4/clusters/4874239/,RA; 3604; claims; csv,,
4874241_2021_Stanley Webb v. United States Veterans Initiative_cadc,Stanley Webb v. United States Veterans Initiative (US Vets) and Community Partnership,D.C. Cir.,2021,4874241,https://www.courtlistener.com/api/rest/v4/clusters/4874241/,RA; claims; csv,,
4874732_2021_Arthur Carson v. Roger Lacy_ca8,,,,4874732,https://www.courtlistener.com/api/rest/v4/clusters/4874732/,RA; claims,,
4877998_2021_Boston Parent Coalition for Acad. Excellence Corp. v. The School Committee of the City of Boston_ca1,,,,4877998,https://www.courtlistener.com/api/rest/v4/clusters/4877998/,RA; claims,,
4878229_2021_Laufer v. Mann Hospitality_ca5,,,,4878229,https://www.courtlistener.com/api/rest/v4/clusters/4878229/,RA; claims,,
4879735_2021_William Dew v. S. Columbia Terrace LLC_ca3,"William Dew v. S. Columbia Terrace, LLC",Third Cir.,2021,4879735,https://www.courtlistener.com/api/rest/v4/clusters/4879735/,RA; claims; csv,,
4880646_2021_Mr. Eddie I. Sierra v. City of Hallandale Beach Florida_ca11,"Eddie I. Sierra v. City of Hallandale Beach, Florida",11th Cir.,2021,4880646,https://www.courtlistener.com/api/rest/v4/clusters/4880646/,RA; claims; csv; phase1_patch,,
4881590_2021_Maddox v. Bank of N.Y. Mellon Tr. Co._ca2,,,,4881590,https://www.courtlistener.com/api/rest/v4/clusters/4881590/,RA; claims,,
4882966_2021_Lawrence v. Ctr Prop_ca5,"Shawndrika Lawrence v. Center Properties, L.L.C.",5th Cir.,2021,4882966,https://www.courtlistener.com/api/rest/v4/clusters/4882966/,RA; claims; csv; phase1_patch,,
4883774_2021_Laufer v. Alamac Inc_dcd,,,,4883774,https://www.courtlistener.com/api/rest/v4/clusters/4883774/,RA; claims,,
4884107_2021_Cameron Cty v. Port Isabel_ca5,Cameron County Housing Authority v. City of Port Isabel,5th Cir.,2021,4884107,https://www.courtlistener.com/api/rest/v4/clusters/4884107/,RA; claims; csv,,
4885603_2021_Avington v. Bank of America_ca10,"A.V. Avington, Jr.; Patricia L. Avington v. Bank of America, N.A.; Merscorps Holding Inc.",10th Cir.,2021,4885603,https://www.courtlistener.com/api/rest/v4/clusters/4885603/,RA; 3604; claims; csv,,
"4886973_2021_Paul Clark, Sr. v. Council of Unit Owners_ca4","Paul C. Clark, Sr. v. Council of Unit Owners of the 100 Harborview Drive Condominium",4th Cir.,2021,4886973,https://www.courtlistener.com/api/rest/v4/clusters/4886973/,RA; claims; csv; phase1_patch,,
4891947_2021_Hemant Bhimnathwala v. New Jersey State Judiciary_ca3,,,,4891947,https://www.courtlistener.com/api/rest/v4/clusters/4891947/,RA; claims,,
4892967_2021_Lockey v. Carson_dcd,"Curtis Lockey, Jr. v. Marcia L. Fudge, Secretary, U.S. Department of Housing and Urban Development",D.D.C.,2021,4892967,https://www.courtlistener.com/api/rest/v4/clusters/4892967/,RA; claims; csv; phase1_patch,on file with author,73081cae83ec3fdadd0ad4195fee0f9760a7ec6c20996a6ae94c0cd1dfde602d
4894316_2021_Sandpiper Residents Association v. United States Department of Housing and Urban Development_dcd,Sandpiper Residents Association v. United States Department of Housing and Urban Development,D.D.C.,2021,4894316,https://www.courtlistener.com/api/rest/v4/clusters/4894316/,RA; claims; csv; phase1_patch,,
4895880_2021_Equal Means Equal v. Ferriero_ca1,,,,4895880,https://www.courtlistener.com/api/rest/v4/clusters/4895880/,RA; claims,,
4896548_2021_Brnovich v. Democratic National Committee_scotus,,,,4896548,https://www.courtlistener.com/api/rest/v4/clusters/4896548/,RA; claims,,
"4899350_2021_Gregory Selden v. Airbnb, Inc._cadc","Gregory Selden v. Airbnb, Inc.",D.C. Cir.,2021,4899350,https://www.courtlistener.com/api/rest/v4/clusters/4899350/,RA; claims; csv,,
4900433_2021_Rita Fox v. Lucille F. Gaines_ca11,Rita Fox v. Lucille F. Gaines,11th Cir.,2021,4900433,https://www.courtlistener.com/api/rest/v4/clusters/4900433/,RA; claims; csv,,
4901111_2021_Rita Fox v. Lucille F. Gaines_ca11,Rita Fox v. Lucille F. Gaines,11th Cir.,2021,4901111,https://www.courtlistener.com/api/rest/v4/clusters/4901111/,RA; claims; csv,,
4901957_2021_Patrina Harrison v. Wells Fargo Bank_ca9,Patrina Harrison v. Wells Fargo Bank,9th Cir.,2021,4901957,https://www.courtlistener.com/api/rest/v4/clusters/4901957/,RA; claims; csv,,
4902410_2021_Brnovich v. Democratic National Committee_scotus,Brnovich v. Democratic National Committee,Supreme Court of the United States,2021,4902410,https://www.courtlistener.com/api/rest/v4/clusters/4902410/,RA; claims; phase1_patch,,
"4903699_2021_James Nathanial Douse v. Canoe Creek Homeowners Association, Inc._ca11",,,,4903699,https://www.courtlistener.com/api/rest/v4/clusters/4903699/,RA; claims,,
4903788_2021_Oudree Ellis v. Eisenman Family Trust_ca9,Oudree S. Ellis v. Eisenman Family Trust,9th Cir.,2021,4903788,https://www.courtlistener.com/api/rest/v4/clusters/4903788/,RA; claims; csv; phase1_patch,,
4904013_2021_Rollerson v. Brazos River_ca5,,,,4904013,https://www.courtlistener.com/api/rest/v4/clusters/4904013/,RA; claims,,
4957479_2021_Environmental Health Trust v. FCC_cadc,,,,4957479,https://www.courtlistener.com/api/rest/v4/clusters/4957479/,RA; claims,,
4968435_2021_Gwendolyn Wilson v. Hillsborough Township Construc_ca3,Gwendolyn Wilson v. Hillsborough Township Construction/Building Department,3d Cir.,2021,4968435,https://www.courtlistener.com/api/rest/v4/clusters/4968435/,RA; claims; csv,,
5032477_2021_Nicole Fedynich v. Juana Lozano_ca4,"Nicole Fedynich; Elizabeth Fedynich v. Juana Lozano; Marie White; Steve Boyce; Angelica Redfern; Valor Phase II, LP; S.L. Nusbaum Realty, Co.",4th Cir.,2021,5032477,https://www.courtlistener.com/api/rest/v4/clusters/5032477/,RA; claims; csv; phase1_patch,,
"5041977_2021_George Friedel v. Sun Communities, Inc._ca11","George Friedel v. Sun Communities, Inc.",11th Cir.,2021,5041977,https://www.courtlistener.com/api/rest/v4/clusters/5041977/,RA; 3604; claims; csv,,
5091876_2021_Yellowstone Womens First Step v. City of Costa Mesa_ca9,"Yellowstone Women's First Step House, Inc. v. City of Costa Mesa",9th Cir.,2021,5091876,https://www.courtlistener.com/api/rest/v4/clusters/5091876/,RA; claims; csv,,
5106330_2021_Alice Hicks v. Thomas Skaar_ca9,Alice Hicks v. Thomas Skaar,9th Cir.,2021,5106330,https://www.courtlistener.com/api/rest/v4/clusters/5106330/,3604; claims; csv,,
5125333_2021_City of Oakland v. Wells Fargo _ Company_ca9,City of Oakland v. Wells Fargo & Company,9th Cir.,2021,5125333,https://www.courtlistener.com/api/rest/v4/clusters/5125333/,3604; claims; csv; iqbal,,
5125354_2021_Kevin Cooper v. Gavin Newsom_ca9,,,,5125354,https://www.courtlistener.com/api/rest/v4/clusters/5125354/,3604; claims,,
5125558_2021_Southwest Fair Housing Council v. Mdwid_ca9,Southwest Fair Housing Council v. Maricopa Domestic Water Improvement District,9th Cir.,2021,5125558,https://www.courtlistener.com/api/rest/v4/clusters/5125558/,3604; claims; csv,,
"5126244_2021_Gatling v. Jubilee Housing, Inc._dcd","Cynthia Gatling v. Jubilee Housing, Inc., et al.",D.D.C.,2021,5126244,https://www.courtlistener.com/api/rest/v4/clusters/5126244/,3604; claims; csv; iqbal,,
5176214_2022_Laufer v. Looper_ca10,,,,5176214,https://www.courtlistener.com/api/rest/v4/clusters/5176214/,3604; claims; iqbal,,
5293524_2021_Webb v. United States Veterans Initiative_dcd,Webb v. United States Veterans Initiative,D.D.C.,2021,5293524,https://www.courtlistener.com/api/rest/v4/clusters/5293524/,RA; claims; csv,,
5294785_2021_A.L.M. v. Board of Managers of the Vireum Schoolhouse Condominium_ca2,A.L.M. v. Board of Managers of the Vireum Schoolhouse Condominium,2d Cir.,2021,5294785,https://www.courtlistener.com/api/rest/v4/clusters/5294785/,RA; claims; csv,,
5296769_2021_Julie Ballou v. James McElvain_ca9,Julie Ballou v. James McElvain,9th Cir.,2021,5296769,https://www.courtlistener.com/api/rest/v4/clusters/5296769/,RA; claims; csv; phase1_patch,,
5296771_2021_City of Oakland v. Wells Fargo _ Company_ca9,City of Oakland v. Wells Fargo & Company,9th Cir.,2021,5296771,https://www.courtlistener.com/api/rest/v4/clusters/5296771/,RA; claims; csv,,
5296996_2021_Southwest Fair Housing Council v. Mdwid_ca9,"Southwest Fair Housing Council, Inc. v. Maricopa Domestic Water Improvement District",9th Cir.,2021,5296996,https://www.courtlistener.com/api/rest/v4/clusters/5296996/,RA; claims; csv,,
5297334_2021_McNeil v. Yale University_ca2,McNeil v. Yale University et al,2d Cir.,2021,5297334,https://www.courtlistener.com/api/rest/v4/clusters/5297334/,RA; 3604; claims; csv,,
"5297682_2021_Gatling v. Jubilee Housing, Inc._dcd","Gatling v. Jubilee Housing, Inc.",D.D.C.,2021,5297682,https://www.courtlistener.com/api/rest/v4/clusters/5297682/,RA; claims; csv; phase1_patch,,
5298365_2021_Josephine Guion v. Bonner Homeless Transitions_ca9,Josephine Guion v. Bonner Homeless Transitions,9th Cir.,2021,5298365,https://www.courtlistener.com/api/rest/v4/clusters/5298365/,RA; claims; csv,,
5298765_2021_Constance George v. House of Hope Recovery_ca9,Constance George v. House of Hope Recovery,9th Cir.,2021,5298765,https://www.courtlistener.com/api/rest/v4/clusters/5298765/,RA; claims; csv,,
5299117_2021_Dayton Veterans Residences v. Dayton Metro. Housing Auth._ca6,Dayton Veterans Residences Limited Partnership v. Dayton Metropolitan Housing Authority,6th Cir.,2021,5299117,https://www.courtlistener.com/api/rest/v4/clusters/5299117/,RA; 3604; claims; csv,,
"5305211_2021_Paul Clark, Sr. v. Monique Almy_ca4",,,,5305211,https://www.courtlistener.com/api/rest/v4/clusters/5305211/,RA; claims,,
5305867_2021_Kerr v. Polis_ca10,,,,5305867,https://www.courtlistener.com/api/rest/v4/clusters/5305867/,RA; claims,,
5307526_2021_Robinson v. Pilgram_dcd,,,,5307526,https://www.courtlistener.com/api/rest/v4/clusters/5307526/,RA; claims,,
"5310802_2021_S. Baxter Jones v. City of Detroit, Mich._ca6","S. Baxter Jones v. City of Detroit, Michigan",6th Cir.,2021,5310802,https://www.courtlistener.com/api/rest/v4/clusters/5310802/,RA; claims; csv; phase1_patch,,
5343321_2022_Eloise Lockhart v. HSBC Finance Corporation_ca7,,,,5343321,https://www.courtlistener.com/api/rest/v4/clusters/5343321/,RA; claims; csv,,
5343552_2022_Laufer v. Looper_ca10,,,,5343552,https://www.courtlistener.com/api/rest/v4/clusters/5343552/,RA; claims; csv,,
5343691_2022_Constance George v. House of Hope Recovery_ca9,Constance George v. House of Hope Recovery,9th Cir.,2022,5343691,https://www.courtlistener.com/api/rest/v4/clusters/5343691/,RA; claims; csv,,
"6225633_2022_Karen C. Yeh Ho v. Valencia Isles Homeowners Association, Inc._ca11","Karen C. Yeh Ho v. Valencia Isles Homeowners Association, Inc.",11th Cir.,2022,6225633,https://www.courtlistener.com/api/rest/v4/clusters/6225633/,RA; 3604; claims; csv; phase1_patch,,
"6245490_2022_Gatling v. Jubilee Housing, Inc._dcd","Gatling v. Jubilee Housing, Inc.",D.D.C.,2022,6245490,https://www.courtlistener.com/api/rest/v4/clusters/6245490/,RA; claims; csv,,
6247489_2022_Doe v. Tonti Management_ca5,"Doe v. Tonti Management Company, L.L.C.",5th Cir.,2022,6247489,https://www.courtlistener.com/api/rest/v4/clusters/6247489/,RA; claims; csv,,
6317994_2022_Stroup v. United Airlines_ca10,,,,6317994,https://www.courtlistener.com/api/rest/v4/clusters/6317994/,3604; claims,,
6319816_2022_Kevin Cooper v. Gavin Newsom_ca9,,,,6319816,https://www.courtlistener.com/api/rest/v4/clusters/6319816/,3604; claims,,
6327801_2022_Deborah Laufer v. Arpan LLC_ca11,,,,6327801,https://www.courtlistener.com/api/rest/v4/clusters/6327801/,3604; claims,,
6342877_2022_Sandpiper Residents Association v. United States Department of Housing and Urban Development_dcd,Sandpiper Residents Association v. United States Department of Housing and Urban Development,D.D.C.,2022,6342877,https://www.courtlistener.com/api/rest/v4/clusters/6342877/,3604; claims; csv; iqbal,on file with author,35849b0f601ec5b4ae38fa021d5a24f405e96bc82c58f96491b11aea533a622c
6348099_2022_Ajaj v. Federal Bureau of Prisons_ca10,Ahmad Ajaj v. Federal Bureau of Prisons,10th Cir.,2022,6348099,https://www.courtlistener.com/api/rest/v4/clusters/6348099/,RA; claims; csv; phase1_patch,,
6352290_2022_Childrens Health Defense v. FCC_cadc,,,,6352290,https://www.courtlistener.com/api/rest/v4/clusters/6352290/,RA; claims; csv,,
6377422_2022_Smita Sanghvi v. County of San Bernardino_ca9,"Smita Sanghvi and Mountain View Centers, Inc. v. County of San Bernardino",CA9,2022,6377422,https://www.courtlistener.com/api/rest/v4/clusters/6377422/,RA; claims; csv; phase1_patch,,
"6433397_2022_Secretary, United States Department of Housing v. Welch_ca10","The Secretary, United States Department of Housing and Urban Development, on behalf of Denver Metro Fair Housing Center v. David B. Welch, et al.",10th Cir.,2022,6433397,https://www.courtlistener.com/api/rest/v4/clusters/6433397/,RA; 3604; claims; csv; phase2_extraction,,
6444168_2022_Childrens Health Defense v. FCC_cadc,,,,6444168,https://www.courtlistener.com/api/rest/v4/clusters/6444168/,RA; claims; csv,,
6444370_2022_Abolfazl Hosseinzadeh v. Bellevue Park Homeowners Assn._ca9,Abolfazl Hosseinzadeh v. Bellevue Park Homeowners Association,9th Cir.,2022,6444370,https://www.courtlistener.com/api/rest/v4/clusters/6444370/,RA; claims; csv,,
6448972_2022_Minnie McCall v. Montgomery Housing Authority_ca11,Minnie McCall v. Montgomery Housing Authority,11th Cir.,2019,6448972,https://www.courtlistener.com/api/rest/v4/clusters/6448972/,RA; claims; csv,,
6449993_2022_Kenny Simelton v. Alexander County Housing Auth_ca7,Kenny Wayne Simelton v. Alexander County Housing Authority,7th Cir.,2022,6449993,https://www.courtlistener.com/api/rest/v4/clusters/6449993/,RA; claims; csv,,
6454445_2022_Julie Ballou v. James McElvain_ca9,,,,6454445,https://www.courtlistener.com/api/rest/v4/clusters/6454445/,RA; claims; csv,,
"6454814_2022_Jean Paraison v. Nationstar Mortgage, LLC_ca11","Jean Paraison v. Nationstar Mortgage, LLC",11th Cir.,2022,6454814,https://www.courtlistener.com/api/rest/v4/clusters/6454814/,RA; 3604; claims; csv,,
"6455250_2022_Eddie Hatch, Jr. v. City of Milwaukee_ca7","Eddie L. Hatch, Jr. and Michelle Davis-Hatch v. City of Milwaukee",7th Cir.,2022,6455250,https://www.courtlistener.com/api/rest/v4/clusters/6455250/,RA; 3604; claims; csv,,
6455690_2022_Deborah Laufer v. Arpan LLC_ca11,,,,6455690,https://www.courtlistener.com/api/rest/v4/clusters/6455690/,RA; claims; csv,,
"6463544_2022_Dyson v. Dutko Ragen Homes & Investments, Kw United_dcd","Mwata Dyson v. Dutko Ragen Homes & Investments, KW United, d/b/a Keller Williams, et al.",D.D.C.,2022,6463544,https://www.courtlistener.com/api/rest/v4/clusters/6463544/,p3ext_20260703,on file with author,bd7c1f357836deae6d00139947e6eded0e49370ce72fcf0e36cc961cedcbf7fe
6464117_2022_Hawkins v. HUD_ca5,Hawkins v. United States Department of Housing and Urban Development,5th Cir.,2022,6464117,https://www.courtlistener.com/api/rest/v4/clusters/6464117/,RA; claims; csv,,
6466947_2022_Birch v. Wlody_ca2,"Birch Family Services, Inc. v. Wlody",2nd Cir.,2022,6466947,https://www.courtlistener.com/api/rest/v4/clusters/6466947/,RA; claims; csv,,
6470766_2022_Sandpiper Residents Association v. United States Department of Housing and Urban Development_dcd,Sandpiper Residents Association v. United States Department of Housing and Urban Development,D.D.C.,2022,6470766,https://www.courtlistener.com/api/rest/v4/clusters/6470766/,RA; claims; csv,on file with author,35849b0f601ec5b4ae38fa021d5a24f405e96bc82c58f96491b11aea533a622c
6471218_2022_Michael Earl Van Cleve v. U.S. Secretary of Commerce_ca11,,,,6471218,https://www.courtlistener.com/api/rest/v4/clusters/6471218/,RA; claims; csv,,
6472320_2022_Gene Phillips v. Acacia on the Green Condo Ass'n_ca6,"Gene B. Phillips; Babette R. Krause v. Acacia on the Green Condominium Association, Inc.; Scott D. Cohen; Richard N. Dettlebach; John F. Klein; James N. Kleinfelter; Diane E. Lombardy; Nina H. Rothman; Amy W. Wachs",6th Cir.,2022,6472320,https://www.courtlistener.com/api/rest/v4/clusters/6472320/,RA; 3604; claims; csv,,
6472707_2022_Commissiong v. US Dept. Housing _ Urban Development_ca2,Commissiong v. US Dept. Housing & Urban Development,2d Cir.,2022,6472707,https://www.courtlistener.com/api/rest/v4/clusters/6472707/,RA; claims; csv; phase1_patch,,
6474658_2022_Mary Chambers v. DC (EN BANC)_cadc,Mary E. Chambers v. District of Columbia,D.C. Cir.,2022,6474658,https://www.courtlistener.com/api/rest/v4/clusters/6474658/,RA; claims; csv; phase1_patch,,
"6476103_2022_Leroy v. Delta Air Lines, Inc._ca2",,,,6476103,https://www.courtlistener.com/api/rest/v4/clusters/6476103/,RA; claims; csv,,
6478683_2022_Mercer v. N.Y.C. Hous. Auth._ca2,Mercer v. N.Y.C. Hous. Auth.,S.D.N.Y.,2022,6478683,https://www.courtlistener.com/api/rest/v4/clusters/6478683/,3604; claims; csv,on file with author,cb876fe3fcee3c2daac94526fb2da5f450d79314d5fe4c94d36505bf93d2535e
6480697_2022_Nance v. Ward_scotus,,,,6480697,https://www.courtlistener.com/api/rest/v4/clusters/6480697/,3604; claims,,
6499202_2022_Staton v. Vesta Corporation_dcd,Tony Staton v. Vesta Corporation,D.D.C.,2022,6499202,https://www.courtlistener.com/api/rest/v4/clusters/6499202/,3604; claims; csv; iqbal,on file with author,a0ba618257377592dabe0fd4031cd154b15e60c314db7b8e620261092ff86807
6621864_2022_Hatfield v. Cottages on 78th Community_ca10,Hatfield v. Cottages on 78th Community Association,10th Cir.,2022,6621864,https://www.courtlistener.com/api/rest/v4/clusters/6621864/,RA; claims; csv,,
6622844_2022_Staton v. Vesta Corporation_dcd,Tony Staton v. Vesta Corporation,D.D.C.,2022,6622844,https://www.courtlistener.com/api/rest/v4/clusters/6622844/,RA; claims; csv,,
"7229337_2015_Matmanivong v. National Creditors Connection, Inc._ilnd",,,,7229337,https://www.courtlistener.com/api/rest/v4/clusters/7229337/,3604; claims,,
"7229354_2015_Montano v. Bonnie Brae Convalescent Hospital, Inc._cacd","Montano v. Bonnie Brae Convalescent Hospital, Inc.",C.D. Cal.,2015,7229354,https://www.courtlistener.com/api/rest/v4/clusters/7229354/,3604; claims; csv,,
7229993_2015_Alboniga v. School Board of Broward County Florida_flsd,,,,7229993,https://www.courtlistener.com/api/rest/v4/clusters/7229993/,3604; claims,,
7230169_2015_United States v. East River Housing Corp._nysd,United States v. East River Housing Corp.,S.D.N.Y.,2015,7230169,https://www.courtlistener.com/api/rest/v4/clusters/7230169/,3604; claims; csv,,
"7230280_2015_Francis v. Kings Park Manor, Inc._nyed","Donahue Francis v. Kings Park Manor, Inc.",E.D.N.Y.,2015,7230280,https://www.courtlistener.com/api/rest/v4/clusters/7230280/,3604; claims; csv; iqbal,on file with author,ace4492b417a561343f7c4f0ad3f5b490a97bdef587d737cb6bffd1dbe6c18e4
7230606_2015_DeCambre v. Brookline Housing Authority_mad,DeCambre v. Brookline Housing Authority,D. Mass.,2015,7230606,https://www.courtlistener.com/api/rest/v4/clusters/7230606/,3604; claims; csv,,
7230635_2015_Bernstein v. Village of Wesley Hills_nysd,"Mosdos Chofetz Chaim, Inc. v. Village of Wesley Hills",S.D.N.Y.,2015,7230635,https://www.courtlistener.com/api/rest/v4/clusters/7230635/,3604; claims; csv,,
7230859_2015_Hoostein v. Mental Health Ass'n_mad,Hoostein v. Mental Health Ass'n,D. Mass.,2015,7230859,https://www.courtlistener.com/api/rest/v4/clusters/7230859/,3604; claims; csv; iqbal,on file with author,d9027d08f40fae45579b52fc8188c36b953cd29c9e1bf3278278ee622f5be972
7230918_2015_Holy Ghost Revival Ministries v. City of Marysville_wawd,Holy Ghost Revival Ministries v. City of Marysville,W.D. Wash.,2015,7230918,https://www.courtlistener.com/api/rest/v4/clusters/7230918/,3604; claims; csv; iqbal,on file with author,01664b7a717484a3b53fa7138b5e24e849c26f9d6ecd8847b710eea42a53560c
"7231034_2015_Fairchild Semiconductor Corp. v. Power Integrations, Inc._ded",,,,7231034,https://www.courtlistener.com/api/rest/v4/clusters/7231034/,3604; claims,,
"7231257_2015_Palm Partners, LLC v. City of Oakland Park_flsd","Palm Partners, LLC v. City of Oakland Park",S.D. Fla.,2015,7231257,https://www.courtlistener.com/api/rest/v4/clusters/7231257/,3604; claims; csv,,
7231976_2015_Germain v. M _ T Bank Corp._nysd,Germain v. M & T Bank Corp.,S.D.N.Y.,2015,7231976,https://www.courtlistener.com/api/rest/v4/clusters/7231976/,3604; claims; csv; iqbal,,
7232003_2015_Access Living of Metropolitan Chicago v. Prewitt_ilnd,Access Living of Metropolitan Chicago v. Prewitt,N.D. Ill.,2015,7232003,https://www.courtlistener.com/api/rest/v4/clusters/7232003/,3604; claims; csv; iqbal,,
7232139_2015_Viens v. America Empire Surplus Lines Ins._ctd,Viens v. America Empire Surplus Lines Insurance Co.,D. Conn.,2015,7232139,https://www.courtlistener.com/api/rest/v4/clusters/7232139/,3604; claims; csv; iqbal,,
7232144_2015_Austin v. Town of Farmington_nywd,Austin v. Town of Farmington,W.D.N.Y.,2015,7232144,https://www.courtlistener.com/api/rest/v4/clusters/7232144/,3604; claims; csv; iqbal,on file with author,583004a1a38e5629254fac32b7ba63f7fd78673cfafd6565b16d57d4f9f5fd21
7232353_2015_County of Cook v. Wells Fargo _ Co._ilnd,County of Cook v. Wells Fargo & Co.,N.D. Ill.,2015,7232353,https://www.courtlistener.com/api/rest/v4/clusters/7232353/,3604; claims; csv; iqbal,,
7232396_2015_County of Westchester v. United States Department of Housing _ Urban Development_nysd,County of Westchester v. United States Department of Housing and Urban Development,S.D.N.Y.,2015,7232396,https://www.courtlistener.com/api/rest/v4/clusters/7232396/,3604; claims; csv,,
7232897_2015_Chavez v. Aber_txwd,Chavez v. Aber,W.D. Tex.,2015,7232897,https://www.courtlistener.com/api/rest/v4/clusters/7232897/,3604; claims; csv; iqbal,,
7233119_2015_United States v. Zuhrieh_nmd,,,,7233119,https://www.courtlistener.com/api/rest/v4/clusters/7233119/,3604; claims,,
7234036_2015_County of Cook v. HSBC North America Holdings Inc._ilnd,County of Cook v. HSBC North America Holdings Inc.,N.D. Ill.,2015,7234036,https://www.courtlistener.com/api/rest/v4/clusters/7234036/,3604; claims; csv; iqbal,,
"7234061_2015_Fair Housing Center of the Greater Palm Beaches, Inc. v. Sonoma Bay Community Homeowners Ass'n, Inc._flsd","Fair Housing Center of the Greater Palm Beaches, Inc. v. Sonoma Bay Community Homeowners Ass'n, Inc.",S.D. Fla.,2015,7234061,https://www.courtlistener.com/api/rest/v4/clusters/7234061/,3604; claims; csv,,
"7234161_2015_Congregation Rabbinical College of Tartikov, Inc. v. Village of Pomona_nysd","Congregation Rabbinical College of Tartikov, Inc. v. Village of Pomona",S.D.N.Y.,2015,7234161,https://www.courtlistener.com/api/rest/v4/clusters/7234161/,3604; claims; csv,,
"7234475_2015_Fair Housing Center of the Greater Palm Beaches, Inc. v. Sonoma Bay Community Homeowners Ass'n, Inc._flsd","Fair Housing Center of the Greater Palm Beaches, Inc. v. Sonoma Bay Community Homeowners Ass'n, Inc.",S.D. Fla.,2015,7234475,https://www.courtlistener.com/api/rest/v4/clusters/7234475/,3604; claims; csv,,
7234814_2015_Johnson v. Macy_cacd,Johnson v. Macy,C.D. Cal.,2015,7234814,https://www.courtlistener.com/api/rest/v4/clusters/7234814/,3604; claims; csv,,
7235006_2015_Western Radio Services Co. v. Allen_ord,,,,7235006,https://www.courtlistener.com/api/rest/v4/clusters/7235006/,3604; claims,,
7235405_2016_Louis ex rel. G.A.H. v. New York City Housing Authority_nysd,Mesline Louis ex rel. G.A.H. v. New York City Housing Authority,S.D.N.Y.,2016,7235405,https://www.courtlistener.com/api/rest/v4/clusters/7235405/,3604; claims; csv; iqbal,on file with author,e5dcdb15f303ab639e0d4125fcf9749a3e2edba5d7fd098874cb778ae839345a
"7235837_2016_Pelot v. Criterion 3, LLC_msnd","Pelot v. Criterion 3, LLC",N.D. Miss.,2016,7235837,https://www.courtlistener.com/api/rest/v4/clusters/7235837/,3604; claims; csv; iqbal,,
"7236527_2016_West v. DJ Mortgage, LLC_gand","West v. DJ Mortgage, LLC",N.D. Ga.,2016,7236527,https://www.courtlistener.com/api/rest/v4/clusters/7236527/,3604; claims; csv; iqbal,,
"7236604_2016_Schwarz v. Villages Charter School, Inc._flmd","Schwarz v. Villages Charter School, Inc.",M.D. Fla.,2016,7236604,https://www.courtlistener.com/api/rest/v4/clusters/7236604/,3604; claims; csv,,
"7236712_2016_Lowman v. Platinum Property Management Services, Inc._gand","Lowman v. Platinum Property Management Services, Inc.",N.D. Ga.,2016,7236712,https://www.courtlistener.com/api/rest/v4/clusters/7236712/,3604; claims; csv; iqbal,,
7236897_2015_United States v. Onque_njd,,,,7236897,https://www.courtlistener.com/api/rest/v4/clusters/7236897/,3604; claims,,
"7237228_2016_United States v. Noble Homes, Inc._ohnd","United States v. Noble Homes, Inc.",N.D. Ohio,2016,7237228,https://www.courtlistener.com/api/rest/v4/clusters/7237228/,3604; claims; csv,,
7237363_2016_Logan v. Matveevskii_nysd,Logan v. Matveevskii,S.D.N.Y.,2016,7237363,https://www.courtlistener.com/api/rest/v4/clusters/7237363/,3604; claims; csv; iqbal,on file with author,35f77f58bb45fda0aa765cc5f735c53d048cb1b103e59fcae03275d50edeec68
"7237438_2016_Step by Step, Inc. v. City of Ogdensburg_nynd","Step by Step, Inc. v. City of Ogdensburg",N.D.N.Y.,2016,7237438,https://www.courtlistener.com/api/rest/v4/clusters/7237438/,3604; claims; csv,,
7237902_2015_County of Cook v. Bank of America Corp._ilnd,County of Cook v. Bank of America Corp.,N.D. Ill.,2015,7237902,https://www.courtlistener.com/api/rest/v4/clusters/7237902/,3604; claims; csv; iqbal,,
"7237923_2016_Castellano v. Access Premier Realty, Inc._caed","Castellano v. Access Premier Realty, Inc.",E.D. Cal.,2016,7237923,https://www.courtlistener.com/api/rest/v4/clusters/7237923/,3604; claims; csv,,
7238253_2016_Dyer v. Maryland State Board of Education_mdd,,,,7238253,https://www.courtlistener.com/api/rest/v4/clusters/7238253/,3604; claims,,
7238542_2016_United States v. United Technologies Corp._ohsd,,,,7238542,https://www.courtlistener.com/api/rest/v4/clusters/7238542/,3604; claims,,
7239097_2016_Mehta v. Village of Bolingbrook_ilnd,Mehta v. Village of Bolingbrook,N.D. Ill.,2016,7239097,https://www.courtlistener.com/api/rest/v4/clusters/7239097/,3604; claims; csv,,
7239225_2016_Handy v. City of New Rochelle_nysd,Handy v. City of New Rochelle,S.D.N.Y.,2016,7239225,https://www.courtlistener.com/api/rest/v4/clusters/7239225/,3604; claims; csv,,
7239278_2016_Doe v. City of San Diego_casd,,,,7239278,https://www.courtlistener.com/api/rest/v4/clusters/7239278/,3604; claims,,
7239325_2016_Thurmond v. Bowman_nywd,Thurmond v. Bowman,W.D.N.Y.,2016,7239325,https://www.courtlistener.com/api/rest/v4/clusters/7239325/,3604; claims; csv,,
7239557_2016_Poole v. Housing Authority for the Town of Vinton_lawd,Poole v. Housing Authority for the Town of Vinton,W.D. La.,2016,7239557,https://www.courtlistener.com/api/rest/v4/clusters/7239557/,3604; claims; csv,,
"7239672_2016_Jackson v. Abendroth _ Russell, P.C._iasd",,,,7239672,https://www.courtlistener.com/api/rest/v4/clusters/7239672/,3604; claims; iqbal,,
7239981_2016_Thurmond v. Bowman_nywd,Thurmond v. Bowman,W.D.N.Y.,2016,7239981,https://www.courtlistener.com/api/rest/v4/clusters/7239981/,3604; claims; csv,,
"7240545_2017_Avenue 6E Investments, LLC v. City of Yuma_azd","Avenue 6E Investments, LLC v. City of Yuma",D. Ariz.,2017,7240545,https://www.courtlistener.com/api/rest/v4/clusters/7240545/,3604; claims; csv,,
7240583_2016_Gillon v. Bernstein_njd,,,,7240583,https://www.courtlistener.com/api/rest/v4/clusters/7240583/,3604; claims,,
"7241125_2016_Bone v. Village Club, Inc._flmd","Bone v. Village Club, Inc.",M.D. Fla.,2016,7241125,https://www.courtlistener.com/api/rest/v4/clusters/7241125/,3604; claims; csv,,
7241309_2016_Wright v. Mishawaka Housing Authority_innd,Wright v. Mishawaka Housing Authority,N.D. Ind.,2016,7241309,https://www.courtlistener.com/api/rest/v4/clusters/7241309/,3604; claims; csv; iqbal,,
7241430_2016_Arnal v. Aspen View Condominium Ass'n_cod,Arnal v. Aspen View Condominium Ass'n,D. Colo.,2016,7241430,https://www.courtlistener.com/api/rest/v4/clusters/7241430/,3604; claims; csv,,
7241542_2017_A.S. v. Been_nysd,A.S. v. Been,S.D.N.Y.,2017,7241542,https://www.courtlistener.com/api/rest/v4/clusters/7241542/,3604; claims; csv; iqbal,,
7241602_2017_Kuhn ex rel. Khun v. McNary Estates Homeowners Ass'n_ord,Kuhn ex rel. Khrizma Kuhn v. McNary Estates Homeowners Ass'n,D. Or.,2017,7241602,https://www.courtlistener.com/api/rest/v4/clusters/7241602/,3604; claims; csv,,
7242802_2017_Metz v. Herbert_tnmd,Metz v. Herbert,M.D. Tenn.,2017,7242802,https://www.courtlistener.com/api/rest/v4/clusters/7242802/,3604; claims; csv; iqbal,,
7243085_2017_Conquest v. WMC Mortgage Corp._paed,,,,7243085,https://www.courtlistener.com/api/rest/v4/clusters/7243085/,3604; claims,,
7243278_2017_Smith v. Avanti_cod,Smith v. Avanti,D. Colo.,2017,7243278,https://www.courtlistener.com/api/rest/v4/clusters/7243278/,3604; claims; csv,,
"7243346_2017_SFF-TIR, LLC v. Stephenson_oknd",,,,7243346,https://www.courtlistener.com/api/rest/v4/clusters/7243346/,3604,,
7243412_2017_Lloyd v. Presby's Inspired Life_paed,Lloyd v. Presby's Inspired Life,E.D. Pa.,2017,7243412,https://www.courtlistener.com/api/rest/v4/clusters/7243412/,3604; claims; csv,,
7243422_2017_de Reyes v. Waples Mobile Home Park Ltd. Partnership_vaed,de Reyes v. Waples Mobile Home Park Ltd. Partnership,E.D. Va.,2017,7243422,https://www.courtlistener.com/api/rest/v4/clusters/7243422/,3604; claims; csv,,
"7243716_2017_Haddad v. Midland Funding, LLC_ilnd",,,,7243716,https://www.courtlistener.com/api/rest/v4/clusters/7243716/,3604; claims; iqbal,,
7244084_2017_D.K. ex rel. L.K. v. Teams_nysd,D.K. ex rel. L.K. v. Teams,S.D.N.Y.,2017,7244084,https://www.courtlistener.com/api/rest/v4/clusters/7244084/,3604; claims; csv; iqbal,,
"7244158_2017_Giardiello v. Marcus, Errico, Emmer _ Brooks, P.C._mad","Giardiello v. Marcus, Errico, Emmer & Brooks, P.C.",D. Mass.,2017,7244158,https://www.courtlistener.com/api/rest/v4/clusters/7244158/,3604; claims; csv; iqbal,,
"7244631_2017_Oxford House, Inc. v. Browning_lamd","Oxford House, Inc. v. Browning",M.D. La.,2017,7244631,https://www.courtlistener.com/api/rest/v4/clusters/7244631/,3604; claims; csv,,
"7244868_2017_Belcher v. Grand Reserve MGM, LLC_almd","Belcher v. Grand Reserve MGM, LLC",M.D. Ala.,2017,7244868,https://www.courtlistener.com/api/rest/v4/clusters/7244868/,3604; claims; csv,,
"7245004_2017_West v. DJ Mortgage, LLC_gand","West v. DJ Mortgage, LLC",N.D. Ga.,2017,7245004,https://www.courtlistener.com/api/rest/v4/clusters/7245004/,3604; claims; csv,,
7245026_2017_United States v. Kenner_nyed,,,,7245026,https://www.courtlistener.com/api/rest/v4/clusters/7245026/,3604; claims,,
"7245081_2017_Schaw v. Habitat for Humanity of Citrus County, Inc._flmd","Schaw v. Habitat for Humanity of Citrus County, Inc.",M.D. Fla.,2017,7245081,https://www.courtlistener.com/api/rest/v4/clusters/7245081/,3604; claims; csv,,
7245085_2017_Alaska v. United States Department of Agriculture_dcd,,,,7245085,https://www.courtlistener.com/api/rest/v4/clusters/7245085/,3604; claims,,
"7245273_2017_Greater New Orleans Fair Housing Action Center, Inc. v. Hotard_laed","Greater New Orleans Fair Housing Action Center, Inc. v. Hotard",E.D. La.,2017,7245273,https://www.courtlistener.com/api/rest/v4/clusters/7245273/,3604; claims; csv,,
7245480_2017_Peek v. Pines Apartment LLP_nywd,Peek v. Pines Apartment LLP,W.D.N.Y.,2017,7245480,https://www.courtlistener.com/api/rest/v4/clusters/7245480/,3604; claims; csv,,
"7245548_2017_Congregation Rabbinical College of Tartikov, Inc. v. Village of Pomona_nysd","Congregation Rabbinical College of Tartikov, Inc. v. Village of Pomona",S.D.N.Y.,2017,7245548,https://www.courtlistener.com/api/rest/v4/clusters/7245548/,3604; claims; csv; phase1_patch,,
"7246116_2018_Simmons v. T.M. Assocs. Mgmt., Inc._vawd","Simmons v. T.M. Associates Management, Inc.",W.D. Va.,2018,7246116,https://www.courtlistener.com/api/rest/v4/clusters/7246116/,3604; claims; csv; iqbal,,
7246756_2018_Nat'l Fair Hous. Alliance v. Fed. Nat'l Mortg. Ass'n_cand,National Fair Housing Alliance v. Federal National Mortgage Association,N.D. Cal.,2018,7246756,https://www.courtlistener.com/api/rest/v4/clusters/7246756/,3604; claims; csv; iqbal,,
7247391_2018_Karim-Panahi v. 4000 Mass. Apartments_cadc,Karim-Panahi v. 4000 Mass. Apartments,D.D.C.,2018,7247391,https://www.courtlistener.com/api/rest/v4/clusters/7247391/,3604; claims; csv; iqbal,on file with author,5496d5888b7d72c07c4fc4770fa59783a9ae13dea33206da3cba8f06590b1b85
"7247616_2018_Horne v. Harbour Portfolio VI, LP_gand","Horne v. Harbour Portfolio VI, LP",N.D. Ga.,2018,7247616,https://www.courtlistener.com/api/rest/v4/clusters/7247616/,3604; claims; csv; iqbal,,
"7247756_2018_Evans v. Forkids, Inc._vaed","Evans v. ForKids, Inc.",E.D. Va.,2018,7247756,https://www.courtlistener.com/api/rest/v4/clusters/7247756/,3604; claims; csv,,
"7247850_2018_United States v. Dental Dreams, LLC_nmd",,,,7247850,https://www.courtlistener.com/api/rest/v4/clusters/7247850/,3604; claims,,
7247913_2018_Tejada v. Littlecity Realty LLC_nyed,Tejada v. Littlecity Realty LLC,E.D.N.Y.,2018,7247913,https://www.courtlistener.com/api/rest/v4/clusters/7247913/,3604; claims; csv; iqbal,,
"7247969_2018_Blake Gardens, LLC v. New Jersey_njd","Blake Gardens, LLC v. New Jersey",D.N.J.,2018,7247969,https://www.courtlistener.com/api/rest/v4/clusters/7247969/,3604; claims; csv; iqbal,,
"7248019_2018_Sanders v. SWS Hilltop, LLC_ord","Sanders v. SWS Hilltop, LLC",D. Or.,2018,7248019,https://www.courtlistener.com/api/rest/v4/clusters/7248019/,3604; claims; csv,,
7248061_2018_United States v. AT _ T Inc._cadc,,,,7248061,https://www.courtlistener.com/api/rest/v4/clusters/7248061/,3604; claims,,
7248134_2018_Barry Farm Tenants v. D.C. Hous. Auth._cadc,Barry Farm Tenants and Allies Ass'n v. D.C. Hous. Auth.,D.D.C.,2018,7248134,https://www.courtlistener.com/api/rest/v4/clusters/7248134/,3604; claims; csv; iqbal,,
7248387_2018_Doe v. City of San Diego_casd,,,,7248387,https://www.courtlistener.com/api/rest/v4/clusters/7248387/,3604; claims,,
7248535_2018_El v. People's Emergency Ctr._paed,El v. People's Emergency Ctr.,E.D. Pa.,2018,7248535,https://www.courtlistener.com/api/rest/v4/clusters/7248535/,3604; claims; csv; iqbal,,
7249733_2018_City of Miami Gardens v. Wells Fargo _ Co._flsd,City of Miami Gardens v. Wells Fargo & Co.,S.D. Fla.,2018,7249733,https://www.courtlistener.com/api/rest/v4/clusters/7249733/,3604; claims; csv,,
7249780_2018_Nat'l Fair Hous. Alliance v. Carson_cadc,Nat'l Fair Hous. Alliance v. Carson,D.D.C.,2018,7249780,https://www.courtlistener.com/api/rest/v4/clusters/7249780/,3604; claims; csv; iqbal; phase1_patch,on file with author,bb137de3b9d59501550b7c5bcd937732814d68de0e2cf19b58de921763481b9c
7249823_2018_273 Lee Ave. Tenants Ass'n v. Steinmetz_nyed,273 Lee Avenue Tenants Association v. Steinmetz,E.D.N.Y.,2018,7249823,https://www.courtlistener.com/api/rest/v4/clusters/7249823/,3604; claims; csv,,
7249944_2018_United States v. Napout_nyed,,,,7249944,https://www.courtlistener.com/api/rest/v4/clusters/7249944/,3604; claims,,
"7250227_2018_Martinez v. Lexington Gardens Assocs., Dennis Ovalle, L.A. Equities Corp._ilsd","Martinez v. Lexington Gardens Assocs., Dennis Ovalle, L.A. Equities Corp.",S.D.N.Y.,2018,7250227,https://www.courtlistener.com/api/rest/v4/clusters/7250227/,3604; claims; csv,,
"7250229_2018_S_R Dev. Estates, LLC v. Town of Greenburgh_ilsd","S & R Development Estates, LLC v. Sisters of the Blessed Sacrament, Inc.",S.D.N.Y.,2018,7250229,https://www.courtlistener.com/api/rest/v4/clusters/7250229/,3604; claims; csv; iqbal,on file with author,bd025e3f0e3ddf77d3eb46ead0f41789519229c256d4c649ddb3dcf0d9348cc3
7250304_2018_Saint-Jean v. Emigrant Mortg. Co._nyed,Saint-Jean v. Emigrant Mortg. Co.,E.D.N.Y.,2018,7250304,https://www.courtlistener.com/api/rest/v4/clusters/7250304/,3604; claims; csv,,
7250319_2018_Heine v. Comm'r of the Dep't of Cmty. Affairs of State_njd,Heine v. Comm'r of the Dep't of Cmty. Affairs of State,D.N.J.,2018,7250319,https://www.courtlistener.com/api/rest/v4/clusters/7250319/,3604; claims; csv,,
"7250489_2018_Zhou v. Villa De Paz Apartments, LLC_azd","Zhou v. Villa De Paz Apartments, LLC",D. Ariz.,2018,7250489,https://www.courtlistener.com/api/rest/v4/clusters/7250489/,3604; claims; csv,,
"7250709_2018_Panjiva, Inc. v. U.S. Customs _ Border Prot._ilsd",,,,7250709,https://www.courtlistener.com/api/rest/v4/clusters/7250709/,3604; claims,,
7251032_2018_City of Grand Rapids v. Grand Rapids Police Command Officers Ass'n_miwd,,,,7251032,https://www.courtlistener.com/api/rest/v4/clusters/7251032/,3604; claims,,
7251226_2018_Davis v. Echo Valley Condo. Ass'n_mied,Phyllis Davis v. Echo Valley Condominium Association,E.D. Mich.,2018,7251226,https://www.courtlistener.com/api/rest/v4/clusters/7251226/,3604; claims; csv,,
7251238_2018_E. Bay Sanctuary Covenant v. Trump_cand,,,,7251238,https://www.courtlistener.com/api/rest/v4/clusters/7251238/,3604; claims,,
7251500_2019_Walsh v. Friendship Vill. of S. Cnty._moed,Walsh v. Friendship Village of S. Cnty.,E.D. Mo.,2019,7251500,https://www.courtlistener.com/api/rest/v4/clusters/7251500/,3604; claims; csv; iqbal,,
7252515_2019_Greater New Orleans Fair Hous. Action Ctr. v. Kelly_laed,Greater New Orleans Fair Housing Action Center v. Kelly,E.D. La.,2019,7252515,https://www.courtlistener.com/api/rest/v4/clusters/7252515/,3604; claims; csv; iqbal,,
"7252549_2019_Sanzaro v. Ardiente Homeowners Ass'n, LLC_nvd","Sanzaro v. Ardiente Homeowners Ass'n, LLC",D. Nev.,2019,7252549,https://www.courtlistener.com/api/rest/v4/clusters/7252549/,3604; claims; csv,,
"7252923_2019_Conn. Fair Hous. Ctr. v. Corelogic Rental Prop. Solutions, LLC_ctd","Connecticut Fair Housing Center v. CoreLogic Rental Property Solutions, LLC",D. Conn.,2019,7252923,https://www.courtlistener.com/api/rest/v4/clusters/7252923/,3604; claims; csv; iqbal,,
7253536_2019_Nat'l Ass'n of the Deaf v. Harvard Univ._dcd,,,,7253536,https://www.courtlistener.com/api/rest/v4/clusters/7253536/,3604; claims; iqbal,,
7253779_2019_Strojnik v. Kapalua Land Co._hid,,,,7253779,https://www.courtlistener.com/api/rest/v4/clusters/7253779/,3604; claims; iqbal,,
7253788_2019_Poursaied v. Reserve at Research Park LLC_alnd,Shahnaz Poursaied v. Reserve at Research Park LLC,N.D. Ala.,2019,7253788,https://www.courtlistener.com/api/rest/v4/clusters/7253788/,3604; claims; csv; iqbal,on file with author,02d3be226eaca12e50196f15c30194ab3ec82364017f4ecbc859d7fb0ac1dfc3
7253796_2019_Noah v. Assor_flsd,Noah v. Assor,S.D. Fla.,2019,7253796,https://www.courtlistener.com/api/rest/v4/clusters/7253796/,3604; claims; csv; iqbal,,
"7253901_2019_Favourite v. 55 Halley St., Inc._ilsd","Rayantha Favourite v. 55 Halley Street, Inc.",S.D.N.Y.,2019,7253901,https://www.courtlistener.com/api/rest/v4/clusters/7253901/,3604; claims; csv,,
"7253955_2019_Diamond House of SE Idaho, LLC v. City of Ammon_idd","Diamond House of SE Idaho, LLC v. City of Ammon",D. Idaho,2019,7253955,https://www.courtlistener.com/api/rest/v4/clusters/7253955/,3604; claims; csv,,
"7254034_2019_Morris v. W. Hayden Estates First Addition Homeowners Ass'n, Inc._idd","Morris v. West Hayden Estates First Addition Homeowners Ass'n, Inc.",D. Idaho,2019,7254034,https://www.courtlistener.com/api/rest/v4/clusters/7254034/,3604; claims; csv,,
"7254125_2019_Wilson v. Guardian Mgmt., LLC_ord","Wilson v. Guardian Management, LLC",D. Or.,2019,7254125,https://www.courtlistener.com/api/rest/v4/clusters/7254125/,3604; claims; csv,,
7254711_2019_Mohamed v. McLaurin_vtd,Binti O. Mohamed v. Michael McLaurin,D. Vt.,2019,7254711,https://www.courtlistener.com/api/rest/v4/clusters/7254711/,3604; claims; csv,,
"7333325_2018_Elliott v. Versa CIC, L.P._casd","Elliott v. Versa CIC, L.P.",S.D. Cal.,2018,7333325,https://www.courtlistener.com/api/rest/v4/clusters/7333325/,3604; claims; csv,,
"7361172_2022_The School of the Ozarks, Inc. v. Joseph Biden, Jr._ca8","College of the Ozarks, Inc. v. Biden",8th Cir.,2022,7361172,https://www.courtlistener.com/api/rest/v4/clusters/7361172/,3604; claims; csv,,
"7441118_2022_The School of the Ozarks, Inc. v. Joseph Biden, Jr._ca8","The School of the Ozarks, Inc. v. Joseph Biden, Jr.",CA8,2022,7441118,https://www.courtlistener.com/api/rest/v4/clusters/7441118/,RA; claims; csv,,
"7804109_2022_Sailboat Bend Sober Living v. City of Fort Lauderdale, FL._ca11","Sailboat Bend Sober Living, LLC v. City of Fort Lauderdale, Florida",11th Cir.,2022,7804109,https://www.courtlistener.com/api/rest/v4/clusters/7804109/,3604; claims; csv,,
7853287_2022_Krystal Davis v. Daniel Rubin_ca3,Krystal Theresa Davis v. Daniel B. Rubin; Shannon Leigh McGroarty,3rd Cir.,2022,7853287,https://www.courtlistener.com/api/rest/v4/clusters/7853287/,RA; 3604; claims; csv,on file with author,8e538df808351d3b75470f3c9cd0ea8b0616b4247df512ad1a5ee752b4d98ba7
"7854286_2022_Village Green at Sayville, LLC v. Town of Islip_ca2","Village Green at Sayville, LLC v. Town of Islip et al.",Second Circuit,2022,7854286,https://www.courtlistener.com/api/rest/v4/clusters/7854286/,RA; 3604; claims; csv,,
"7860243_2022_Sailboat Bend Sober Living v. City of Fort Lauderdale, FL._ca11","Sailboat Bend Sober Living, LLC v. City of Fort Lauderdale, Florida",11th Cir.,2022,7860243,https://www.courtlistener.com/api/rest/v4/clusters/7860243/,RA; claims; csv,,
7860639_2022_Myers v. District of Columbia Housing Authority_dcd,Belinda Myers & Wanda Thomas v. District of Columbia Housing Authority et al.,D.D.C.,2022,7860639,https://www.courtlistener.com/api/rest/v4/clusters/7860639/,RA; claims; csv,,
"7861582_2022_DeAnn Graham v. UMH IN Holiday Village, LLC_ca7","DeAnn Graham v. UMH IN Holiday Village, LLC",7th Cir.,2022,7861582,https://www.courtlistener.com/api/rest/v4/clusters/7861582/,RA; 3604; claims; csv,,
7864626_2015_People for the Ethical Treatment of Animals v. United States Department of Agriculture_cadc,,,,7864626,https://www.courtlistener.com/api/rest/v4/clusters/7864626/,3604; claims,,
8174441_2015_Walters v. Cowpet Bay West Condominium Ass'n_vid,Walters v. Cowpet Bay West Condominium Ass'n,D.V.I.,2015,8174441,https://www.courtlistener.com/api/rest/v4/clusters/8174441/,3604; claims; csv,,
8205763_2022_Tonca Watters v. Homeowners Association at the_ca7,"Tonca Watters and Terence Watters v. The Homeowners' Association at the Preserve at Bridgewater, Kathryn Mamaril, and Edward Mamaril",7th Cir.,2022,8205763,https://www.courtlistener.com/api/rest/v4/clusters/8205763/,3604; claims; csv,,
"8211925_2022_Laufer v. Acheson Hotels, LLC_ca1",,,,8211925,https://www.courtlistener.com/api/rest/v4/clusters/8211925/,3604; claims; iqbal,,
8240500_2022_Tonca Watters v. Homeowners Association at the_ca7,"Tonca Watters and Terence Watters v. The Homeowners' Association at the Preserve at Bridgewater, Kathryn Mamaril, and Edward Mamaril",7th Cir.,2022,8240500,https://www.courtlistener.com/api/rest/v4/clusters/8240500/,RA; claims; csv,,
8241798_2022_Jamal Akbar v. Interstate Realty Management Company_ca7,Jamal A. Akbar v. Interstate Realty Management Company,Seventh Circuit,2022,8241798,https://www.courtlistener.com/api/rest/v4/clusters/8241798/,RA; 3604; claims; csv,,
8245021_2022_Steven Unger v. Majorca at Via Verde Homeowners Association Inc._ca11,Steven Unger v. Majorca at Via Verde Homeowners Association Inc.,11th Cir.,2022,8245021,https://www.courtlistener.com/api/rest/v4/clusters/8245021/,RA; 3604; claims; csv,,
"8246662_2022_Laufer v. Acheson Hotels, LLC_ca1",,,,8246662,https://www.courtlistener.com/api/rest/v4/clusters/8246662/,RA; claims; csv,,
8410749_2018_Geraci v. Union Square Condo. Ass'n_ca7,Geraci v. Union Square Condo. Ass'n,7th Cir.,2018,8410749,https://www.courtlistener.com/api/rest/v4/clusters/8410749/,3604; claims; csv,,
"8413465_2015_Rodriguez v. Village Green Realty, Inc._ca2","Rodriguez v. Village Green Realty, Inc.",2d Cir.,2015,8413465,https://www.courtlistener.com/api/rest/v4/clusters/8413465/,3604; claims; csv,,
"8413947_2016_Mhany Management, Inc. v. County of Nassau_ca2","MHANY Management, Inc. v. County of Nassau",2d Cir.,2016,8413947,https://www.courtlistener.com/api/rest/v4/clusters/8413947/,3604; claims; csv,,
"8415085_2018_Wetzel v. Glen St. Andrew Living Cmty., LLC_ca7","Wetzel v. Glen St. Andrew Living Cmty., LLC",7th Cir.,2018,8415085,https://www.courtlistener.com/api/rest/v4/clusters/8415085/,3604; claims; csv,,
8415099_2018_De Reyes v. Waples Mobile Home Park Ltd. P'ship_ca4,De Reyes v. Waples Mobile Home Park Ltd. Partnership,4th Cir.,2018,8415099,https://www.courtlistener.com/api/rest/v4/clusters/8415099/,3604; claims; csv,,
"8415336_2019_Francis v. Kings Park Manor, Inc._ca2","Francis v. Kings Park Manor, Inc.",2d Cir.,2019,8415336,https://www.courtlistener.com/api/rest/v4/clusters/8415336/,3604; claims; csv; iqbal,,
8415395_2019_Curto v. A COUNTRY PLACE CONDOMINIUM ASSOCIATION_ca3,Curto v. A Country Place Condominium Association,3d Cir.,2019,8415395,https://www.courtlistener.com/api/rest/v4/clusters/8415395/,3604; claims; csv,,
8415396_2019_Curto v. A COUNTRY PLACE CONDOMINIUM ASSOCIATION_ca3,Curto v. A Country Place Condominium Association,3rd Cir.,2019,8415396,https://www.courtlistener.com/api/rest/v4/clusters/8415396/,3604; claims; csv,,
"8415473_2019_Inclusive Cmtys. Project, Inc. v. Lincoln Prop. Co._ca5","Inclusive Communities Project, Inc. v. Lincoln Property Company",5th Cir.,2019,8415473,https://www.courtlistener.com/api/rest/v4/clusters/8415473/,3604; claims; csv,,
"8442739_2016_City of Joliet v. New West, L.P._ca7","City of Joliet v. New West, L.P.",7th Cir.,2016,8442739,https://www.courtlistener.com/api/rest/v4/clusters/8442739/,3604; claims; csv,,
8443343_2017_Affordable Recovery Housing v. City of Blue Island_ca7,Affordable Recovery Housing v. City of Blue Island,7th Cir.,2017,8443343,https://www.courtlistener.com/api/rest/v4/clusters/8443343/,3604; claims; csv; phase2_extraction,,
8443626_2017_Hardie v. National Collegiate Athletic Ass'n_ca9,,,,8443626,https://www.courtlistener.com/api/rest/v4/clusters/8443626/,3604; claims,,
8443657_2018_Mason v. Adams Cnty. Recorder_ca6,Mason v. Adams County Recorder,6th Cir.,2018,8443657,https://www.courtlistener.com/api/rest/v4/clusters/8443657/,3604; claims; csv,,
8443962_2019_Curto v. A COUNTRY PLACE CONDOMINIUM ASSOCIATION_ca3,Curto v. A Country Place Condominium Association,3d Cir.,2020,8443962,https://www.courtlistener.com/api/rest/v4/clusters/8443962/,3604; claims; csv,,
8509670_2022_Sandpiper Residents Association v. United States Department of Housing and Urban Development_dcd,Sandpiper Residents Association v. United States Department of Housing and Urban Development,D.D.C.,2022,8509670,https://www.courtlistener.com/api/rest/v4/clusters/8509670/,RA; 3604; claims; csv; phase1_patch,,
"8677847_2015_Forziano v. Independent Group Home Living Program, Inc._ca2","Forziano v. Independent Group Home Living Program, Inc.",2d Cir.,2015,8677847,https://www.courtlistener.com/api/rest/v4/clusters/8677847/,3604; claims; csv,,
"8682302_2017_Fair Housing Center of the Greater Palm Beaches, Inc. v. Sonoma Bay Community Homeowners Ass'n_ca11","Fair Housing Center of the Greater Palm Beaches, Inc. v. Sonoma Bay Community Homeowners Ass'n",11th Cir.,2017,8682302,https://www.courtlistener.com/api/rest/v4/clusters/8682302/,3604; claims; csv,,
"8682303_2017_Fair Housing Center of the Greater Palm Beaches, Inc. v. Sonoma Bay Community Homeowners Ass'n_ca11","Fair Housing Center of the Greater Palm Beaches, Inc. v. Sonoma Bay Community Homeowners Ass'n",11th Cir.,2017,8682303,https://www.courtlistener.com/api/rest/v4/clusters/8682303/,3604; claims; csv,,
"8699174_2017_Fair Housing Center of the Greater Palm Beaches, Inc. v. Sonoma Bay Community Homeowners Ass'n_ca11","Fair Housing Center of the Greater Palm Beaches, Inc. v. Sonoma Bay Community Homeowners Association, Inc.",11th Cir.,2017,8699174,https://www.courtlistener.com/api/rest/v4/clusters/8699174/,3604; claims; csv,,
8776095_2016_Civil Rights Education _ Enforcement Center v. Hospitality Properties Trust_cand,,,,8776095,https://www.courtlistener.com/api/rest/v4/clusters/8776095/,3604; claims,,
"9226196_2022_Theresa Hursh v. DST Systems, Inc_ca8",,,,9226196,https://www.courtlistener.com/api/rest/v4/clusters/9226196/,3604; claims,,
9328910_2022_The Religious Sisters of Mercy v. Xavier Becerra_ca8,,,,9328910,https://www.courtlistener.com/api/rest/v4/clusters/9328910/,RA; claims; csv,,
9340402_2022_United States v. Christopher Sammons_ca6,,,,9340402,https://www.courtlistener.com/api/rest/v4/clusters/9340402/,3604; claims,,
"9344939_2022_Joseph Phillips, Jr. v. City of Pittsburgh_ca3","Joseph D.S. Phillips, Jr. v. City of Pittsburgh",3rd Cir.,2022,9344939,https://www.courtlistener.com/api/rest/v4/clusters/9344939/,RA; claims; csv; phase1_patch,,
9354015_2022_Jackson v. Siegel Group_ca5,"Corla Jackson v. Siegel Group, L.L.C.",5th Cir.,2022,9354015,https://www.courtlistener.com/api/rest/v4/clusters/9354015/,RA; claims; csv,,
9356049_2022_McLamore v. Winn Companies_dcd,,,,9356049,https://www.courtlistener.com/api/rest/v4/clusters/9356049/,RA; claims; csv,,
"9363862_2023_Socal Recovery, LLC v. City of Costa Mesa_ca9","SoCal Recovery, LLC v. City of Costa Mesa",9th Cir.,2023,9368386,https://www.courtlistener.com/api/rest/v4/clusters/9368386/,3604; claims; csv,,
9367727_2022_ASHLEY MCCLENDON V. PETER BRESLER_ca9,Ashley Christina McClendon v. Peter Bresler,9th Cir.,2022,9367727,https://www.courtlistener.com/api/rest/v4/clusters/9367727/,3604; claims; csv,,
"9368386_2023_Socal Recovery, LLC v. City of Costa Mesa_ca9","SoCal Recovery, LLC v. City of Costa Mesa",9th Cir.,2023,9368386,https://www.courtlistener.com/api/rest/v4/clusters/9368386/,RA; claims; csv,,
9368693_2023_Benedict Mohit v. Morris West_ca11,,,,9368693,https://www.courtlistener.com/api/rest/v4/clusters/9368693/,RA; claims; csv,,
9369813_2023_Chris Langer v. Milan Kiser_ca9,Chris Langer v. Milan Kiser,9th Cir.,2023,9369813,https://www.courtlistener.com/api/rest/v4/clusters/9369813/,RA; claims; csv; phase1_patch,,
9370759_2022_Stramaski v. Lawley_ca5,,,,9370759,https://www.courtlistener.com/api/rest/v4/clusters/9370759/,RA; claims; csv,,
"9371783_2023_Deborah Laufer v. Naranda Hotels, LLC_ca4",,,,9371783,https://www.courtlistener.com/api/rest/v4/clusters/9371783/,3604; claims,,
9374094_2023_Elizabeth Fedynich v. Boulder Housing Partners_ca4,Elizabeth Fedynich; Nicole Fedynich v. Boulder Housing Partners,4th Cir.,2023,9374094,https://www.courtlistener.com/api/rest/v4/clusters/9374094/,RA; claims; csv; phase1_patch; phase2_extraction,,
9375420_2023_Asociacion Puertorriquena de Profesores Univ. v. University of Puerto Rico_ca1,,,,9375420,https://www.courtlistener.com/api/rest/v4/clusters/9375420/,RA; claims; csv,,
"9376307_2023_Deborah Laufer v. Naranda Hotels, LLC_ca4",,,,9376307,https://www.courtlistener.com/api/rest/v4/clusters/9376307/,RA; claims; csv,,
9376985_2023_Richard Wolf v. City of Millbrae_ca9,Richard Wolf v. City of Millbrae,9th Cir.,2023,9376985,https://www.courtlistener.com/api/rest/v4/clusters/9376985/,RA; 3604; claims; csv,,
9382863_2023_Hernandez v. Sommers_ca5,Alejandro Hernandez v. Constable R.A. Sommers Precinct #7,5th Cir.,2023,9382863,https://www.courtlistener.com/api/rest/v4/clusters/9382863/,RA; claims; csv; phase1_patch,,
9384188_2023_Simmons v. Williams_dcd,"Eloise K. Simmons v. Langston Lane Limited Partnership, et al.",D.D.C.,2023,9384188,https://www.courtlistener.com/api/rest/v4/clusters/9384188/,3604; claims; csv,,
9385401_2023_Charles Mack v. John Yost_ca3,,,,9385401,https://www.courtlistener.com/api/rest/v4/clusters/9385401/,RA; claims; csv,,
9385465_2023_Chong Yim v. City of Seattle_ca9,,,,9385465,https://www.courtlistener.com/api/rest/v4/clusters/9385465/,RA; claims; csv,,
"9385862_2023_Suellen Klossner v. IADU Table Mound MHP, LLC_ca8","Klossner v. IADU Table Mound MHP, LLC",8th Cir.,2023,9385862,https://www.courtlistener.com/api/rest/v4/clusters/9385862/,3604; claims; csv,,
9388271_2023_Mandawala v. Struga Management_ca5,Symon Mandawala v. Struga Management,5th Cir.,2023,9388271,https://www.courtlistener.com/api/rest/v4/clusters/9388271/,RA; 3604; claims; csv,,
9388712_2023_Simmons v. Williams_dcd,Simmons v. Langston Lane Limited Partnership,D.D.C.,2023,9388712,https://www.courtlistener.com/api/rest/v4/clusters/9388712/,RA; claims; csv,,
"9388716_2023_District of Columbia v. Proud Boys International, L.L.C._dcd",,,,9388716,https://www.courtlistener.com/api/rest/v4/clusters/9388716/,RA; claims; csv,,
"9396115_2023_United States v. Louis Rupp, II_ca8","United States v. Louis A. Rupp, II",8th Cir.,2023,9396115,https://www.courtlistener.com/api/rest/v4/clusters/9396115/,3604; claims; csv,,
9397195_2023_Asheton S. Morgan v. Tony Trierweiler_ca6,,,,9397195,https://www.courtlistener.com/api/rest/v4/clusters/9397195/,RA; claims; csv,,
9399510_2023_Queen'Prinyah Godiah Nmiaa Pa El-Bey v. Social 2700 Student Spaces_ca11,Queen'Prinyah Godiah Nmiaa Pa El-Bey v. Social 2700 Student Spaces,11th Cir.,2023,9399510,https://www.courtlistener.com/api/rest/v4/clusters/9399510/,RA; claims; csv; phase1_patch,,
"9400639_2023_United States v. Louis Rupp, II_ca8","United States v. Louis A. Rupp, II",8th Cir.,2023,9400639,https://www.courtlistener.com/api/rest/v4/clusters/9400639/,RA; claims; csv,,
"9401392_2023_Richard Webber v. Armslist, LLC_ca7",,,,9401392,https://www.courtlistener.com/api/rest/v4/clusters/9401392/,3604; claims,,
"9402431_2023_Joelle Angel v. Charlestowne Condominium Association, Inc._ca4","Angel v. Charlestowne Condominium Association, Inc.",4th Cir.,2023,9402431,https://www.courtlistener.com/api/rest/v4/clusters/9402431/,RA; claims; csv; phase1_patch,,
"9405916_2023_Richard Webber v. Armslist, LLC_ca7",,,,9405916,https://www.courtlistener.com/api/rest/v4/clusters/9405916/,RA; claims; csv,,
"9405917_2023_Erin Bauer v. Armslist, LLC_ca7",,,,9405917,https://www.courtlistener.com/api/rest/v4/clusters/9405917/,RA; claims; csv,,
9407177_2023_Theresa Thomas-Tupper v. Catholic Charities_ca2,Theresa Thomas-Tupper v. Catholic Charities et al.,2d Cir.,2023,9407177,https://www.courtlistener.com/api/rest/v4/clusters/9407177/,RA; 3604; claims; csv,,
9408770_2023_Scott Thomas v. Broward County Sheriff's Office_ca11,,,,9408770,https://www.courtlistener.com/api/rest/v4/clusters/9408770/,RA; claims; csv,,
"9409150_2023_Rosemarie Vargas v. Facebook, Inc._ca9","Rosemarie Vargas v. Facebook, Inc.",9th Cir.,2023,9409150,https://www.courtlistener.com/api/rest/v4/clusters/9409150/,RA; claims; csv,,
9409254_2023_Carter v. Dc Department of Human Services Child Family Services_dcd,,,,9409254,https://www.courtlistener.com/api/rest/v4/clusters/9409254/,3604; claims; iqbal,,
9413778_2023_Carter v. Dc Department of Human Services Child Family Services_dcd,,,,9413778,https://www.courtlistener.com/api/rest/v4/clusters/9413778/,RA; claims; csv,,
9415530_2023_David Webb v. State of Delaware_ca3,David Q. Webb v. State of Delaware,3rd Cir.,2023,9415530,https://www.courtlistener.com/api/rest/v4/clusters/9415530/,RA; claims; csv,,
9416474_2023_Oxford House Inc v. Township of North Bergen_ca3,"Oxford House, Inc. v. Township of North Bergen",3d Cir.,2023,9416474,https://www.courtlistener.com/api/rest/v4/clusters/9416474/,RA; 3604; claims; csv,,
"9417991_2023_G.G. v. Salesforce.com, Inc._ca7",,,,9417991,https://www.courtlistener.com/api/rest/v4/clusters/9417991/,3604; claims,,
9418528_2023_James Smith v. James Hein_ca9,"James Darell Smith v. James K. Hein; Transition Projects, Inc.; Home Forward of Multnomah County",9th Cir.,2023,9418528,https://www.courtlistener.com/api/rest/v4/clusters/9418528/,RA; claims; csv,,
9420585_2023_County of Cook v. Bank of America Corporation_ca7,"County of Cook, Illinois v. Bank of America Corporation",7th Cir.,2023,9420585,https://www.courtlistener.com/api/rest/v4/clusters/9420585/,RA; claims; csv,,
9420586_2023_County of Cook v. Bank of America Corporation_ca7,"County of Cook, Illinois v. Bank of America Corporation",7th Cir.,2023,9420586,https://www.courtlistener.com/api/rest/v4/clusters/9420586/,RA; claims; csv,,
9420948_2023_Lindsay Hecox v. Bradley Little_ca9,,,,9420948,https://www.courtlistener.com/api/rest/v4/clusters/9420948/,RA; claims; csv,,
9423174_2023_James Nathaniel Douse v. Sabrina Traeger_ca11,James Nathaniel Douse v. Sabrina Traeger,11th Cir.,2023,9423174,https://www.courtlistener.com/api/rest/v4/clusters/9423174/,RA; 3604; claims; csv,,
9425247_2023_Reese v. Park Place Condominium Homeowners Association I_dcd,Allison Reese v. Park Place Condominium Homeowners Association I,D.D.C.,2023,9425247,https://www.courtlistener.com/api/rest/v4/clusters/9425247/,RA; claims; csv,,
9426420_2023_LA Fair Housing Action v. Azalea Garden_ca5,"Louisiana Fair Housing Action Center, Inc. v. Azalea Garden Properties, LLC",5th Cir.,2023,9426420,https://www.courtlistener.com/api/rest/v4/clusters/9426420/,RA; claims; csv,,
9426575_2023_Orlando Garcia v. Gateway Hotel L.P._ca9,Orlando Garcia v. Gateway Hotel L.P.,9th Cir.,2023,9426575,https://www.courtlistener.com/api/rest/v4/clusters/9426575/,RA; claims; csv; phase1_patch,,
9427143_2023_National Association of Mutual Insurance Companies v. United States Department of Housing and Urban Development_dcd,National Association of Mutual Insurance Companies v. United States Department of Housing and Urban Development,D.D.C.,2023,9427143,https://www.courtlistener.com/api/rest/v4/clusters/9427143/,RA; 3604; claims; csv,,
9428257_2023_Sonya Youvett McNeal v. Navy Federal Credit Union_ca11,Sonya Youvett McNeal v. Navy Federal Credit Union,11th Cir.,2023,9428257,https://www.courtlistener.com/api/rest/v4/clusters/9428257/,RA; claims; csv; phase1_patch,,
9429207_2023_Greg Moore v. Sean Garnand_ca9,,,,9429207,https://www.courtlistener.com/api/rest/v4/clusters/9429207/,RA; claims; csv,,
"9432783_2023_Rosemarie Vargas v. Facebook, Inc._ca9","Rosemarie Vargas; et al. v. Facebook, Inc.",9th Cir.,2023,9432783,https://www.courtlistener.com/api/rest/v4/clusters/9432783/,RA; claims; csv,,
9433324_2023_Southwest Fair Housing Council v. Wg Scottsdale LLC_ca9,Southwest Fair Housing Council v. WG Scottsdale LLC,9th Cir.,2023,9433324,https://www.courtlistener.com/api/rest/v4/clusters/9433324/,RA; 3604; claims; csv,,
9434090_2023_Mamberto Real v. Judith Moran_ca11,Mamberto Real v. Judith Moran,11th Cir.,2023,9434090,https://www.courtlistener.com/api/rest/v4/clusters/9434090/,RA; 3604; claims; csv,,
9443269_2023_Women's Elevated v. City of Plano_ca5,Women's Elevated Sober Living L.L.C. v. City of Plano,5th Cir.,2023,9443269,https://www.courtlistener.com/api/rest/v4/clusters/9443269/,RA; 3604; claims; csv,,
9443643_2023_Dayton Veterans Residences Ltd. v. Dayton Metro. Housing Authority_ca6,Dayton Veterans Residences Ltd. Partnership v. Dayton Metro. Housing Authority,6th Cir.,2023,9443643,https://www.courtlistener.com/api/rest/v4/clusters/9443643/,RA; 3604; claims; csv,,
"9447936_2023_Lawrence T. Newman v. Heritage Village West Condominium Association, Inc._ca11","Lawrence T. Newman v. Heritage Village West Condominium Association, Inc.",11th Cir.,2023,9447936,https://www.courtlistener.com/api/rest/v4/clusters/9447936/,RA; 3604; claims; csv; phase1_patch,,
9448201_2023_Inner City Contracting LLC v. Charter Twp. of Northville_ca6,,,,9448201,https://www.courtlistener.com/api/rest/v4/clusters/9448201/,RA; claims; csv,,
"9449042_2023_Acheson Hotels, LLC v. Laufer_scotus",,,,9449042,https://www.courtlistener.com/api/rest/v4/clusters/9449042/,RA; 3604; claims; csv,,
9457145_2024_Gregory Kelly v. Town of Abingdon_ca4,,,,9457145,https://www.courtlistener.com/api/rest/v4/clusters/9457145/,RA; claims; csv,,
9457890_2024_Nagla Abdelhalim v. Andrew McDevitt_ca4,Nagla Abdelhalim v. Andrew McDevitt,USCA4,2024,9457890,https://www.courtlistener.com/api/rest/v4/clusters/9457890/,RA; claims; csv,,
9457891_2024_Nagla Abdelhalim v. Aaron Lewis_ca4,Nagla Abdelhalim v. Aaron Lewis,4th Cir.,2024,9457891,https://www.courtlistener.com/api/rest/v4/clusters/9457891/,RA; claims; csv,,
9457892_2024_Nagla Abdelhalim v. Aaron Lewis_ca4,Nagla Abdelhalim v. Aaron Lewis,4th Cir.,2024,9457892,https://www.courtlistener.com/api/rest/v4/clusters/9457892/,RA; claims; csv,,
9458353_2024_Adeyinka v. Project Home_dcd,"Emmanuel Adewale Adeyinka v. Project Home, et al.",D.D.C.,2024,9458353,https://www.courtlistener.com/api/rest/v4/clusters/9458353/,RA; claims; csv,on file with author,3a12c496de845254892659b398e1e3829030d587bee4defd78183a6ce2bd6152
"9459326_2024_Vision Warriors Church, Inc. v. Harry Johnston_ca11","Vision Warriors Church, Inc. v. Harry Johnston",11th Cir.,2024,9459326,https://www.courtlistener.com/api/rest/v4/clusters/9459326/,RA; 3604; claims; csv,,
9461362_2024_Susan Clark v. Eddie Bauer LLC_ca9,,,,9461362,https://www.courtlistener.com/api/rest/v4/clusters/9461362/,RA; claims; csv,,
9467925_2024_Estados Unidos Mexicanos v. Smith _ Wesson Brands Inc._ca1,,,,9467925,https://www.courtlistener.com/api/rest/v4/clusters/9467925/,RA; claims; csv,,
9468692_2024_Jose Reyes v. Waples Mobile Home Park Limited Partnership_ca4,Jose Reyes v. Waples Mobile Home Park Limited Partnership,4th Cir.,2024,9468692,https://www.courtlistener.com/api/rest/v4/clusters/9468692/,RA; 3604; claims; csv,,
"9470569_2024_Oxford House, Inc. v. City of Dothan, Alabama_ca11","Oxford House, Inc. v. City of Dothan, Alabama",11th Cir.,2024,9470569,https://www.courtlistener.com/api/rest/v4/clusters/9470569/,RA; 3604; claims; csv,,
9471209_2024_Jane Doe v. Allegheny County Housing Authority_ca3,Jane Doe v. Allegheny County Housing Authority,3d Cir.,2024,9471209,https://www.courtlistener.com/api/rest/v4/clusters/9471209/,RA; claims; csv; phase1_patch,,
"9473279_2023_Acheson Hotels, LLC v. Laufer_scotus",,,,9473279,https://www.courtlistener.com/api/rest/v4/clusters/9473279/,RA; 3604; claims; csv,,
"9475346_2024_One Love Housing, LLC v. City of Anoka, MN_ca8","One Love Housing, LLC v. City of Anoka, Minnesota",8th Cir.,2024,9475346,https://www.courtlistener.com/api/rest/v4/clusters/9475346/,3604; claims; csv,,
"9475745_2024_BMG Monroe I, LLC v. Village of Monroe_ca2","BMG Monroe I, LLC v. Village of Monroe",2d Cir.,2024,9475745,https://www.courtlistener.com/api/rest/v4/clusters/9475745/,RA; claims; csv,,
9476170_2024_Jennifer Akridge v. Alfa Mutual Insurance Company_ca11,Jennifer Akridge v. Alfa Mutual Insurance Company,11th Cir.,2024,9476170,https://www.courtlistener.com/api/rest/v4/clusters/9476170/,RA; 3604; claims; csv; phase1_patch,,
9476529_2024_Miller v. First United Bank and Trust_ca10,Miller v. First United Bank and Trust Co.,10th Cir.,2024,9476529,https://www.courtlistener.com/api/rest/v4/clusters/9476529/,RA; claims; csv; phase1_patch; dates_resolved,on file with author,b52f4c4d6a328ccab7b09a2022695e193bea09a8b42e84f3ab51f1aa7122c808
9479284_2024_Amia Bryant v. Darrell Steinburg_ca9,Amia L. Bryant v. Darrell Steinburg,9th Cir.,2024,9479284,https://www.courtlistener.com/api/rest/v4/clusters/9479284/,RA; 3604; claims; csv; phase1_patch,,
9484516_2024_Francine Arthur v. Windsor Shadows Homeowner's Association_ca9,Francine M. Arthur v. Windsor Shadows Homeowner's Association,9th Cir.,2024,9484516,https://www.courtlistener.com/api/rest/v4/clusters/9484516/,RA; claims; csv,,
9486151_2024_Briggs v. Campbell_dcd,Frank C. Briggs v. James D. Campbell,D.D.C.,2024,9486151,https://www.courtlistener.com/api/rest/v4/clusters/9486151/,RA; 3604; claims; csv,on file with author,25975d3cc72b10effd095386788f2d0f2bc030c91887902ebc13ca0a9ea7cbe2
"9490768_2024_Dwight Smith v. AMH 2014-1 Borrower, LLC_ca11","Smith v. AMH 2014-1 Borrower, LLC",11th Cir.,2024,9490768,https://www.courtlistener.com/api/rest/v4/clusters/9490768/,RA; 3604; claims; csv,on file with author,624dd939f3c1cc2a06a5d77ad0999fe12ddc4ceb2a26a10554652fc4292a6ee3
"9493619_2024_Kalvin Schanz v. City of Otsego, Mich._ca6","Kalvin Schanz v. City of Otsego, Michigan et al.",6th Cir.,2024,9493619,https://www.courtlistener.com/api/rest/v4/clusters/9493619/,RA; 3604; claims; csv,,
9502222_2024_Karupaiyan v. State of New York_ca2,Karupaiyan v. State of New York,2d Cir.,2024,9502222,https://www.courtlistener.com/api/rest/v4/clusters/9502222/,p3ext_20260703,,
9507656_2024_Ashley McClendon v. Peter Bresler_ca9,Ashley Christina McClendon v. Peter Bresler,9th Cir.,2024,9507656,https://www.courtlistener.com/api/rest/v4/clusters/9507656/,3604; claims; csv; dates_resolved,,
"9510709_2024_Christopher Calise v. Meta Platforms, Inc._ca9",,,,9510709,https://www.courtlistener.com/api/rest/v4/clusters/9510709/,RA; claims; csv,,
9512468_2022_Victorio Campos v. 1169 Palms LLC_cacd,Victorio Campos v. 1169 Palms LLC,C.D. Cal.,2022,9512468,https://www.courtlistener.com/api/rest/v4/clusters/9512468/,RA; claims; csv; phase1_patch,,
"9512835_2022_United African-Asian Abilities Club v. 1939 Wallace, LP_cacd","United African-Asian Abilities Club, Et Al. v. 1939 Wallace, LP",C.D. Cal.,2022,9512835,https://www.courtlistener.com/api/rest/v4/clusters/9512835/,RA; claims; csv; phase1_patch,,
9513706_2022_Paul Wachsman v. Ryan Winden_cacd,,,,9513706,https://www.courtlistener.com/api/rest/v4/clusters/9513706/,RA; claims; csv,,
"9513752_2022_Neway Mengistu v. Forestview Apartments, LLC_cacd","Neway Mengistu v. Forestview Apartments, LLC",C.D. Cal.,2022,9513752,https://www.courtlistener.com/api/rest/v4/clusters/9513752/,RA; 3604; claims; csv,,
9515685_2023_C.R. v. PLB Management LLC_cacd,C.R. v. PLB Management LLC et al.,C.D. Cal.,2023,9515685,https://www.courtlistener.com/api/rest/v4/clusters/9515685/,RA; claims; csv,,
9515846_2023_Jason Emer v. Nicole Spearman_cacd,"Jason Emer v. Nicole Spearman, et al.",C.D. Cal.,2023,9515846,https://www.courtlistener.com/api/rest/v4/clusters/9515846/,RA; 3604; claims; csv; phase1_patch,,
9515894_2023_C.R. v. PLB Management LLC_cacd,C.R. v. PLB Management LLC,C.D. Cal.,2023,9515894,https://www.courtlistener.com/api/rest/v4/clusters/9515894/,3604; claims; csv,,
9516285_2023_Ashley Christina McClendon v. Peter Bresler_cacd,Ashley Christina McClendon v. Peter Bresler,C.D. Cal.,2023,9516285,https://www.courtlistener.com/api/rest/v4/clusters/9516285/,3604; claims; csv; phase2_extraction,,
"9516404_2023_Wilmington Savings Fund Society, FSB v. Bersadeh Bagheri_cacd","Wilmington Savings Fund Society, FSB v. Bersadeh Bagheri",C.D. Cal.,2023,9516404,https://www.courtlistener.com/api/rest/v4/clusters/9516404/,RA; claims; csv; phase1_patch,,
"9516529_2023_Mark A. Baird v. PulteGroup, Inc._cacd","Mark A. Baird, et al. v. PulteGroup, Inc. et al.",C.D. Cal.,2023,9516529,https://www.courtlistener.com/api/rest/v4/clusters/9516529/,RA; claims; csv; phase1_patch,,
9516790_2023_C.R. v. PLB Management LLC_cacd,C.R. v. PLB Management LLC,C.D. Cal.,2023,9516790,https://www.courtlistener.com/api/rest/v4/clusters/9516790/,3604; claims; csv,,
"9518786_2023_GGIF Glendale, LLC v. Robert Green_cacd",,,,9518786,https://www.courtlistener.com/api/rest/v4/clusters/9518786/,RA; 3604; claims; csv,,
"9519145_2024_Sosa Guerrero v. Camp Pendelton and Quantico Housing, LLC_cacd","Luis Sosa Guerrero, Ashley Sosa, and A.S. v. Camp Pendelton & Quantico Housing, LLC, et al.",C.D. Cal.,2024,9519145,https://www.courtlistener.com/api/rest/v4/clusters/9519145/,RA; claims; csv,,
9519328_2024_Highland Creek Associates v. Claudia M. Bica_cacd,,,,9519328,https://www.courtlistener.com/api/rest/v4/clusters/9519328/,RA; claims; csv,,
9519849_2024_David Roy Winters v. West Oaks Housing LLC_cacd,"David Winters v. West Oaks Housing LLC, et al.",C.D. Cal.,2024,9519849,https://www.courtlistener.com/api/rest/v4/clusters/9519849/,RA; 3604; claims; csv; phase1_patch,on file with author,85f553139c8158faf12d26ce61dcc0730f5cd5b91d3eed83c785dae6c05f9c51
9520664_2021_Thomason v. Deutsche Bank National Trust Company_almd,,,,9520664,https://www.courtlistener.com/api/rest/v4/clusters/9520664/,RA; claims,,
"9521123_2022_Hammonds v. Montgomery Children's Specialty Center, LLC_almd","Frankie Hammonds v. Montgomery Children's Specialty Center, LLC",M.D. Ala.,2022,9521123,https://www.courtlistener.com/api/rest/v4/clusters/9521123/,RA; 3604; claims; csv,on file with author,bd290ca4be57b28c7d4e7c439403f495ccb82f3dcf0187d3d64c78fcd0aea873
"9521475_2022_Oxford House, Inc. v. City of Dothan, Alabama_almd","Oxford House, Inc. v. City of Dothan, Alabama",M.D. Ala.,2022,9521475,https://www.courtlistener.com/api/rest/v4/clusters/9521475/,RA; 3604; claims; csv,,
"9523061_2020_FSI Green Park South Property LLC v. Pelham, City of, The_alnd","FSI Green Park South Property, LLC v. City of Pelham, Alabama",N.D. Ala.,2020,9523061,https://www.courtlistener.com/api/rest/v4/clusters/9523061/,3604; claims; csv,,
9523476_2021_Threatt v. Sylacauga Housing Authority_alnd,"Michael C. Threatt v. Sylacauga Housing Authority, et al.",N.D. Ala.,2021,9523476,https://www.courtlistener.com/api/rest/v4/clusters/9523476/,RA; claims; csv,,
9524190_2022_Miller v. Blue Cross Blue Shield of Alabama_alnd,Fredrika M. Miller v. Blue Cross Blue Shield of Alabama,N.D. Ala.,2022,9524190,https://www.courtlistener.com/api/rest/v4/clusters/9524190/,RA; claims; csv,on file with author,e76101194a273156c841362a90750ea76d12705f23eec8dc57b941036b541239
9524269_2022_McCoy v. Cypress Landing LP_alnd,"Kaislee McCoy, et al. v. Cypress Landing, LP, et al.",N.D. Ala.,2022,9524269,https://www.courtlistener.com/api/rest/v4/clusters/9524269/,RA; 3604; claims; csv,,
9524475_2022_Cash v. US Department of Housing and Urban Development_alnd,Don Cash v. U.S. Department of Housing & Urban Development,N.D. Ala.,2022,9524475,https://www.courtlistener.com/api/rest/v4/clusters/9524475/,RA; claims; csv; phase1_patch,on file with author,5d173cbb564591b75aaa990955aeaf554b0b34059ebb97561b7ff12553ea60e8
9524588_2022_Arnold v. Elmington Property Management LLC_alnd,Larry Arnold v. Elmington Property Management LLC,N.D. Ala.,2022,9524588,https://www.courtlistener.com/api/rest/v4/clusters/9524588/,RA; 3604; claims; csv,,
9524755_2022_Threatt v. Sylacauga Housing Authority_alnd,Michael C. Threatt v. Sylacauga Housing Authority,N.D. Ala.,2022,9524755,https://www.courtlistener.com/api/rest/v4/clusters/9524755/,RA; claims; csv,,
9524756_2022_Mueller v. Sylacauga Housing Authority_alnd,Mueller v. Sylacauga Housing Authority,N.D. Ala.,2022,9524756,https://www.courtlistener.com/api/rest/v4/clusters/9524756/,RA; 3604; claims; csv,,
"9524837_2022_Huntsville Senior Services, LLC v. Alabama Department of Public Health_alnd",,,,9524837,https://www.courtlistener.com/api/rest/v4/clusters/9524837/,RA; claims; csv,,
9524951_2023_United States v. Hames_alnd,United States v. Hames,N.D. Ala.,2023,9524951,https://www.courtlistener.com/api/rest/v4/clusters/9524951/,RA; claims; csv,,
9525108_2023_Arnold v. Elmington Property Management LLC_alnd,"Larry Arnold v. Elmington Property Management, LLC",N.D. Ala.,2023,9525108,https://www.courtlistener.com/api/rest/v4/clusters/9525108/,RA; 3604; claims; csv,,
9525290_2023_Doe v. RHOC Inc_alnd,"John Doe v. RHOC, Inc.",N.D. Ala.,2023,9525290,https://www.courtlistener.com/api/rest/v4/clusters/9525290/,RA; claims; csv; phase1_patch,,
9525352_2024_United States v. Hames_alnd,United States of America v. Randy Hames and Hames Marina d/b/a Hames Marina and Mobile Home Park,N.D. Ala.,2024,9525352,https://www.courtlistener.com/api/rest/v4/clusters/9525352/,RA; claims; csv,,
9525403_2024_Dunn v. Manuel_alnd,"Nora Dunn v. Carter Manuel, et al.",N.D. Ala.,2024,9525403,https://www.courtlistener.com/api/rest/v4/clusters/9525403/,RA; claims; csv,on file with author,bb0f9be46a888181edba25129334b7a4bf7f620fbedac515cf3d94b3d8057f24
"9526265_2022_Mosley v. AM_NS Calvert, LLC_alsd",,,,9526265,https://www.courtlistener.com/api/rest/v4/clusters/9526265/,RA; claims; csv,,
9526362_2022_Yates v. Mack_alsd,Yates v. Mack,S.D. Ala.,2022,9526362,https://www.courtlistener.com/api/rest/v4/clusters/9526362/,RA; claims; csv; phase1_patch,on file with author,9464655d36f981e8c8d19c6a6c5ee066ce4971a6c9f90350ae663f28b6e7a638
9526528_2023_Heimkes v. Fairhope Motorcoach Resort Condominium Owners Ass'n_alsd,"Mark Heimkes v. Fairhope Motorcoach Resort Condominium Owners Association, Inc.",S.D. Ala.,2023,9526528,https://www.courtlistener.com/api/rest/v4/clusters/9526528/,RA; 3604; claims; csv,,
"9526612_2023_Allfrey v. Fairhope Motorcoach Resort Condominium Owners Association, Inc._alsd","Kris Allfrey v. Fairhope Motorcoach Resort Condominium Owners Association, Inc.",S.D. Ala.,2023,9526612,https://www.courtlistener.com/api/rest/v4/clusters/9526612/,RA; 3604; claims; csv,on file with author,c274a20b0dc001664f0a1b2ba581a8de9871187ef678744bf83039bbae2595d4
"9526824_2024_Edwards v. PNC Bank, N.A._alsd",,,,9526824,https://www.courtlistener.com/api/rest/v4/clusters/9526824/,RA; claims; csv,,
9527403_2021_The Downtown Soup Kitchen v. Municipality of Anchorage_akd,,,,9527403,https://www.courtlistener.com/api/rest/v4/clusters/9527403/,RA; claims,,
9527971_2023_National Audubon Society v. Haaland_akd,,,,9527971,https://www.courtlistener.com/api/rest/v4/clusters/9527971/,RA; claims; csv,,
9528390_2019_Hall v. Shipley_azd,Hall v. Shipley,D. Ariz.,2019,9528390,https://www.courtlistener.com/api/rest/v4/clusters/9528390/,3604; claims; csv,,
9529383_2020_Harden v. CPLC Estancia LLC_azd,"Sharon D. Harden v. CPLC Estancia LLC, et al.",D. Ariz.,2020,9529383,https://www.courtlistener.com/api/rest/v4/clusters/9529383/,3604; claims; csv,on file with author,5d3a89d69655fca6d40a60869b6696048980702fe86778aba5fc723a2828f89b
9529415_2020_Garnes v. Washington Manor_azd,"Sharon Garnes v. Washington Manor, et al.",D. Ariz.,2020,9529415,https://www.courtlistener.com/api/rest/v4/clusters/9529415/,3604; claims; csv,on file with author,c5c0ef4f6abf0094b224cf18f86327350b21e316051c85e0d4786f5572713b95
9529556_2020_Southwest Fair Housing Council Incorporated v. Maricopa Domestic Water Improvement District_azd,Southwest Fair Housing Council Incorporated v. Maricopa Domestic Water Improvement District,D. Ariz.,2020,9529556,https://www.courtlistener.com/api/rest/v4/clusters/9529556/,3604; claims; csv,,
9531580_2021_Southwest Fair Housing Council v. WG Campana del Rio SH LLC_azd,Southwest Fair Housing Council v. WG Campana del Rio SH LLC,D. Ariz.,2021,9531580,https://www.courtlistener.com/api/rest/v4/clusters/9531580/,RA; 3604; claims; csv,,
9531816_2021_Southwest Fair Housing Council v. WG Scottsdale LLC_azd,Southwest Fair Housing Council v. WG Scottsdale LLC,D. Ariz.,2021,9531816,https://www.courtlistener.com/api/rest/v4/clusters/9531816/,RA; 3604; claims; csv,,
9531882_2021_Southwest Fair Housing Council v. WG Chandler Villas SH LLC_azd,Southwest Fair Housing Council v. WG Chandler Villas SH LLC,D. Ariz.,2021,9531882,https://www.courtlistener.com/api/rest/v4/clusters/9531882/,RA; 3604; claims; csv,,
"9531898_2021_Bollfrass v. Phoenix, City of_azd","Gerald Bollfrass, et al. v. City of Phoenix, et al.",D. Ariz.,2021,9531898,https://www.courtlistener.com/api/rest/v4/clusters/9531898/,RA; claims; csv,,
"9531932_2021_Petramala v. Phoenix, City of_azd","Michael Petramala v. City of Phoenix, et al.",D. Ariz.,2021,9531932,https://www.courtlistener.com/api/rest/v4/clusters/9531932/,RA; 3604; claims; csv,on file with author,fdd61486b4a9b1d74113eb4f19361d57ce9cd309f801f76b664d2dbc803ae304
9531969_2021_Arthur v. Windsor Shadows Homeowner's Association_azd,Francine M. Arthur v. Windsor Shadows Homeowner's Association,D. Ariz.,2021,9531969,https://www.courtlistener.com/api/rest/v4/clusters/9531969/,RA; 3604; claims; csv,on file with author,f60ebfc3d8da4e729a903d18f24f19486deb4b25c7d3e0640ddf4628af993fd0
"9532068_2021_Poder in Action v. Phoenix, City of_azd",,,,9532068,https://www.courtlistener.com/api/rest/v4/clusters/9532068/,RA; claims,,
9532659_2021_Tauscher v. Donison_azd,"Jacqueline M. Tauscher v. Pamela Donison, et al.",D. Ariz.,2021,9532659,https://www.courtlistener.com/api/rest/v4/clusters/9532659/,RA; claims; csv,,
9533153_2021_Nandlal v. Oregon Cascade Properties LLC_azd,Heralal A. Nandlal et al. v. Oregon Cascade Properties LLC et al.,D. Ariz.,2021,9533153,https://www.courtlistener.com/api/rest/v4/clusters/9533153/,RA; 3604; claims; csv,on file with author,31564a59736802eb0fb941e37aada287816062673c48a81ea5896a3e05229b97
9533457_2022_Hasenkamp v. The Shah Trust_azd,"Michael Hasenkamp v. The Shah Trust, et al.",D. Ariz.,2022,9533457,https://www.courtlistener.com/api/rest/v4/clusters/9533457/,3604; claims; csv,,
"9533633_2022_Petramala v. Phoenix, City of_azd","Michael Petramala v. City of Phoenix, et al.",D. Ariz.,2022,9533633,https://www.courtlistener.com/api/rest/v4/clusters/9533633/,RA; 3604; claims; csv,on file with author,2971ce501eec2bc3d13401563b29d683b60f260039463155fb0952b420c214c3
"9533652_2022_Beram v. Sedona, City of_azd",Beram v. City of Sedona,D. Ariz.,2022,9533652,https://www.courtlistener.com/api/rest/v4/clusters/9533652/,RA; claims; csv,on file with author,7482d1b45333f6f1a3ed581023eae6bcab47a0f2c7f23ae489948a8e0c77c41a
9533953_2024_Robinson v. District of Columbia_dcd,Javonte Robinson v. District of Columbia,D.D.C.,2024,9533953,https://www.courtlistener.com/api/rest/v4/clusters/9533953/,RA; claims; csv,on file with author,2f00fe16d20a55aad5f20adc915b16dadd87b33bc55dc6c61c3307085b7f536d
9534277_2022_Saint Patrick v. RHI 1 San Norterra LLC_azd,Jennifer Saint Patrick v. RHI 1 San Norterra LLC,D. Ariz.,2022,9534277,https://www.courtlistener.com/api/rest/v4/clusters/9534277/,RA; claims; csv,,
"9534351_2022_Smith-Jeter v. Scottsdale, City of_azd","Wanda Elaine Smith-Jeter v. City of Scottsdale, et al.",D. Ariz.,2022,9534351,https://www.courtlistener.com/api/rest/v4/clusters/9534351/,3604; claims; csv,,
9534448_2022_Arthur v. Windsor Shadows Homeowner's Association_azd,Francine M. Arthur v. Windsor Shadows Homeowner's Association,D. Ariz.,2022,9534448,https://www.courtlistener.com/api/rest/v4/clusters/9534448/,RA; 3604; claims; csv,on file with author,7cecd0f4aae72baca84359f9d5692c56f81bfcc8b0499d5c57fa71c854d01f82
9534614_2022_Southwest Fair Housing Council v. WG Scottsdale LLC_azd,Southwest Fair Housing Council v. WG Scottsdale LLC,D. Ariz.,2022,9534614,https://www.courtlistener.com/api/rest/v4/clusters/9534614/,RA; claims; csv,,
9534733_2022_Southwest Fair Housing Council v. WG Scottsdale LLC_azd,Southwest Fair Housing Council v. WG Scottsdale LLC,D. Ariz.,2022,9534733,https://www.courtlistener.com/api/rest/v4/clusters/9534733/,RA; claims; csv,,
9534824_2022_McGhee v. Forest Ridge Apartments LLC_azd,McGhee v. Forest Ridge Apartments LLC,D. Ariz.,2022,9534824,https://www.courtlistener.com/api/rest/v4/clusters/9534824/,RA; claims; csv; phase1_patch,,
9534848_2022_Southwest Fair Housing Council v. Forwood_azd,Southwest Fair Housing Council v. Forwood,D. Ariz.,2022,9534848,https://www.courtlistener.com/api/rest/v4/clusters/9534848/,RA; claims; csv,,
"9535317_2023_Beram v. Sedona, City of_azd",,,,9535317,https://www.courtlistener.com/api/rest/v4/clusters/9535317/,RA; claims; csv,,
9535439_2023_Ford v. Taylor_azd,"Charita Michelle Ford v. Scott Taylor, et al.",D. Ariz.,2023,9535439,https://www.courtlistener.com/api/rest/v4/clusters/9535439/,RA; claims; csv; phase1_patch,,
9535493_2023_Saint Patrick v. RHI 1 San Norterra LLC_azd,Jennifer Saint Patrick v. RHI 1 San Norterra LLC,D. Ariz.,2023,9535493,https://www.courtlistener.com/api/rest/v4/clusters/9535493/,RA; claims; csv,,
9535844_2023_Daniels v. BMF V AZ Saddle LLC_azd,"Naomi Daniels v. BMF VAZ Saddle, LLC and Cynthia Rodriguez",D. Ariz.,2023,9535844,https://www.courtlistener.com/api/rest/v4/clusters/9535844/,RA; 3604; claims; csv,on file with author,2498e4c8be428fbcf23a6f583efe06ed259383bad4af8fa4b3960c176ca211a3
9536033_2023_Southwest Fair Housing Council v. WG Chandler Villas SH LLC_azd,Southwest Fair Housing Council v. WG Chandler Villas SH LLC,D. Ariz.,2023,9536033,https://www.courtlistener.com/api/rest/v4/clusters/9536033/,RA; claims; csv,,
"9536059_2023_Robinson, Jr v. JPMorgan Chase Bank NA_azd",,,,9536059,https://www.courtlistener.com/api/rest/v4/clusters/9536059/,RA; claims; csv,,
9540984_2023_Agnew v. Conagra Brands Inc_ared,,,,9540984,https://www.courtlistener.com/api/rest/v4/clusters/9540984/,RA; claims; csv,,
9541809_2024_Screeton v. Lindsey Management Co_ared,Screeton v. Lindsey Management Co.,E.D. Ark.,2024,9541809,https://www.courtlistener.com/api/rest/v4/clusters/9541809/,RA; claims; csv; phase1_patch,on file with author,181c7b6a8030b320561afa8f52b5dfc8fdd635d12851ab420fd655e270286ea9
9544368_2021_Arkansas United v. Thurston_arwd,,,,9544368,https://www.courtlistener.com/api/rest/v4/clusters/9544368/,RA; 3604; claims,,
"9544834_2021_Star Insurance Company v. Trinity Property Management, LLC_arwd","Star Insurance Company v. Trinity Property Management, LLC",W.D. Ark.,2021,9544834,https://www.courtlistener.com/api/rest/v4/clusters/9544834/,RA; claims; csv; phase1_patch,,
9545241_2022_Arkansas United v. Thurston_arwd,Arkansas United v. Thurston,W.D. Arkansas,2022,9545241,https://www.courtlistener.com/api/rest/v4/clusters/9545241/,RA; claims; csv; phase1_patch; phase2_extraction,,
9545274_2022_Arkansas United v. Thurston_arwd,Arkansas United and L. Mireya Reith v. John Thurston,W.D. Ark.,2022,9545274,https://www.courtlistener.com/api/rest/v4/clusters/9545274/,RA; claims; csv; phase1_patch,,
9546125_2024_FDA v. Alliance for Hippocratic Medicine_scotus,,,,9546125,https://www.courtlistener.com/api/rest/v4/clusters/9546125/,RA; claims; csv,,
9546813_2019_City of Sacramento v. Wells Fargo _ Co._caed,City of Sacramento v. Wells Fargo & Co.,E.D. Cal.,2019,9546813,https://www.courtlistener.com/api/rest/v4/clusters/9546813/,3604; claims; csv,,
9548082_2019_(PS)(UD)Barzgar v. Paysinger_caed,,,,9548082,https://www.courtlistener.com/api/rest/v4/clusters/9548082/,3604; claims,,
9549101_2019_The Joseph Plagenza and Rose Plagenza 1990 Living Trust v. Zavala_caed,,,,9549101,https://www.courtlistener.com/api/rest/v4/clusters/9549101/,3604; claims,,
9549164_2019_(PS) Trotter v. Con Am Group_caed,Cupid Monique Trotter v. Con Am Group; Crisienna Vista Communities,E.D. Cal.,2019,9549164,https://www.courtlistener.com/api/rest/v4/clusters/9549164/,3604; claims; csv; phase1_patch,on file with author,4a1c25451ac4e29ff6e7e86067c67aab4d132910945f4c758e61df55b3772c58
9549172_2019_(DP) Catlin v. Davis_caed,,,,9549172,https://www.courtlistener.com/api/rest/v4/clusters/9549172/,3604,,
9551341_2020_Scoggin v. Turning Point Central California_caed,Danelle Renee Scoggin v. Turning Point Central California,E.D. Cal.,2020,9551341,https://www.courtlistener.com/api/rest/v4/clusters/9551341/,3604; claims; csv,on file with author,74624ab6159ebbda70067f3e8620690aa8f518791103ea75e491826a5c2a20c1
"9551524_2020_Wilkerson v. Fujinaka Properties, LP_caed","Wilkerson v. Fujinaka Properties, LP",E.D. Cal.,2020,9551524,https://www.courtlistener.com/api/rest/v4/clusters/9551524/,3604; claims; csv,,
9556072_2020_(PS) Sharma v. Home Buyers Realty and HBR Rentals_caed,Janavi Sharma v. Home Buyers Realty and HBR Rentals,E.D. Cal.,2020,9556072,https://www.courtlistener.com/api/rest/v4/clusters/9556072/,3604; claims; csv,on file with author,25dca669ec5dfcaf3b0ceec252650a34a3f9549b9949581ef4f84e27d1f2216e
9557693_2020_Decheri Hafer v. Unknown_caed,Decheri Hafer v. Unknown,E.D. Cal.,2020,9557693,https://www.courtlistener.com/api/rest/v4/clusters/9557693/,3604; claims; csv,on file with author,2aa5acc13d848c6dbb863d030987e24e587f8e15aeedba8e316e87ab341c5d02
9557776_2021_(PS) Sharma v. Hussain_caed,,,,9557776,https://www.courtlistener.com/api/rest/v4/clusters/9557776/,RA; claims,,
9558121_2021_Courtney v. Housing Authority of the County of Kings_caed,Colleen M. Courtney v. Housing Authority of the County of Kings,E.D. Cal.,2021,9558121,https://www.courtlistener.com/api/rest/v4/clusters/9558121/,RA; 3604; claims; csv,on file with author,be6bd1b2548825fa2dff103f75c0828fc0d75013ca670fb9e08c389e1fb088ab
9560409_2021_Project Sentinel v. Komar_caed,Project Sentinel v. Komar,E.D. Cal.,2021,9560409,https://www.courtlistener.com/api/rest/v4/clusters/9560409/,RA; 3604; claims; csv,,
9561553_2021_(UD)(PS) Konrad v. Williams_caed,,,,9561553,https://www.courtlistener.com/api/rest/v4/clusters/9561553/,RA; claims,,
9562205_2021_Project Sentinel v. Komar_caed,Project Sentinel v. Jeanette Komar,E.D. Cal.,2021,9562205,https://www.courtlistener.com/api/rest/v4/clusters/9562205/,RA; claims; csv; phase1_patch,,
9562839_2021_McGee v. Poverello House_caed,"Jill McGee, et al. v. Poverello House, et al.",E.D. Cal.,2021,9562839,https://www.courtlistener.com/api/rest/v4/clusters/9562839/,RA; 3604; claims; csv,,
9563545_2021_Courtney v. Housing Authority of the County of Kings_caed,Colleen M. Courtney v. Housing Authority of the County of Kings,E.D. Cal.,2021,9563545,https://www.courtlistener.com/api/rest/v4/clusters/9563545/,RA; claims; csv; phase1_patch,,
9563700_2021_(DP) Weaver v. Chappell_caed,,,,9563700,https://www.courtlistener.com/api/rest/v4/clusters/9563700/,3604,,
9565491_2021_Hamilton v. Madera County_caed,"Rick Hamilton, et al. v. County of Madera, et al.",E.D. Cal.,2021,9565491,https://www.courtlistener.com/api/rest/v4/clusters/9565491/,RA; claims; csv,on file with author,45a5470f4e3574a0449487708e241656a1268a293ba2d47b993e190448f5d54d
9567169_2024_State of Tenn. v. Dep't of Educ._ca6,,,,9567169,https://www.courtlistener.com/api/rest/v4/clusters/9567169/,RA; claims; csv,,
9567477_2024_Jeremy Morris v. West Hayden Estates First Add._ca9,"Jeremy Ray Morris; Kristy Morris v. West Hayden Estates First Addition Homeowners Association, Inc.",9th Cir.,2024,9567477,https://www.courtlistener.com/api/rest/v4/clusters/9567477/,RA; claims; csv,,
9568790_2019_Edwards v. Gene Salter Properties and Salter Construction Inc_ared,Edwards v. Gene Salter Properties and Salter Construction Inc.,E.D. Ark.,2019,9568790,https://www.courtlistener.com/api/rest/v4/clusters/9568790/,3604; claims; csv,,
"9569750_2019_Niya Bunch v. Victor Valley Domestic Violence, Inc._cacd","Niya Bunch v. Victor Valley Domestic Violence, Inc.",C.D. Cal.,2019,9569750,https://www.courtlistener.com/api/rest/v4/clusters/9569750/,3604; claims; csv,,
9573306_2021_Ryan Matthew Burd v. James R. Hefflin_cacd,Ryan Matthew Burd v. James R. Hefflin,C.D. Cal.,2021,9573306,https://www.courtlistener.com/api/rest/v4/clusters/9573306/,RA; claims; csv; phase1_patch,,
9573366_2021_Chase Daniel Daugherty v. James R. Hefflin_cacd,,,,9573366,https://www.courtlistener.com/api/rest/v4/clusters/9573366/,RA; claims,,
9574839_2021_C.R. v. PLB Management LLC_cacd,C.R. v. PLB Management LLC,C.D. Cal.,2021,9574839,https://www.courtlistener.com/api/rest/v4/clusters/9574839/,RA; claims; csv; phase1_patch,,
9576362_2022_(PS)Shultz v. Kern County_caed,"Susan Marie Shultz v. Kern County, et al.",E.D. Cal.,2022,9576362,https://www.courtlistener.com/api/rest/v4/clusters/9576362/,RA; 3604; claims; csv; phase1_patch,on file with author,aaf7299a09a17ba0110b6adacaa69478f69fd596ddfee6cdafc9cc79b2f43595
9577082_2022_United States v. Howen_caed,,,,9577082,https://www.courtlistener.com/api/rest/v4/clusters/9577082/,RA; claims; csv,,
9577196_2022_Gomez v. Cedar Oaks Apartments L.P._caed,Patricia Gomez v. Cedar Oaks Apartments L.P.,E.D. Cal.,2022,9577196,https://www.courtlistener.com/api/rest/v4/clusters/9577196/,RA; claims; csv; phase1_patch,,
9577403_2022_(PS) Butler v. Dozier_caed,"Kevin Michael Butler v. Lachelle Dozier, et al.",E.D. Cal.,2022,9577403,https://www.courtlistener.com/api/rest/v4/clusters/9577403/,RA; 3604; claims; csv,on file with author,81398c453952dd4b4917285be22fe4cd42156b67aafa85dfb825e73a533d5055
9578637_2022_W. v. Turlock Unified School District_caed,,,,9578637,https://www.courtlistener.com/api/rest/v4/clusters/9578637/,3604; claims,,
9578806_2022_(PC) Samaniego v. CDCR_caed,,,,9578806,https://www.courtlistener.com/api/rest/v4/clusters/9578806/,RA; claims; csv,,
9580795_2022_S.G.P. v. Tehachapi Unified School District_caed,,,,9580795,https://www.courtlistener.com/api/rest/v4/clusters/9580795/,3604; claims,,
9580941_2022_(PS) Trotter v. Sacramento Housing Program_caed,"Cupid Monique Trotter v. Sacramento Housing and Redevelopment Agency, et al.",E.D. Cal.,2022,9580941,https://www.courtlistener.com/api/rest/v4/clusters/9580941/,RA; 3604; claims; csv,on file with author,c8ec790e8a744bef44c8c81ac396beaa8f2f0f9dce21cb8cd85e13b08b02b9ff
9581072_2022_(PS) Bryant v. Steinburg_caed,Bryant v. Steinburg,E.D. Cal.,2022,9581072,https://www.courtlistener.com/api/rest/v4/clusters/9581072/,RA; 3604; claims; csv; phase1_patch,on file with author,209b0be4bc69ddd83e679070b0cbaa116ed535e62545b1595277b495442f067a
9581094_2022_(PS) Roberts v. Sacramento Housing _ Redevelopment Agency_caed,Sydney Brooke Roberts v. Sacramento Housing and Redevelopment Agency,E.D. Cal.,2022,9581094,https://www.courtlistener.com/api/rest/v4/clusters/9581094/,RA; 3604; claims; csv,on file with author,b46549f3d3c03a6c1f9ad9ff425a0e2d3cc54e08efc31c9105d373b1e4efe14f
9581750_2022_(PS) Roberts v. Sacramento Housing _ Redevelopment Agency_caed,Sydney Brooke Roberts and David Samuel v. Sacramento Housing and Redevelopment Agency,E.D. Cal.,2022,9581750,https://www.courtlistener.com/api/rest/v4/clusters/9581750/,RA; claims; csv; phase1_patch,,
9581917_2022_(PS) Edmonds v. John Steward Company_caed,,,,9581917,https://www.courtlistener.com/api/rest/v4/clusters/9581917/,RA; 3604; claims; csv,,
9582973_2023_(PS) Ringgold v. Burgett Inc._caed,"Edward Ringgold v. Burgett, Inc., doing business as Pianodisc",E.D. Cal.,2023,9582973,https://www.courtlistener.com/api/rest/v4/clusters/9582973/,RA; 3604; claims; csv,on file with author,1a6688d54c544e22095c1cc2513125b45e473796f42b2910f8b97a5c057e5dc3
9583161_2023_Booth v. United States_caed,,,,9583161,https://www.courtlistener.com/api/rest/v4/clusters/9583161/,3604; claims,,
9584181_2023_(PC) Samaniego v. CDCR_caed,,,,9584181,https://www.courtlistener.com/api/rest/v4/clusters/9584181/,RA; claims; csv,,
9584272_2023_Scoggins v. Falcon Court_caed,"Danelle Scoggins v. Turning Point of Central California, Inc.",E.D. Cal.,2023,9584272,https://www.courtlistener.com/api/rest/v4/clusters/9584272/,RA; 3604; claims; csv,on file with author,98916034bc74fd20d8e9068a7b1bba68da4650637d90fe7f4763692d16882f6b
9585164_2023_Simmons v. Bauer Rentals_caed,Simmons v. Bauer Rentals,E.D. Cal.,2023,9585164,https://www.courtlistener.com/api/rest/v4/clusters/9585164/,RA; claims; csv; phase1_patch,,
9585404_2023_(UD)(PS) Community Fund LLC v. Lafountain_caed,,,,9585404,https://www.courtlistener.com/api/rest/v4/clusters/9585404/,RA; claims; csv,,
9585646_2023_Shultz v. Department of Justice_caed,Shultz v. Department of Justice,E.D. Cal.,2023,9585646,https://www.courtlistener.com/api/rest/v4/clusters/9585646/,RA; 3604; claims; csv; phase1_patch,,
9585682_2023_Scoggins v. Falcon Court_caed,"Danelle Scoggins v. Turning Point of Central California, Inc.",E.D. Cal.,2023,9585682,https://www.courtlistener.com/api/rest/v4/clusters/9585682/,RA; claims; csv,,
9585785_2023_(PS) Roberts v. Sacramento Housing _ Redevelopment Agency_caed,"Sydney Brooke Roberts, et al. v. Sacramento Housing & Redevelopment Agency, et al.",E.D. Cal.,2023,9585785,https://www.courtlistener.com/api/rest/v4/clusters/9585785/,RA; claims; csv,,
9586242_2023_Goodwin v. Yamada_caed,Duchun Lafre Goodwin v. Michael M. Yamada,E.D. Cal.,2023,9586242,https://www.courtlistener.com/api/rest/v4/clusters/9586242/,RA; claims; csv,,
9586399_2023_(PS) Roberts v. Sacramento Housing _ Redevelopment Agency_caed,"Sydney Brooke Roberts and David Tyrone Samuel, et al. v. Sacramento Housing and Redevelopment Agency, et al.",E.D. Cal.,2023,9586399,https://www.courtlistener.com/api/rest/v4/clusters/9586399/,RA; 3604; claims; csv,,
9586822_2023_Goodwin v. Yamada_caed,Duchun Lafre Goodwin v. Michael M. Yamada,E.D. Cal.,2023,9586822,https://www.courtlistener.com/api/rest/v4/clusters/9586822/,p3ext_20260703,,
"9586881_2023_Brown v. Suri Hurley, LLC_caed","LawAnna Kindle Brown, et al. v. Suri Hurley, LLC",E.D. Cal.,2023,9586881,https://www.courtlistener.com/api/rest/v4/clusters/9586881/,RA; 3604; claims; csv,,
9587616_2023_(PS) Ringgold v. Burgett Inc._caed,,,,9587616,https://www.courtlistener.com/api/rest/v4/clusters/9587616/,RA; claims; csv,,
9587764_2023_(PS) Lake Pointe Limited Partnership v. Tucker_caed,,,,9587764,https://www.courtlistener.com/api/rest/v4/clusters/9587764/,RA; claims; csv,,
9587971_2023_Goodwin v. City Attorney's Office_caed,Goodwin v. City Attorney's Office,E.D. Cal.,2023,9587971,https://www.courtlistener.com/api/rest/v4/clusters/9587971/,RA; 3604; claims; csv,,
9589037_2023_Goodwin v. City Attorney's Office_caed,Goodwin v. City Attorney's Office,E.D. Cal.,2023,9589037,https://www.courtlistener.com/api/rest/v4/clusters/9589037/,RA; 3604; claims; csv; phase1_patch,on file with author,06920353c9a1e97bb871663baa0ba6b5f2d714184db68c461b87605236b356ee
9589149_2023_C. v. Modesto City Schools_caed,,,,9589149,https://www.courtlistener.com/api/rest/v4/clusters/9589149/,3604; claims,,
9589809_2023_Goodwin v. City Attorney's Office_caed,"Duchun Lafre Goodwin v. City Attorney's Office, et al.",E.D. Cal.,2023,9589809,https://www.courtlistener.com/api/rest/v4/clusters/9589809/,RA; claims; csv; phase1_patch,on file with author,1e5e4384d415bd1ac8e588118b88941b545c4c77a70f58c4dd72faeb7dd48fd7
9590670_2023_(PS) Peters v. Ervin_caed,"Caitlin Nicole Peters v. Charles Ervin, et al.",E.D. Cal.,2023,9590670,https://www.courtlistener.com/api/rest/v4/clusters/9590670/,RA; claims; csv; phase1_patch,on file with author,2a786c3129ef0a50d0085f5166e766e385ebbfa5f2d1c275562f8c21f0280d16
9591610_2024_(PS) James v. Metzger Mgt. Co._caed,Anthony Alexander James v. Metzger Management Company,E.D. Cal.,2024,9591610,https://www.courtlistener.com/api/rest/v4/clusters/9591610/,RA; 3604; claims; csv,on file with author,78f0ddeb2ada0fe5fc6ff5e6f10b4ca0183f747619bc1f172a7f740017491ebd
9593229_2024_(PS) Lax v. Abode Services_caed,"Crystal Lax, et al. v. Adobe Services, et al.",E.D. Cal.,2024,9593229,https://www.courtlistener.com/api/rest/v4/clusters/9593229/,RA; 3604; claims; csv,on file with author,09755236f9245750f6ee5e25f83bea9ffe64ec85d1a63739e61c2baf95c36337
9594478_2024_Chhang v. West Coast USA Properties LLC_caed,"Pharilyn Chhang v. West Coast USA Properties LLC, et al.",E.D. Cal.,2024,9594478,https://www.courtlistener.com/api/rest/v4/clusters/9594478/,RA; 3604; claims; csv,on file with author,5b1192913b27a1f8c87fb1a511ed920c75844e8917c3a06ee6c6f31096f051de
9595283_2019_Alcaraz v. KMF Oakland LLC_cand,"Bernardo Alcaraz v. KMF Oakland LLC, et al.",N.D. Cal.,2019,9595283,https://www.courtlistener.com/api/rest/v4/clusters/9595283/,3604; claims; csv,,
9595375_2019_Wilson v. Liu_cand,Wilson v. Liu,N.D. Cal.,2019,9595375,https://www.courtlistener.com/api/rest/v4/clusters/9595375/,3604; claims; csv,,
9595778_2019_Alcaraz v. KMF Oakland LLC_cand,Alcaraz v. KMF Oakland LLC,N.D. Cal.,2019,9595778,https://www.courtlistener.com/api/rest/v4/clusters/9595778/,3604; claims; csv,,
9597590_2020_Alcaraz v. KMF Oakland LLC_cand,Alcaraz v. KMF Oakland LLC,N.D. Cal.,2020,9597590,https://www.courtlistener.com/api/rest/v4/clusters/9597590/,3604; claims; csv,,
"9599868_2021_Vargas v. Facebook, Inc._cand","Rosemarie Vargas, et al. v. Facebook, Inc.",N.D. Cal.,2021,9599868,https://www.courtlistener.com/api/rest/v4/clusters/9599868/,3604; claims; csv,on file with author,3a3493dc244e37fb01dded6ac6a3ecb4729759c596b3fe8f9e1f17f3c4b4fa97
"9600205_2021_Melton v. Regional Center of the East Bay, Inc._cand","Selena Melton, by and through her Guardian Ad Litem v. California Department of Developmental Services, et al.",N.D. Cal.,2021,9600205,https://www.courtlistener.com/api/rest/v4/clusters/9600205/,RA; claims; csv,on file with author,057952809225750afe12ee1540116d3ad0fc2c4c2ea560a07cdd443b8f12d038
9600517_2021_Ocegueda v. Zuckerberg_cand,,,,9600517,https://www.courtlistener.com/api/rest/v4/clusters/9600517/,RA; claims,,
9600808_2021_Galia v. Wasatch Advantage Group LLC_cand,Tommy Galia v. Wasatch Advantage Group LLC,N.D. Cal.,2021,9600808,https://www.courtlistener.com/api/rest/v4/clusters/9600808/,RA; 3604; claims; csv,,
"9602085_2021_Vargas v. Facebook, Inc._cand","Rosemarie Vargas, et al. v. Facebook, Inc.",N.D. Cal.,2021,9602085,https://www.courtlistener.com/api/rest/v4/clusters/9602085/,3604; claims; csv,on file with author,84059e20511be2144cde7a3e392b7dba82c1fb2758c8cbf68f1308e2310558d2
9602094_2021_Wolf v. City of Millbrae_cand,Wolf v. City of Millbrae,N.D. Cal.,2021,9602094,https://www.courtlistener.com/api/rest/v4/clusters/9602094/,RA; 3604; claims; csv,on file with author,62c3c18395ffe1c10c198f28eaac58a5ddb862cd830b028663fd84264a90e69c
9602268_2021_McLemore v. Marin Housing Authority_cand,Royce McLemore v. Marin Housing Authority,N.D. Cal.,2021,9602268,https://www.courtlistener.com/api/rest/v4/clusters/9602268/,3604; claims; csv,,
"9602281_2021_Poorsina v. Wells Fargo Bank, N.A._cand",,,,9602281,https://www.courtlistener.com/api/rest/v4/clusters/9602281/,RA; claims,,
"9602950_2021_Melton v. Regional Center of the East Bay, Inc._cand","Melton v. Regional Center of the East Bay, Inc.",N.D. Cal.,2021,9602950,https://www.courtlistener.com/api/rest/v4/clusters/9602950/,RA; claims; csv,on file with author,93cfdcc50c620b5a40325d5a70fc3fec76f8c764463401360ea7d6d41b2441cd
"9603198_2021_Filho v. Chinatown Community Development Center, Inc._cand","Roberto Filho v. Chinatown Community Development Center, Inc.",N.D. Cal.,2021,9603198,https://www.courtlistener.com/api/rest/v4/clusters/9603198/,RA; claims; csv,,
"9604396_2022_National Fair Housing Alliance, Inc. v. Carson_cand","National Fair Housing Alliance, et al. v. Marcia L. Fudge, et al.",N.D. Cal.,2022,9604396,https://www.courtlistener.com/api/rest/v4/clusters/9604396/,RA; claims; csv; phase1_patch,,
9604497_2022_Austin v. Miller_cand,Tate-Austin v. Miller,N.D. Cal.,2022,9604497,https://www.courtlistener.com/api/rest/v4/clusters/9604497/,3604; claims; csv,,
9604967_2022_West v. City and County of San Francisco_cand,West v. City and County of San Francisco,N.D. Cal.,2022,9604967,https://www.courtlistener.com/api/rest/v4/clusters/9604967/,RA; 3604; claims; csv,,
"9605525_2022_Filho v. Chinatown Community Development Center, Inc._cand","Roberto Filho v. Chinatown Community Development Center, Inc.",N.D. Cal.,2022,9605525,https://www.courtlistener.com/api/rest/v4/clusters/9605525/,RA; claims; csv; phase1_patch,,
"9605528_2022_Karlen v. Wells Fargo Bank, N.A._cand","Karlen v. Wells Fargo Bank, N.A.",N.D. Cal.,2022,9605528,https://www.courtlistener.com/api/rest/v4/clusters/9605528/,RA; claims; csv,,
"9605535_2022_Filho v. Chinatown Community Development Center, Inc._cand","Roberto Filho v. Chinatown Community Development Center, Inc.",N.D. Cal.,2022,9605535,https://www.courtlistener.com/api/rest/v4/clusters/9605535/,RA; 3604; claims; csv,,
9605733_2022_Salehi v. Lakeview Terrace Homeowners Association_cand,Hassan Salehi v. Lakeview Terrace Homeowners Association,N.D. Cal.,2022,9605733,https://www.courtlistener.com/api/rest/v4/clusters/9605733/,3604; claims; csv,,
"9605872_2022_Skochko v. Mercy Housing, Inc._cand","Sydney Skochko v. Mercy Housing, Inc., et al.",N.D. Cal.,2022,9605872,https://www.courtlistener.com/api/rest/v4/clusters/9605872/,RA; 3604; claims; csv,,
"9606295_2022_Filho v. Chinatown Community Development Center, Inc._cand","Roberto Filho v. Chinatown Community Development Center, Inc.",N.D. Cal.,2022,9606295,https://www.courtlistener.com/api/rest/v4/clusters/9606295/,RA; claims; csv,,
9606801_2022_Hall-Johnson v. City and County of San Francisco_cand,Hall-Johnson v. City and County of San Francisco,N.D. Cal.,2022,9606801,https://www.courtlistener.com/api/rest/v4/clusters/9606801/,RA; 3604; claims; csv,,
9606994_2022_Christian v. Rancho Grande Manufactured Home Community_cand,Emory D. Christian v. Rancho Grande Manufactured Home Community,N.D. Cal.,2022,9606994,https://www.courtlistener.com/api/rest/v4/clusters/9606994/,RA; 3604; claims; csv,on file with author,3fdd646f00d1395c75badd4cf968ea5c454a1509aff866021c55546c0bf85f40
"9607057_2022_Dangaard v. Instagram, LLC_cand",,,,9607057,https://www.courtlistener.com/api/rest/v4/clusters/9607057/,3604; claims,,
9607428_2023_Rice v. City and County of San Francisco_cand,Allison Barton Rice v. City and County of San Francisco,N.D. Cal.,2023,9607428,https://www.courtlistener.com/api/rest/v4/clusters/9607428/,RA; 3604; claims; csv,,
9607470_2023_In re Wells Fargo Mortgage Discrimination Litigation_cand,In re Wells Fargo Mortgage Discrimination Litigation,N.D. Cal.,2023,9607470,https://www.courtlistener.com/api/rest/v4/clusters/9607470/,RA; claims; csv,,
9607698_2023_Weatherspoon v. Arfaei_cand,Wayne Weatherspoon v. Reza Arfaei,N.D. Cal.,2023,9607698,https://www.courtlistener.com/api/rest/v4/clusters/9607698/,RA; claims; csv,,
9608075_2023_Santos v. County of Humboldt_cand,,,,9608075,https://www.courtlistener.com/api/rest/v4/clusters/9608075/,RA; claims; csv,,
"9608564_2023_Tidwell v. Kaiser Foundation Health Plan, Inc._cand",,,,9608564,https://www.courtlistener.com/api/rest/v4/clusters/9608564/,RA; 3604; claims; csv,,
9608753_2023_Hayer v. Liverant_cand,Julia Hayer v. Alex Liverant,N.D. Cal.,2023,9608753,https://www.courtlistener.com/api/rest/v4/clusters/9608753/,RA; claims; csv,,
"9608822_2023_Lu v. Vivente 1, Inc._cand","Kai Lu v. Vivente 1, Inc.",N.D. Cal.,2023,9608822,https://www.courtlistener.com/api/rest/v4/clusters/9608822/,RA; 3604; claims; csv,,
9608829_2023_Rice v. City and County of San Francisco_cand,Allison Barton Rice v. City and County of San Francisco,N.D. Cal.,2023,9608829,https://www.courtlistener.com/api/rest/v4/clusters/9608829/,RA; 3604; claims; csv,,
9608840_2023_Gilmore v. Wilshire Quinn Capital Inc_cand,Kevin E. Gilmore v. Wilshire Quinn Capital Inc.,N.D. Cal.,2023,9608840,https://www.courtlistener.com/api/rest/v4/clusters/9608840/,RA; claims; csv,on file with author,4d818f8de8cb6d8a9596191c16a1a00e3ac51eb9124382d2e26b4923af788da3
9608903_2023_Rothschild v. Gildred_cand,,,,9608903,https://www.courtlistener.com/api/rest/v4/clusters/9608903/,RA; claims; csv,,
"9609460_2023_Silver v. Greystar Real Estate Partners, LLC_cand","Silver v. Greystar California, Inc.",N.D. Cal.,2023,9609460,https://www.courtlistener.com/api/rest/v4/clusters/9609460/,RA; claims; csv; phase1_patch,,
9609573_2023_Shakti Hotels Inc v. Choudhry_cand,,,,9609573,https://www.courtlistener.com/api/rest/v4/clusters/9609573/,RA; claims; csv,,
"9609703_2023_Silver v. Greystar Real Estate Partners, LLC_cand","Aimee Silver v. Greystar California, Inc., et al.",N.D. Cal.,2023,9609703,https://www.courtlistener.com/api/rest/v4/clusters/9609703/,RA; claims; csv; phase1_patch,,
9609733_2023_Rothschild v. Gildred_cand,"Thomas E. Rothschild v. Stephanie Ann Gildred, et al.",N.D. Cal.,2023,9609733,https://www.courtlistener.com/api/rest/v4/clusters/9609733/,RA; claims; csv,on file with author,7d3c745c4f01d16dfbaf05e5a3d40f339cabbf26ae253d6875708bc06d2492a2
9609740_2023_Rothschild v. The Pacific Companies_cand,,,,9609740,https://www.courtlistener.com/api/rest/v4/clusters/9609740/,RA; claims; csv,,
"9610011_2023_Birdwell v. Avalonbay Communities, Inc._cand","Sarah Birdwell v. Avalonbay Communities, Inc.",N.D. Cal.,2023,9610011,https://www.courtlistener.com/api/rest/v4/clusters/9610011/,3604; claims; csv,,
9610192_2023_Santos v. County of Humboldt_cand,,,,9610192,https://www.courtlistener.com/api/rest/v4/clusters/9610192/,RA; claims; csv,,
9610374_2023_Smith v. Henry_cand,Smith v. Henry,N.D. Cal.,2023,9610374,https://www.courtlistener.com/api/rest/v4/clusters/9610374/,RA; 3604; claims; csv,on file with author,d6ca8d8599793437e897c9b2059d4ed6e13931a2bed7482c4aeb314f38a6a2a3
9610640_2023_Estavillo v. Cortese_cand,,,,9610640,https://www.courtlistener.com/api/rest/v4/clusters/9610640/,RA; claims; csv,,
9610657_2023_Hayer v. Liverant_cand,Julia Hayer v. Alex Liverant,N.D. Cal.,2023,9610657,https://www.courtlistener.com/api/rest/v4/clusters/9610657/,RA; claims; csv,,
"9610741_2023_Escamilla v. Echelon Communities, LLC_cand","Eduardo Escamilla, et al. v. Echelon Communities, LLC",N.D. Cal.,2023,9610741,https://www.courtlistener.com/api/rest/v4/clusters/9610741/,RA; 3604; claims; csv,,
9611131_2024_Brown v. City National Bank_cand,Elaine Brown v. City National Bank,N.D. Cal.,2024,9611131,https://www.courtlistener.com/api/rest/v4/clusters/9611131/,RA; claims; csv,,
"9611167_2024_Shelley v. Leisure Hotel Group, LLC_cand",,,,9611167,https://www.courtlistener.com/api/rest/v4/clusters/9611167/,RA; claims; csv,,
9611552_2024_Coalition on Homelessness v. City and County of San Francisco_cand,,,,9611552,https://www.courtlistener.com/api/rest/v4/clusters/9611552/,RA; claims; csv,,
"9611595_2024_Escamilla v. Echelon Communities, LLC_cand","Escamilla v. Echelon Communities, LLC",N.D. Cal.,2024,9611595,https://www.courtlistener.com/api/rest/v4/clusters/9611595/,3604; claims; csv,,
9611976_2024_Rice v. City and County of San Francisco_cand,Allison Barton Rice v. City and County of San Francisco,N.D. Cal.,2024,9611976,https://www.courtlistener.com/api/rest/v4/clusters/9611976/,RA; claims; csv; phase1_patch,,
9612135_2024_Adams v. Community Housing Partnership_cand,Adams v. Community Housing Partnership,N.D. Cal.,2024,9612135,https://www.courtlistener.com/api/rest/v4/clusters/9612135/,RA; claims; csv,,
9612173_2024_Doe v. City of Hayward_cand,,,,9612173,https://www.courtlistener.com/api/rest/v4/clusters/9612173/,RA; claims; csv,,
9612368_2024_Chiang v. Afifi_cand,,,,9612368,https://www.courtlistener.com/api/rest/v4/clusters/9612368/,RA; claims; csv,,
9613394_2019_White v. San Diego Sunrise Management Company_casd,White v. San Diego Sunrise Management Company,S.D. Cal.,2019,9613394,https://www.courtlistener.com/api/rest/v4/clusters/9613394/,3604; claims; csv,on file with author,9bd28130ba5157793cb548afecce53d60f3dba7f81536f2e8a652eaa082c7ebb
9613990_2020_Williams v. Camden Old Creek_casd,Williams v. Camden Old Creek,S.D. Cal.,2020,9613990,https://www.courtlistener.com/api/rest/v4/clusters/9613990/,3604; claims; csv,,
9614472_2020_Pierson v. Martinelli_casd,"Christina Pierson and Brandon Bolic v. Janice E. Martinelli and Janice Martinelli as Trustee of the Janice Martinelli Trust Dated June 27, 2005",S.D. Cal.,2020,9614472,https://www.courtlistener.com/api/rest/v4/clusters/9614472/,3604; claims; csv,,
9614541_2020_Eulitt v. City of San Diego_casd,Sandy A. Eulitt v. City of San Diego,S.D. Cal.,2020,9614541,https://www.courtlistener.com/api/rest/v4/clusters/9614541/,3604; claims; csv,on file with author,7114bb9be0a10478fa096606a19a489ffae177a2a691c6f165deb9affedd80ca
9614738_2020_Baker v. City of San Diego_casd,Baker v. City of San Diego,S.D. Cal.,2020,9614738,https://www.courtlistener.com/api/rest/v4/clusters/9614738/,3604; claims; csv,,
9615342_2020_Pierson v. Martinelli_casd,"Christina Pierson, et al. v. Janice E. Martinelli",S.D. Cal.,2020,9615342,https://www.courtlistener.com/api/rest/v4/clusters/9615342/,3604; claims; csv,,
9616870_2021_Langer v. Kiser_casd,,,,9616870,https://www.courtlistener.com/api/rest/v4/clusters/9616870/,RA; claims,,
9617401_2021_Williams v. Camden Old Creek_casd,Williams v. Camden USA Inc.,S.D. Cal.,2021,9617401,https://www.courtlistener.com/api/rest/v4/clusters/9617401/,RA; claims; csv,,
9618024_2021_Musgrove v. Hanifin_casd,"Irvin Musgrove v. Angie Hanifin, Margery Pierce, Keysa Machado, Susana Sandoval-Soto, and Oceanside Housing Authority",S.D. Cal.,2021,9618024,https://www.courtlistener.com/api/rest/v4/clusters/9618024/,RA; 3604; claims; csv,on file with author,10e2ea69998049ca08416551dd99ad5ad3c80610708c5d79eb38c624d0c8665e
9618345_2021_Nelson v. Sorrento Tower Apartments_casd,Nelson v. Sorrento Tower Apartments,S.D. Cal.,2021,9618345,https://www.courtlistener.com/api/rest/v4/clusters/9618345/,RA; 3604; claims; csv,,
"9618480_2022_Johnson v. Birks Properties, LLC_casd","Stephanie Johnson v. Birks Properties, LLC",S.D. Cal.,2022,9618480,https://www.courtlistener.com/api/rest/v4/clusters/9618480/,RA; 3604; claims; csv,,
9618766_2022_Baker v. City of San Diego_casd,"Patrice Baker, et al. v. City of San Diego, et al.",S.D. Cal.,2022,9618766,https://www.courtlistener.com/api/rest/v4/clusters/9618766/,RA; claims; csv,,
"9619064_2022_Ireland v. Solaris Enterprise, LLC_casd","Tiffany Ireland et al. v. Solaris Enterprise, LLC et al.",S.D. Cal.,2022,9619064,https://www.courtlistener.com/api/rest/v4/clusters/9619064/,RA; claims; csv,,
9620090_2022_Nelson v. Sorrento Tower Apartments_casd,Warren F. Nelson v. Sorrento Tower Apartments,S.D. Cal.,2022,9620090,https://www.courtlistener.com/api/rest/v4/clusters/9620090/,RA; 3604; claims; csv,on file with author,80cf926fb67913e96a56278ea748989dc8f8345b380d3f09574ab68369588445
9620914_2023_Nelson v. Sorrento Tower Apartments_casd,Warren F. Nelson v. Sorrento Tower Apartments,S.D. Cal.,2023,9620914,https://www.courtlistener.com/api/rest/v4/clusters/9620914/,RA; 3604; claims; csv,on file with author,9d791c2d4c3c9f51a662eb89776a30801e2113253b872393d03fa70e902fec08
9620937_2023_Cruz-McCoy v. Rady Children's Hospital_casd,"Leila Cruz McCoy v. Rady Children's Hospital, San Diego Child Welfare Services, Christopher Hines, Lynette Miller, Renee Silvestri, Daniela Morales, Dr. Jenkins, Dr. Patel, Kimberly Giardina, and Nick Macchione",S.D. Cal.,2023,9620937,https://www.courtlistener.com/api/rest/v4/clusters/9620937/,RA; claims; csv,on file with author,4383174741dcbb876180cfd67e92ef3316babedd11f5f183c3c451c46a000203
9620974_2023_Edwards v. Rocky Galgano_casd,Edwards v. Rocky Galgano,S.D. Cal.,2023,9620974,https://www.courtlistener.com/api/rest/v4/clusters/9620974/,RA; 3604; claims; csv,on file with author,a15237f518c0cb516a19cf3b2296f5b2a04cf9f2f375f0e605f9bac13737de06
9621167_2023_Short Term Rental Alliance of San Diego v. City of San Diego_casd,Short Term Rental Alliance of San Diego v. City of San Diego,S.D. Cal.,2023,9621167,https://www.courtlistener.com/api/rest/v4/clusters/9621167/,RA; 3604; claims; csv,,
9621223_2023_Moore v. Pacific View Apartments Carlsbad LLC_casd,Moore v. Pacific View Apartments Carlsbad LLC,S.D. Cal.,2023,9621223,https://www.courtlistener.com/api/rest/v4/clusters/9621223/,RA; 3604; claims; csv,on file with author,e38bc4f2eb8f0a59efd772761aa46c53cbb871c4cf6d0cd5d3e902990488acf6
9621470_2023_Musgrove v. Hanifin_casd,Musgrove v. Hanifin,S.D. Cal.,2023,9621470,https://www.courtlistener.com/api/rest/v4/clusters/9621470/,RA; claims; csv,on file with author,8072c8376a65fe3ef0ab7f050e0f8662b36c8ae187de4ff4bb326ec3620e8c96
9621698_2023_Macias v. Lange_casd,Erika Macias v. Myron Lange,S.D. Cal.,2023,9621698,https://www.courtlistener.com/api/rest/v4/clusters/9621698/,RA; claims; csv; phase1_patch,,
9621958_2023_Grimes v. Enterprise Rent-A-Car Company of Los Angeles LLC_casd,,,,9621958,https://www.courtlistener.com/api/rest/v4/clusters/9621958/,RA; claims; csv,,
9622187_2023_Iula v. Voos_casd,Karen Mary Asalone Iula v. James Voos,S.D. Cal.,2023,9622187,https://www.courtlistener.com/api/rest/v4/clusters/9622187/,RA; 3604; claims; csv,,
9622275_2024_Iula v. Voos_casd,Karen Mary Asalone Iula v. James Voos,S.D. Cal.,2024,9622275,https://www.courtlistener.com/api/rest/v4/clusters/9622275/,RA; 3604; claims; csv,,
9622329_2024_Macias v. Lange_casd,Macias v. Lange,S.D. Cal.,2024,9622329,https://www.courtlistener.com/api/rest/v4/clusters/9622329/,RA; claims; csv; phase1_patch,,
"9622507_2024_Guardia Piazza D'Oro, LLC v. Ellis-Sanders_casd",,,,9622507,https://www.courtlistener.com/api/rest/v4/clusters/9622507/,RA; claims; csv,,
9622653_2024_Grimes v. Mossy Nissan Kearny Mesa_casd,Jerome L. Grimes v. Mossy Nissan Kearny Mesa,S.D. Cal.,2024,9622653,https://www.courtlistener.com/api/rest/v4/clusters/9622653/,RA; 3604; claims; csv,on file with author,bc741de2d3df1a612037e7791e5b6c2b16cb0c1f639ba36b1b88e3f8e1b97b5a
9622784_2024_Moore v. Pacific View Apartments Carlsbad LLC_casd,Brenda Moore v. Pacific View Apartments Carlsbad LLC,S.D. Cal.,2024,9622784,https://www.courtlistener.com/api/rest/v4/clusters/9622784/,RA; 3604; claims; csv,on file with author,046f1190f63feb67978b4b64da864fd8b6cfc8189dad835c1c655f76a3d5a2e1
9623848_2020_Hall v. Hilderbrand_cod,Vicki Hall v. Donna Hilderbrand,D. Colo.,2020,9623848,https://www.courtlistener.com/api/rest/v4/clusters/9623848/,3604; claims; csv,on file with author,a35148c5e45c815edfc449f670da288967874ef271329b3cd76f784c57995220
"9624160_2020_Courage to Change Holding Company v. El Paso County, Colorado_cod","John Green, Joan Green, and Courage to Change Ranches Holding Company v. El Paso County, Colorado",D. Colo.,2020,9624160,https://www.courtlistener.com/api/rest/v4/clusters/9624160/,3604; claims; csv,,
"9624842_2021_Courage to Change Holding Company v. El Paso County, Colorado_cod","John Green, Joan Green, and Courage to Change Ranches Holding Company v. El Paso County, Colorado",D. Colo.,2021,9624842,https://www.courtlistener.com/api/rest/v4/clusters/9624842/,RA; 3604; claims; csv,,
"9624918_2021_Courage to Change Holding Company v. El Paso County, Colorado_cod","John Green, Joan Green, and Courage to Change Ranches Holding Company v. El Paso County, Colorado",D. Colo.,2021,9624918,https://www.courtlistener.com/api/rest/v4/clusters/9624918/,RA; 3604; claims; csv,,
"9624921_2021_Courage to Change Holding Company v. El Paso County, Colorado_cod","John Green, Joan Green, and Courage to Change Ranches Holding Company v. El Paso County, Colorado",D. Colo.,2021,9624921,https://www.courtlistener.com/api/rest/v4/clusters/9624921/,RA; 3604; claims; csv,,
"9624930_2021_Grays v. Kittredge CO Partners, LLC_cod","Tiffany Grays v. Kittredge Co. Partners, LLC",D. Colo.,2021,9624930,https://www.courtlistener.com/api/rest/v4/clusters/9624930/,RA; 3604; claims; csv,,
"9625635_2021_Griego v. Kohl's, Inc._cod",,,,9625635,https://www.courtlistener.com/api/rest/v4/clusters/9625635/,RA; claims,,
"9626123_2022_Laufer v. Red Door 88, LLC_cod",,,,9626123,https://www.courtlistener.com/api/rest/v4/clusters/9626123/,RA; claims; csv,,
9626199_2022_Wolf v. Meadow Hills III Condominium Association_cod,Wolf v. Meadow Hills III Condominium Association,D. Colo.,2022,9626199,https://www.courtlistener.com/api/rest/v4/clusters/9626199/,RA; 3604; claims; csv,,
"9626373_2022_McDaniel v. Dominium Management Services, LLC_cod","McDaniel v. Dominium Management Services, LLC",D. Colo.,2022,9626373,https://www.courtlistener.com/api/rest/v4/clusters/9626373/,RA; 3604; claims; csv,on file with author,0bf5a875d314e0d5bc3af5459ca39e974804932e4c63c801d339a698e1dc52ed
9626384_2022_Colorado Montana Wyoming State Area Conference of the NAACP v. United States Election Integrity Plan_cod,,,,9626384,https://www.courtlistener.com/api/rest/v4/clusters/9626384/,RA; claims; csv,,
9627426_2023_Frederickson v. Larimer County_cod,"Rex A. Frederickson v. Dustin Kenneth, Larimer County (Code Compliance), Chad Grey, Michael J. Weiss, and Other Unknown Actors or Conspirators",D. Colo.,2023,9627426,https://www.courtlistener.com/api/rest/v4/clusters/9627426/,RA; claims; csv; phase1_patch; phase2_extraction,,
9628042_2024_Trujillo v. Amity Plaza LLC_cod,"Katherine Trujillo v. Amity Plaza, LLC, Housing Authority of the City of Littleton, and Frank Martinez",D. Colo.,2024,9628042,https://www.courtlistener.com/api/rest/v4/clusters/9628042/,RA; 3604; claims; csv,,
9628371_2024_Meyer v. Ten Mile Island Condominium Association_cod,"Scott Meyer v. Ten Mile Island Condominium Association, et al.",D. Colo.,2024,9628371,https://www.courtlistener.com/api/rest/v4/clusters/9628371/,RA; claims; csv; phase1_patch,,
"9628652_2019_Gilead Community Services, Inc. v. Cromwell_ctd","Gilead Community Services, Inc. v. Town of Cromwell",D. Conn.,2019,9628652,https://www.courtlistener.com/api/rest/v4/clusters/9628652/,3604; claims; csv,,
"9628672_2019_Gilead Community Services, Inc. v. Cromwell_ctd","Gilead Community Services, Inc. v. Town of Cromwell",D. Conn.,2019,9628672,https://www.courtlistener.com/api/rest/v4/clusters/9628672/,3604; claims; csv,,
9628983_2020_McNeil v. Yale University_ctd,,,,9628983,https://www.courtlistener.com/api/rest/v4/clusters/9628983/,3604; claims,,
"9630165_2021_Connecticut Fair Housing Ctr v. CoreLogic Rental Property Solutions, LLC_ctd","Connecticut Fair Housing Ctr v. CoreLogic Rental Property Solutions, LLC",D. Conn.,2021,9630165,https://www.courtlistener.com/api/rest/v4/clusters/9630165/,RA; claims; csv,,
9630594_2021_Center For Leadership And Justice v. United States Department of Housing and Urban Development_ctd,,,,9630594,https://www.courtlistener.com/api/rest/v4/clusters/9630594/,RA; claims,,
9630644_2021_Davis v. Money Source Inc._ctd,"Paulette Davis v. The Money Source Inc., ServiceLink Field Services, LLC, and MMC Contracting Services Inc.",D. Conn.,2021,9630644,https://www.courtlistener.com/api/rest/v4/clusters/9630644/,RA; 3604; claims; csv,,
9630716_2021_McArthur v. Summit Security_ctd,McArthur v. Summit Security,D. Conn.,2021,9630716,https://www.courtlistener.com/api/rest/v4/clusters/9630716/,RA; claims; csv,on file with author,02cc4eb64bfc13fc1bcc4839947caf54ae695ff20bb271cbdfaf2f25c506f094
9631091_2022_McArthur v. EBM Vintage and Civvies_ctd,,,,9631091,https://www.courtlistener.com/api/rest/v4/clusters/9631091/,RA; claims; csv,,
9631215_2022_Glover v. HPC - Eight_ctd,"Lisa Glover v. HPC-Eight, LLC",D. Conn.,2022,9631215,https://www.courtlistener.com/api/rest/v4/clusters/9631215/,RA; 3604; claims; csv,on file with author,728d3d23436384f85a395124f606636e45ce83d345e7e08afce49a26528faa7c
9631406_2022_McArthur v. Protective Services_ctd,,,,9631406,https://www.courtlistener.com/api/rest/v4/clusters/9631406/,RA; claims; csv,,
9631438_2022_McArthur v. Nino's Market_ctd,Alexander McArthur v. Nino's Market,D. Conn.,2022,9631438,https://www.courtlistener.com/api/rest/v4/clusters/9631438/,RA; claims; csv; phase1_patch,on file with author,0da2ce55266239f32f1c06c3170b7fc9f76b1b837ebf8770303cea2b9ef2440c
"9631447_2022_Karlen v. Wells Fargo Bank, N.A._ctd","Karlen v. Wells Fargo Bank, N.A.",N.D. Cal.,2022,9631447,https://www.courtlistener.com/api/rest/v4/clusters/9631447/,RA; claims; csv,,
9631452_2022_McArthur v. Nur Market_ctd,Alexander McArthur v. Nur Market,D. Conn.,2022,9631452,https://www.courtlistener.com/api/rest/v4/clusters/9631452/,RA; claims; csv; phase2_extraction,,
9631485_2022_McArthur v. Summit Security_ctd,McArthur v. Summit Security,D. Conn.,2022,9631485,https://www.courtlistener.com/api/rest/v4/clusters/9631485/,RA; claims; csv; phase1_patch,on file with author,0b2843e88a0ac62698fb0cdab0d63ee1501ac431c717f98599546407f2cb6658
9631621_2022_Morales v. U.S. Department of H.U.D._ctd,Morales v. U.S. Department of Housing and Urban Development,D. Conn.,2022,9631621,https://www.courtlistener.com/api/rest/v4/clusters/9631621/,RA; 3604; claims; csv,,
9631674_2022_McArthur v. C-Town Super Market_ctd,,,,9631674,https://www.courtlistener.com/api/rest/v4/clusters/9631674/,RA; claims; csv,,
9631964_2023_Poteat v. Hartford Housing_ctd,Poteat v. Hartford Housing et al.,D. Conn.,2023,9631964,https://www.courtlistener.com/api/rest/v4/clusters/9631964/,RA; 3604; claims; csv,on file with author,bb1192951549a66885ba7bb4b1c13b48c9c2f2a38cc8ca234db94a199ad9e8e2
"9632006_2023_Kalashnikov v. Myfield Lane Homeowners' Association, Inc._ctd","Kalashnikov v. Myfield Lane Homeowners' Association, Inc.",D. Conn.,2023,9632006,https://www.courtlistener.com/api/rest/v4/clusters/9632006/,RA; 3604; claims; csv,,
9632246_2023_McArthur v. Pan Del Cielo 2_ctd,McArthur v. Pan Del Cielo 2,D. Conn.,2023,9632246,https://www.courtlistener.com/api/rest/v4/clusters/9632246/,RA; claims; csv; phase1_patch,on file with author,def17220d585b4c939529486f8f56372afae0fd334a7d37b05991c9b109c68b4
"9632548_2023_Connecticut Fair Housing Ctr v. CoreLogic Rental Property Solutions, LLC_ctd","Connecticut Fair Housing Ctr v. CoreLogic Rental Property Solutions, LLC",D. Conn.,2023,9632548,https://www.courtlistener.com/api/rest/v4/clusters/9632548/,RA; 3604; claims; csv,,
9632636_2023_Gorawara v. Caprio_ctd,Rahul Gorawara v. John Caprio,D. Conn.,2023,9632636,https://www.courtlistener.com/api/rest/v4/clusters/9632636/,RA; claims; csv,,
"9632673_2023_Clark v. Santander Bank, N.A._ctd",Gordon Clark v. Santander Bank N.A.,D. Conn.,2023,9632673,https://www.courtlistener.com/api/rest/v4/clusters/9632673/,RA; claims; csv,on file with author,e8b06e142ea8ba9b3b042b4b73d336d79585b5a77b841c3f0e2529883ecf0e3b
9632861_2024_McArthur v. Property Management_ctd,"Alexander McArthur v. Property Management, et al.",D. Conn.,2024,9632861,https://www.courtlistener.com/api/rest/v4/clusters/9632861/,RA; claims; csv,on file with author,69b5f6b171fccefaabe44871522d6eadd4336752c702c00f04c1c518c7bff584
"9633066_2024_Karlen v. Wells Fargo Bank, N.A._ctd","Carla Karlen et al. v. Wells Fargo Bank, N.A.",D. Conn.,2024,9633066,https://www.courtlistener.com/api/rest/v4/clusters/9633066/,RA; claims; csv,on file with author,fe4df169a4f7e1047420b3731f9561b833977011ec3f7cf5d3cb66225df85e16
9633142_2024_Hernandez v. Enfield Board of Education_ctd,,,,9633142,https://www.courtlistener.com/api/rest/v4/clusters/9633142/,RA; claims; csv,,
9634239_2020_SAMUEL v. NEW CASTLE HOUSING AUTHORITY (NCCHA)_ded,"Earlando Samuel v. Robert Rizzo, et al.",D. Del.,2020,9634239,https://www.courtlistener.com/api/rest/v4/clusters/9634239/,3604; claims; csv,,
9635704_2022_Webb v. State of Delaware_ded,"David Q. Webb v. State of Delaware, et al.",D. Del.,2022,9635704,https://www.courtlistener.com/api/rest/v4/clusters/9635704/,RA; 3604; claims; csv,on file with author,96650c4c4690958cec51aba69fcf58543acbdeaf3403bf4761c165fcf56e46c5
9635966_2023_SAMUEL v. NEW CASTLE HOUSING AUTHORITY (NCCHA)_ded,"Earlando Samuel v. Robert Rizzo, et al.",D. Del.,2023,9635966,https://www.courtlistener.com/api/rest/v4/clusters/9635966/,RA; claims; csv; phase1_patch,on file with author,d7ed704a5f7af1dfed3e5d882759f04fa5a85bac8ebd3499d323582e13ddc412
9636368_2023_Lewis v. Greenville on 141 Apartments and Townhomes - Westover Companies_ded,Racquel Lewis v. Greenville on 141 Apartments and Townhomes — Westover Companies,D. Del.,2023,9636368,https://www.courtlistener.com/api/rest/v4/clusters/9636368/,RA; claims; csv; phase1_patch,on file with author,9e2b6a8809f0b8c6d29c63b213f3982d4db27e72f70ec63b2ffca46fee8ed9fe
9637000_2019_Root v. Salazar_flmd,Kirk Ernest Root v. Nilo Salazar,M.D. Fla.,2019,9637000,https://www.courtlistener.com/api/rest/v4/clusters/9637000/,3604; claims; csv,,
"9637071_2019_Clay v. IH4 Property Florida, L.P._flmd","Clay v. IH4 Property Florida, L.P.",M.D. Fla.,2019,9637071,https://www.courtlistener.com/api/rest/v4/clusters/9637071/,3604; claims; csv,,
"9637225_2019_United States v. Advocate Law Groups of Florida, P.A._flmd","United States v. Advocate Law Groups of Florida, P.A.",M.D. Fla.,2019,9637225,https://www.courtlistener.com/api/rest/v4/clusters/9637225/,3604; claims; csv,,
"9639620_2020_Cobb v. Citrus Falls at Westchase Apartments, LLC_flmd","Tyrone Cobb v. Citrus Falls at Westchase Apartments, LLC",M.D. Fla.,2020,9639620,https://www.courtlistener.com/api/rest/v4/clusters/9639620/,3604; claims; csv,on file with author,8c6345387f8109985f27b3fc9f3e44a840ab95259025abe7084e148d29e2a562
"9639806_2020_United States v. Advocate Law Groups of Florida, P.A._flmd","United States v. Advocate Law Groups of Florida, P.A.",M.D. Fla.,2020,9639806,https://www.courtlistener.com/api/rest/v4/clusters/9639806/,3604; claims; csv,,
"9640338_2021_Clay v. IH4 Property Florida, L.P._flmd","Clay v. IH4 Property Florida, L.P.",M.D. Fla.,2021,9640338,https://www.courtlistener.com/api/rest/v4/clusters/9640338/,RA; claims; csv; phase1_patch,,
9641307_2021_Boudreau v. Nocco_flmd,,,,9641307,https://www.courtlistener.com/api/rest/v4/clusters/9641307/,RA; claims,,
9641354_2021_Jain v. The Towers of Channelside Condominium Association_flmd,Jain v. The Towers of Channelside Condominium Association,M.D. Fla.,2021,9641354,https://www.courtlistener.com/api/rest/v4/clusters/9641354/,RA; claims; csv,,
9641974_2021_Williams v. Tampa Bay Extended Stay Hotel_flmd,Brittany Williams v. Tampa Bay Extended Stay Hotel,M.D. Fla.,2021,9641974,https://www.courtlistener.com/api/rest/v4/clusters/9641974/,RA; claims; csv,,
9642077_2021_Williams v. Tampa Bay Extended Stay Hotel_flmd,Brittany Williams v. Tampa Bay Extended Stay Hotel,M.D. Fla.,2021,9642077,https://www.courtlistener.com/api/rest/v4/clusters/9642077/,RA; claims; csv; phase1_patch,,
9642273_2021_Williams v. Largo_flmd,Williams v. Aluna Largo,M.D. Fla.,2021,9642273,https://www.courtlistener.com/api/rest/v4/clusters/9642273/,RA; claims; csv; phase1_patch,,
"9642893_2022_Suntree Master Homeowners Association, Inc. v. Frison_flmd",,,,9642893,https://www.courtlistener.com/api/rest/v4/clusters/9642893/,RA; claims; csv,,
9643458_2022_Boudreau v. Nocco_flmd,,,,9643458,https://www.courtlistener.com/api/rest/v4/clusters/9643458/,RA; claims; csv,,
"9643667_2022_Weekley Homes, LLC v. Board of County Commissioners_flmd",,,,9643667,https://www.courtlistener.com/api/rest/v4/clusters/9643667/,RA; claims; csv,,
9644096_2022_Real v. Moran_flmd,"Mamberto Real v. Judith Moran, Frank Diaz Gines, and Presbyterian Homes & Housing Foundation of Florida, Inc.",M.D. Fla.,2022,9644096,https://www.courtlistener.com/api/rest/v4/clusters/9644096/,RA; 3604; claims; csv,,
9644128_2022_Rood v. Town of Ft. Myers Beach_flmd,,,,9644128,https://www.courtlistener.com/api/rest/v4/clusters/9644128/,3604; claims,,
9644670_2022_Douse v. Traeger_flmd,"James Nathaniel Douse v. Sabrina Traeger, et al.",M.D. Fla.,2022,9644670,https://www.courtlistener.com/api/rest/v4/clusters/9644670/,RA; 3604; claims; csv; phase2_extraction,,
9645042_2022_Lane v. Security National Mortgage Company_flmd,"Marvin Lane and Shanita Lane v. Security National Mortgage Company, Tamara Perrin and Lisa Casanova",M.D. Fla.,2022,9645042,https://www.courtlistener.com/api/rest/v4/clusters/9645042/,RA; claims; csv,on file with author,54318acd20bf2eb9ab4944ac203a96f1b9d1ba4fc63c628e3eb37dc3eb6abb33
9645190_2023_Parisi v. Sabal Springs Homeowners Association Inc._flmd,Parisi v. Sabal Springs Homeowners Association Inc.,M.D. Fla.,2023,9645190,https://www.courtlistener.com/api/rest/v4/clusters/9645190/,RA; 3604; claims; csv,,
9645767_2023_Parisi v. Sabal Springs Homeowners Association Inc._flmd,Parisi v. Sabal Springs Homeowners Association Inc.,M.D. Fla.,2023,9645767,https://www.courtlistener.com/api/rest/v4/clusters/9645767/,RA; claims; csv,,
9646048_2023_Wallace v. Carefree Shadowwood LLC_flmd,David Wallace v. Carefree Shadowwood LLC,M.D. Fla.,2023,9646048,https://www.courtlistener.com/api/rest/v4/clusters/9646048/,RA; 3604; claims; csv,,
"9646460_2023_Williams v. Professional Marketing Management, Inc._flmd","Brittany Williams v. Professional Marketing Management, Inc.",M.D. Fla.,2023,9646460,https://www.courtlistener.com/api/rest/v4/clusters/9646460/,RA; claims; csv,on file with author,cda434e68227ee08a71d1f1357ff45a04b504ba3ac2d1cb7a3e4676d526d65e8
9646548_2023_Parisi v. Sabal Springs Homeowners Association Inc._flmd,Parisi v. Sabal Springs Homeowners Association Inc.,M.D. Fla.,2023,9646548,https://www.courtlistener.com/api/rest/v4/clusters/9646548/,RA; claims; csv,,
"9646692_2023_E-Ventures Worldwide, LLC v. Toll Bros., Inc._flmd","E-Ventures Worldwide, LLC v. Toll Bros., Inc.",M.D. Fla.,2023,9646692,https://www.courtlistener.com/api/rest/v4/clusters/9646692/,RA; claims; csv; phase1_patch,,
"9646737_2023_E-Ventures Worldwide, LLC v. Toll Bros., Inc._flmd","Jeev Trika and E-Ventures Worldwide, LLC v. Toll Bros., Inc.",M.D. Fla.,2023,9646737,https://www.courtlistener.com/api/rest/v4/clusters/9646737/,RA; claims; csv,,
9646803_2023_Toston v. D_M Assets 1 LLC_flmd,City of Tampa ex rel. Bradley Toston v. D&M Assets 1 LLC,M.D. Fla.,2023,9646803,https://www.courtlistener.com/api/rest/v4/clusters/9646803/,RA; claims; csv,,
9647011_2023_Parisi v. Sabal Springs Homeowners Association Inc._flmd,Joseph Parisi and Terry Clark v. Sabal Springs Homeowners Association Inc.,M.D. Fla.,2023,9647011,https://www.courtlistener.com/api/rest/v4/clusters/9647011/,RA; claims; csv; phase1_patch,,
"9647881_2023_Jones v. Tudor Cay Condominium Association, Inc._flmd","Jones v. Tudor Cay Condominium Association, Inc.",M.D. Fla.,2023,9647881,https://www.courtlistener.com/api/rest/v4/clusters/9647881/,RA; claims; csv,on file with author,a5c2d12a28f4eccb433e7ec50bb817179199b798643fe0088ae6cd13d61b6cf8
9648267_2024_Frishberg v. University of South Florida Board of Trustees_flmd,Frishberg v. University of South Florida Board of Trustees,M.D. Fla.,2024,9648267,https://www.courtlistener.com/api/rest/v4/clusters/9648267/,RA; claims; csv,,
9649187_2024_Frishberg v. University of South Florida Board of Trustees_flmd,Daniel A. Frishberg v. University of South Florida Board of Trustees,M.D. Fla.,2024,9649187,https://www.courtlistener.com/api/rest/v4/clusters/9649187/,RA; claims; csv,on file with author,7a3555ae32dedc863881c503a570eca1f4c9a911786b93bb4cad82c2fe54ffee
"9649579_2024_Warner v. School Board of Hillsborough County, Florida_flmd","Warner v. School Board of Hillsborough County, Florida",M.D. Fla.,2024,9649579,https://www.courtlistener.com/api/rest/v4/clusters/9649579/,RA; claims; csv,on file with author,c4b56bf36085f275c4fe98cf047dadfdb0580d55097d5a0b17b557b532ffb165
9649596_2024_Montanez v. Gagosian_flmd,,,,9649596,https://www.courtlistener.com/api/rest/v4/clusters/9649596/,RA; 3604; claims; csv,,
"9651094_2020_Friedel v. Sun Communities, Inc._flsd","George Friedel & Kathleen Friedel v. Sun Communities, Inc. & Park Place Community, LLC",S.D. Fla.,2020,9651094,https://www.courtlistener.com/api/rest/v4/clusters/9651094/,3604; claims; csv,on file with author,96e2291cb40d1deb7c7cc6cde279abb3cd109e7027375d06ada4d7c172dab487
"9652001_2021_Engle v. Royal Bahamain Association, Inc._flsd","Deborah Engle v. Royal Bahamian Association, Inc.",S.D. Fla.,2021,9652001,https://www.courtlistener.com/api/rest/v4/clusters/9652001/,RA; claims; csv,,
"9652152_2021_Quality of Life, Corp. v. The City of Margate_flsd","Quality of Life, Corp. and MMJ Financial Services, Inc. v. The City of Margate",S.D. Fla.,2021,9652152,https://www.courtlistener.com/api/rest/v4/clusters/9652152/,RA; claims; csv; phase1_patch,,
"9652704_2021_Hilliard, Sr. v. Gutierrez_flsd","Elgin Hilliard, Sr. v. Rene Gutierrez",S.D. Fla.,2021,9652704,https://www.courtlistener.com/api/rest/v4/clusters/9652704/,RA; claims; csv; phase1_patch,on file with author,54e1339ee3abde704854a4da0b4ae190b1dd2dbcc3c47c98294a90ec6d94c35a
9653018_2021_LaGrasso v. Seven Bridges Homeowners Association Inc_flsd,"LaGrasso v. Seven Bridges Homeowners Association, Inc.",S.D. Fla.,2021,9653018,https://www.courtlistener.com/api/rest/v4/clusters/9653018/,RA; claims; csv,,
9653133_2021_Van Cleve v. Ross_flsd,,,,9653133,https://www.courtlistener.com/api/rest/v4/clusters/9653133/,RA; claims,,
9653947_2022_FOX v. GAINES_flsd,Rita Fox v. Dana James Gaines et al.,S.D. Fla.,2022,9653947,https://www.courtlistener.com/api/rest/v4/clusters/9653947/,RA; 3604; claims; csv,,
"9654135_2022_Gundogdu v. WDF-4 Wood Harbor Park Owner, LLC_flsd","Rengin Gundogdu v. WDF-4 Wood Harbor Park Owner, LLC",S.D. Fla.,2022,9654135,https://www.courtlistener.com/api/rest/v4/clusters/9654135/,RA; claims; csv,on file with author,06a976a87174928c6a933fbcdedc0aa3b6da2c4a7093e84f13f2b4dc8d6c6dee
"9655389_2023_PMG-Greybrook Riverfront I, LLC v. D'Amato_flsd",,,,9655389,https://www.courtlistener.com/api/rest/v4/clusters/9655389/,RA; claims; csv,,
"9655500_2023_Philippeaux v. Miami Apartments Investors, LLC_flsd","Eddy J. Philippeaux v. Miami Apartments Investors, LLC",S.D. Fla.,2023,9655500,https://www.courtlistener.com/api/rest/v4/clusters/9655500/,RA; claims; csv,on file with author,32500671783afdefb6ce16dd995c23d5a965a4a062853e2607beb3b4c064a158
"9655796_2023_Philippeaux v. Miami Apartments Investors, LLC_flsd","Eddy J. Philippeaux v. Miami Apartments Investors, LLC",S.D. Fla.,2023,9655796,https://www.courtlistener.com/api/rest/v4/clusters/9655796/,RA; claims; csv,,
9656058_2023_Webb v. Miami-Dade County Government_flsd,"David Webb v. Miami-Dade County Government, et al.",S.D. Fla.,2023,9656058,https://www.courtlistener.com/api/rest/v4/clusters/9656058/,RA; claims; csv,on file with author,ba80b77116f693162523296be20bbd234a0e8316f692cc3d3294f0394cf058a8
"9656319_2024_Truesdale v. Venice Arms, Inc._flsd","Chalissa Olivera Truesdale v. Venice Arms, Inc.",S.D. Fla.,2024,9656319,https://www.courtlistener.com/api/rest/v4/clusters/9656319/,RA; 3604; claims; csv,,
"9656525_2024_Portnoy v. MEI Condominium Association, Inc._flsd","Eli Portnoy v. MEI Condominium Association, Inc., et al.",S.D. Fla.,2024,9656525,https://www.courtlistener.com/api/rest/v4/clusters/9656525/,RA; 3604; claims; csv,,
"9656655_2024_Philippeaux v. Miami Apartments Investors, LLC_flsd","Eddy J. Philippeaux v. Miami Apartments Investors, LLC",S.D. Fla.,2024,9656655,https://www.courtlistener.com/api/rest/v4/clusters/9656655/,RA; claims; csv,,
"9656744_2024_Gorman v. Breeze Condominium Association, Inc_flsd","Hannah Gorman v. Breeze Condominium Association, Inc.",S.D. Fla.,2024,9656744,https://www.courtlistener.com/api/rest/v4/clusters/9656744/,RA; 3604; claims; csv,,
9657400_2021_WODA COOPER DEVELOPMENT INC v. CITY OF WARNER ROBINS GEORGIA_gamd,"Woda Cooper Development, Inc. et al. v. City of Warner Robins et al.",M.D. Ga.,2021,9657400,https://www.courtlistener.com/api/rest/v4/clusters/9657400/,RA; claims; csv,,
9658061_2022_JONES v. FEATHERSTONE HOMEOWNERS ASSOCIATION INC_gamd,Quincy Bernard Jones v. Featherstone Homeowners Association,M.D. Ga.,2022,9658061,https://www.courtlistener.com/api/rest/v4/clusters/9658061/,RA; claims; csv,,
9658375_2022_WHITBY v. MACON BIBB COUNTY GEORGIA_gamd,"Adonis Berle Whitby v. Macon-Bibb County, Georgia; Mayor Lester Miller; The Board of Commissioners; Henry C. Ficklin; Doctor Keith Moffett; Director Charles Brooks; and Director Tim Wilder",M.D. Ga.,2022,9658375,https://www.courtlistener.com/api/rest/v4/clusters/9658375/,RA; claims; csv,on file with author,64aaa36532348895f75d5517ce0350963855e94af8e8f47f41350cf978dfa1c2
9658387_2022_JONES v. FEATHERSTONE HOMEOWNERS ASSOCIATION INC_gamd,Quincy Bernard Jones v. Featherstone Homeowners Association,M.D. Ga.,2022,9658387,https://www.courtlistener.com/api/rest/v4/clusters/9658387/,RA; claims; csv,,
9658799_2023_JONES v. FEATHERSTONE HOMEOWNERS ASSOCIATION INC_gamd,Quincy Bernard Jones v. Featherstone Homeowners Association,M.D. Ga.,2023,9658799,https://www.courtlistener.com/api/rest/v4/clusters/9658799/,RA; 3604; claims; csv,,
9658922_2023_WODA COOPER DEVELOPMENT INC v. CITY OF WARNER ROBINS GEORGIA_gamd,"Woda Cooper Development, Inc. v. City of Warner Robins",M.D. Ga.,2023,9658922,https://www.courtlistener.com/api/rest/v4/clusters/9658922/,RA; 3604; claims; csv,,
9659108_2023_AMERICAN SOUTHERN HOMES HOLDINGS LLC v. ERICKSON_gamd,,,,9659108,https://www.courtlistener.com/api/rest/v4/clusters/9659108/,RA; claims; csv,,
9659627_2024_MILLER v. GEORGIA DEPARTMENT OF COMMUNITY SUPERVISION_gamd,"Tracy A. Miller v. Georgia Department of Community Supervision, et al.",M.D. Ga.,2024,9659627,https://www.courtlistener.com/api/rest/v4/clusters/9659627/,RA; 3604; claims; csv,on file with author,75e541add477086e720abfabd272977d1ed5532f619d4a2aa5cd554bece00c15
"9660009_2021_Paraison v. Nationstar Mortgage, LLC_gand","Jean Paraison v. Nationstar Mortgage, LLC",N.D. Ga.,2021,9660009,https://www.courtlistener.com/api/rest/v4/clusters/9660009/,RA; claims; csv,on file with author,1b6aa8511a0d84505d1692892fc90666715a7c516b52d1918a8b28f8de38931c
"9660196_2022_Fulton County, Georgia v. Wells Fargo _ Co._gand","Fulton County, Georgia v. Wells Fargo & Co.",N.D. Ga.,2022,9660196,https://www.courtlistener.com/api/rest/v4/clusters/9660196/,RA; 3604; claims; csv,,
9660472_2023_Becoat v. PNC Bank NA_gand,"Charles Becoat II v. PNC Bank, National Association",N.D. Ga.,2023,9660472,https://www.courtlistener.com/api/rest/v4/clusters/9660472/,RA; claims; csv; phase1_patch,on file with author,76f63ae9b48ba07861c1def89a1eacda2b1e9ba1188364b0869cce036a31ed54
9660473_2023_Price v. Howard_gand,Price v. Howard,N.D. Ga.,2023,9660473,https://www.courtlistener.com/api/rest/v4/clusters/9660473/,RA; 3604; claims; csv,on file with author,addf61f8f1537c34be78f6f40d380ba9b71497feb11f6c385c7fb38c73f47dac
9660597_2023_Price v. Howard_gand,Katia Price v. Michael Howard,N.D. Ga.,2023,9660597,https://www.courtlistener.com/api/rest/v4/clusters/9660597/,RA; 3604; claims; csv,,
"9664004_2019_Lau v. Honolulu Park Place, AOAO_hid","Lau v. Honolulu Park Place, AOAO",D. Haw.,2019,9664004,https://www.courtlistener.com/api/rest/v4/clusters/9664004/,3604; claims; csv,,
"9664165_2019_Lau v. Honolulu Park Place, AOAO_hid","Garrick Lau, et al. v. Honolulu Park Place, et al.",D. Haw.,2019,9664165,https://www.courtlistener.com/api/rest/v4/clusters/9664165/,3604; claims; csv,,
"9664602_2020_Scutt v. Family Life Center, Inc._hid","Jason Scutt v. Maui Family Life Center, Inc.",D. Haw.,2020,9664602,https://www.courtlistener.com/api/rest/v4/clusters/9664602/,3604; claims; csv,on file with author,28236950f3e7d1741c2bc1d7b4874aae591a6cb8598ddbeb1524b7dc2a016ec3
9664705_2020_Scutt v. Dorris_hid,"Jason Scutt v. Kelli Dorris, Xiayin (Gaoquiang) Lin, and Charlene Chen",D. Haw.,2020,9664705,https://www.courtlistener.com/api/rest/v4/clusters/9664705/,3604; claims; csv,on file with author,0a7192b4e0e3ccb32c00d938d52c4adef01264cf07da71ac8e0e7bbecad6b870
9664706_2021_Scutt v. Dorris_hid,"Jason Scutt v. Kelli Dorris, Xiayin (Gaoquiang) Lin, and Charlene Chen",D. Haw.,2021,9664706,https://www.courtlistener.com/api/rest/v4/clusters/9664706/,RA; 3604; claims; csv,,
"9664861_2021_Scutt v. Family Life Center, Inc._hid","Jason Scutt v. Family Life Center, Inc.",D. Haw.,2021,9664861,https://www.courtlistener.com/api/rest/v4/clusters/9664861/,RA; 3604; claims; csv,,
9664924_2021_Scutt v. Norton_hid,"Jason Scutt v. Martin Norton, Carrie Johnson aka Norton",D. Haw.,2021,9664924,https://www.courtlistener.com/api/rest/v4/clusters/9664924/,RA; 3604; claims; csv,,
9665092_2021_Scutt v. Norton_hid,Jason Scutt v. Martin Norton,D. Haw.,2021,9665092,https://www.courtlistener.com/api/rest/v4/clusters/9665092/,RA; 3604; claims; csv,,
"9665527_2023_United States v. Albert C. Kobayashi, Inc._hid","United States of America v. Albert C. Kobayashi, Inc.",D. Haw.,2023,9665527,https://www.courtlistener.com/api/rest/v4/clusters/9665527/,RA; 3604; claims; csv,,
"9665545_2023_Aiwohi v. Bank of America, N.A._hid","Nathan Earl Aiwohi, et al. v. Bank of America, N.A., et al.",D. Haw.,2023,9665545,https://www.courtlistener.com/api/rest/v4/clusters/9665545/,RA; 3604; claims; csv,,
9665723_2023_Lazarus v. Ouansafi_hid,Lazarus v. Ouansafi,D. Haw.,2023,9665723,https://www.courtlistener.com/api/rest/v4/clusters/9665723/,RA; 3604; claims; csv,,
9665759_2023_London v. Heh_hid,,,,9665759,https://www.courtlistener.com/api/rest/v4/clusters/9665759/,RA; claims; csv,,
9665761_2023_Lazarus v. Ouansafi_hid,Tangee Renee Lazarus v. Stephanie Fo and Ioane Ah Sam,D. Haw.,2023,9665761,https://www.courtlistener.com/api/rest/v4/clusters/9665761/,RA; claims; csv,,
9665863_2024_London v. Heh_hid,"Ali London v. Michael Heh, et al.",D. Haw.,2024,9665863,https://www.courtlistener.com/api/rest/v4/clusters/9665863/,RA; claims; csv; phase1_patch,on file with author,7db55738fc431dedd1034b439315770880f4cd3ce89063a81695e29dc725ddff
"9666500_2019_LaRosa v. River Quarry Apartments, LLC_idd","Robert LaRosa, Iva LaRosa, and Intermountain Fair Housing Council, Inc. v. River Quarry Apartments, LLC",D. Idaho,2019,9666500,https://www.courtlistener.com/api/rest/v4/clusters/9666500/,3604; claims; csv,on file with author,1120a1e17a0059b06750678c95ebb441746ac481df259d96c200cab41776638d
9666773_2020_Guion v. Bonner Homeless Transitions_idd,Josephine Guion v. Bonner Homeless Transitions Board of Directors,D. Idaho,2020,9666773,https://www.courtlistener.com/api/rest/v4/clusters/9666773/,3604; claims; csv,,
9667023_2020_Stone v. Mehra-Pedersen_idd,Hoffman v. Pedersen,D. Idaho,2020,9667023,https://www.courtlistener.com/api/rest/v4/clusters/9667023/,3604; claims; csv; phase1_patch,,
9667151_2021_Guion v. Bonner Homeless Transitions_idd,Josephine Guion v. Bonner Homeless Transitions Board of Directors,D. Idaho,2021,9667151,https://www.courtlistener.com/api/rest/v4/clusters/9667151/,RA; 3604; claims; csv; phase1_patch,,
9668023_2022_Krahn v. Cranney_idd,Krahn v. Cranney,D. Idaho,2022,9668023,https://www.courtlistener.com/api/rest/v4/clusters/9668023/,RA; claims; csv; phase1_patch,,
9668057_2023_Gerdon v. French_idd,James Alan Gerdon v. Reynold French,D. Idaho,2023,9668057,https://www.courtlistener.com/api/rest/v4/clusters/9668057/,RA; 3604; claims; csv; phase1_patch,,
"9668117_2023_Intermountain Fair Housing Council, Inc. v. Tomlinson _ Associates, Inc._idd","Intermountain Fair Housing Council, Inc. v. Tomlinson & Associates, Inc.",D. Idaho,2023,9668117,https://www.courtlistener.com/api/rest/v4/clusters/9668117/,RA; claims; csv,,
"9668168_2023_Intermountain Fair Housing Council, Inc. v. Tomlinson _ Associates, Inc._idd","Intermountain Fair Housing Council, Inc. v. Tomlinson & Associates, Inc.",D. Idaho,2023,9668168,https://www.courtlistener.com/api/rest/v4/clusters/9668168/,RA; 3604; claims; csv,,
9668617_2024_PayServices Bank v. Federal Reserve Bank of San Francisco_idd,,,,9668617,https://www.courtlistener.com/api/rest/v4/clusters/9668617/,RA; claims; csv,,
"9669141_2020_Valencia v. City of Springfield, Illinois_ilcd","Valencia v. City of Springfield, Illinois",C.D. Ill.,2020,9669141,https://www.courtlistener.com/api/rest/v4/clusters/9669141/,3604; claims; csv,,
"9669228_2020_Valencia v. City of Springfield, Illinois_ilcd","Valencia v. City of Springfield, Illinois",C.D. Ill.,2020,9669228,https://www.courtlistener.com/api/rest/v4/clusters/9669228/,3604; claims; csv,,
9669653_2021_Laufer v. Q Ill Development LLC_ilcd,,,,9669653,https://www.courtlistener.com/api/rest/v4/clusters/9669653/,RA; claims,,
9669707_2021_Laufer v. T _ C Inn LLC_ilcd,,,,9669707,https://www.courtlistener.com/api/rest/v4/clusters/9669707/,RA; claims,,
"9669841_2021_Laufer v. Lodging Enterprises of Springfield, LLC_ilcd",,,,9669841,https://www.courtlistener.com/api/rest/v4/clusters/9669841/,RA; claims,,
9670375_2023_Rasho v. Walker_ilcd,,,,9670375,https://www.courtlistener.com/api/rest/v4/clusters/9670375/,RA; claims; csv,,
9670630_2023_The County of Livingston v. PSA Dewberry Inc dba PSA Dewberry BCA nka Dewberry Architects Inc_ilcd,,,,9670630,https://www.courtlistener.com/api/rest/v4/clusters/9670630/,RA; claims; csv,,
9672975_2018_Akbar v. Interstate Realty Management Company_ilnd,,,,9672975,https://www.courtlistener.com/api/rest/v4/clusters/9672975/,3604; claims,,
9673112_2018_National Fair Housing Alliance v. Deutsche Bank National Trust_ilnd,National Fair Housing Alliance v. Deutsche Bank National Trust,N.D. Ill.,2018,9673112,https://www.courtlistener.com/api/rest/v4/clusters/9673112/,3604; claims; csv,,
9674516_2019_Finch v. Housing Authority of Cook County_ilnd,Finch v. Housing Authority of Cook County,N.D. Ill.,2019,9674516,https://www.courtlistener.com/api/rest/v4/clusters/9674516/,3604; claims; csv,,
"9674906_2019_Connectors Realty Group Corporation, The v. State Farm Fire _ Casualty Company_ilnd",The Connectors Realty Group Corporation v. State Farm Fire & Casualty Company,N.D. Ill.,2019,9674906,https://www.courtlistener.com/api/rest/v4/clusters/9674906/,3604; claims; csv,,
"9676479_2020_Hunter v. WPD Management, Inc._ilnd","Demetris Hunter v. WPD Management, LLC and 7130 S. Jeffrey, LLC",N.D. Ill.,2020,9676479,https://www.courtlistener.com/api/rest/v4/clusters/9676479/,3604; claims; csv,,
9677476_2021_New West v. Carson_ilnd,,,,9677476,https://www.courtlistener.com/api/rest/v4/clusters/9677476/,RA; claims,,
9677610_2021_Nawrocki v. Oak Brook Towers Condominium Association_ilnd,"Janet Nawrocki and H.O.P.E., INC. v. Oak Brook Towers Condominium Association",N.D. Ill.,2021,9677610,https://www.courtlistener.com/api/rest/v4/clusters/9677610/,RA; 3604; claims; csv,,
"9677629_2021_County of Cook, IL v. Wells Fargo _ Co._ilnd",County of Cook v. Wells Fargo & Co.,N.D. Ill.,2021,9677629,https://www.courtlistener.com/api/rest/v4/clusters/9677629/,RA; claims; csv,,
"9677757_2021_Trinity Sober Living, LLC v. Village of Hinsdale_ilnd","Trinity Sober Living, LLC v. Village of Hinsdale",N.D. Ill.,2021,9677757,https://www.courtlistener.com/api/rest/v4/clusters/9677757/,RA; 3604; claims; csv,,
9677762_2021_United States v. Village of Hinsdale_ilnd,"Trinity Sober Living, LLC v. Village of Hinsdale",N.D. Ill.,2021,9677762,https://www.courtlistener.com/api/rest/v4/clusters/9677762/,RA; claims; csv,,
"9677892_2021_Connectors Realty Group Corporation, The v. State Farm Fire _ Casualty Company_ilnd",The Connectors Realty Group Corporation and Darryl Williams v. State Farm Fire & Casualty Company,N.D. Ill.,2021,9677892,https://www.courtlistener.com/api/rest/v4/clusters/9677892/,RA; claims; csv,,
9677921_2021_City of Chicago v. Purdue Pharma L.P._ilnd,,,,9677921,https://www.courtlistener.com/api/rest/v4/clusters/9677921/,RA; claims,,
9678133_2021_Cabrini-Green Local v. CHA_ilnd,Cabrini-Green Local Advisory Council v. Chicago Housing Authority,N.D. Ill.,2021,9678133,https://www.courtlistener.com/api/rest/v4/clusters/9678133/,RA; 3604; claims; csv,,
9678323_2021_Illinois Conservative Union v. State of Illinois_ilnd,,,,9678323,https://www.courtlistener.com/api/rest/v4/clusters/9678323/,RA; claims,,
"9678361_2021_County of Cook, IL v. Wells Fargo _ Co._ilnd",County of Cook v. Wells Fargo & Co.,N.D. Ill.,2021,9678361,https://www.courtlistener.com/api/rest/v4/clusters/9678361/,RA; claims; csv; phase1_patch,,
"9678854_2021_Connectors Realty Group Corporation, The v. State Farm Fire _ Casualty Company_ilnd",The Connectors Realty Group Corporation and Darryl Williams v. State Farm Fire & Casualty Company,N.D. Ill.,2021,9678854,https://www.courtlistener.com/api/rest/v4/clusters/9678854/,RA; claims; csv,,
9679405_2022_Johnson v. Flannery_ilnd,Richard Johnson v. Barry Flannery,N.D. Ill.,2022,9679405,https://www.courtlistener.com/api/rest/v4/clusters/9679405/,RA; claims; csv,,
9679543_2022_Mladenov v. R1 RCM Inc._ilnd,,,,9679543,https://www.courtlistener.com/api/rest/v4/clusters/9679543/,RA; claims,,
"9679761_2022_Day v. TIKTOK, Inc._ilnd",,,,9679761,https://www.courtlistener.com/api/rest/v4/clusters/9679761/,RA; 3604; claims; csv,,
"9679865_2022_Cohan v. Lakhani Hospitality, Inc._ilnd",,,,9679865,https://www.courtlistener.com/api/rest/v4/clusters/9679865/,RA; claims; csv,,
9679973_2022_Akbar v. Interstate Realty Management Company_ilnd,Jamal A. Akbar v. Interstate Realty Management Company,N.D. Ill.,2022,9679973,https://www.courtlistener.com/api/rest/v4/clusters/9679973/,RA; claims; csv,,
9680054_2022_Jackson v. Chicago Housing Authority_ilnd,"Curtis K. Jackson, Sr. v. Chicago Housing Authority, et al.",N.D. Ill.,2022,9680054,https://www.courtlistener.com/api/rest/v4/clusters/9680054/,RA; claims; csv,on file with author,ae92fda60f03a0020d9a68260ecd2e1c59eca712440e1fdd04bc4c0c17c1d1b5
9680091_2022_Jackson v. Chicago Housing Authority_ilnd,"Curtis K. Jackson, Sr. v. Chicago Housing Authority, et al.",N.D. Ill.,2022,9680091,https://www.courtlistener.com/api/rest/v4/clusters/9680091/,RA; claims; csv,on file with author,dd6d9b1330209f9d8652bce940d2b00536ee3e3acee8d763188c11d38c728731
9680100_2022_Sullivan v. Gardiner_ilnd,,,,9680100,https://www.courtlistener.com/api/rest/v4/clusters/9680100/,RA; claims; csv,,
"9680290_2022_G (a minor) v. Salesforce.com, Inc._ilnd",,,,9680290,https://www.courtlistener.com/api/rest/v4/clusters/9680290/,RA; claims; csv,,
9680357_2022_Sullivan v. Liberty Mutual Insurance Company_ilnd,Sullivan v. Liberty Mutual Insurance Company,N.D. Ill.,2022,9680357,https://www.courtlistener.com/api/rest/v4/clusters/9680357/,RA; 3604; claims; csv,,
"9680452_2022_Satterfield v. HSBC Bank USA, N.A._ilnd","Nathaniel Satterfield, Jr. v. HSBC Bank USA, N.A., Wilmington Savings Fund Society FSB, Victor Vita, and Carrington Mortgage Services LLC",N.D. Ill.,2022,9680452,https://www.courtlistener.com/api/rest/v4/clusters/9680452/,RA; claims; csv; phase1_patch,on file with author,b3f9d91760b0bb5d0a978bf713c60dbf9045e690cb21f25b3aec54bb84e614e7
"9680646_2022_Williams Jr v. Heartland Realty Investors, Inc._ilnd","Andy Hope Williams, Jr., and Vonita Cruz v. Heartland Realty Investors, Inc., Heartland Willowbrook, LLC, d/b/a Willowbrook Apartment Homes, and Starr, Bejgiert, Zink, and Rowells",N.D. Ill.,2022,9680646,https://www.courtlistener.com/api/rest/v4/clusters/9680646/,RA; claims; csv; phase1_patch,,
"9680683_2022_Williams Jr v. Heartland Realty Investors, Inc._ilnd","Andy Hope Williams, Jr. v. Heartland Realty Investors, Inc.",N.D. Ill.,2022,9680683,https://www.courtlistener.com/api/rest/v4/clusters/9680683/,RA; 3604; claims; csv,,
9681331_2022_Doe v. The University of Chicago_ilnd,John Doe v. The University of Chicago,N.D. Ill.,2022,9681331,https://www.courtlistener.com/api/rest/v4/clusters/9681331/,p3ext_20260703_r2,,
9681431_2022_Talley v. The Housing Authority of Cook County_ilnd,"Charles Talley, Jr. and Christopher J. Bonds v. The Housing Authority of Cook County, et al.",N.D. Ill.,2022,9681431,https://www.courtlistener.com/api/rest/v4/clusters/9681431/,RA; 3604; claims; csv,on file with author,0eee8ac08013c7ce8536a995b2f5b13363fd4f8fc91acc6ebe9fedacfbbdad8b
"9681456_2022_County of Cook, IL v. Wells Fargo _ Co._ilnd","County of Cook, Illinois v. Wells Fargo & Co.",N.D. Ill.,2022,9681456,https://www.courtlistener.com/api/rest/v4/clusters/9681456/,RA; 3604; claims; csv,,
9681912_2023_Azroui v. Walega_ilnd,Azroui v. Walega,N.D. Ill.,2023,9681912,https://www.courtlistener.com/api/rest/v4/clusters/9681912/,RA; 3604; claims; csv,,
9681981_2023_Evans v. 210 East Pearson Condominium Association_ilnd,Emily Evans v. 210 East Pearson Condominium Association,N.D. Ill.,2023,9681981,https://www.courtlistener.com/api/rest/v4/clusters/9681981/,RA; 3604; claims; csv,,
9682384_2023_Quist v. Park Tower Condominium Association_ilnd,Amanda Quist v. Park Tower Condominium Association and The Habitat Company,N.D. Ill.,2023,9682384,https://www.courtlistener.com/api/rest/v4/clusters/9682384/,RA; claims; csv,,
9682401_2023_Williams v. Village Of Hazel Crest_ilnd,Williams v. Village of Hazel Crest,N.D. Ill.,2023,9682401,https://www.courtlistener.com/api/rest/v4/clusters/9682401/,RA; 3604; claims; csv,on file with author,aeb3f3991cdc55414c7647a927f87d9b40c4b735d9cce63c0e7e1a86612e3633
9682787_2023_Rossetti v. Saban_ilnd,"Belinda J. Rossetti and Ezra J. Rossetti v. Haim Saban, et al.",N.D. Ill.,2023,9682787,https://www.courtlistener.com/api/rest/v4/clusters/9682787/,RA; claims; csv,on file with author,a070f80d4a4c36724662a7112ed169c702039acd68920b79bdb730aec5a734d5
9682801_2023_Huskey v. State Farm Fire _ Casualty Company_ilnd,Huskey v. State Farm Fire & Casualty Company,N.D. Ill.,2023,9682801,https://www.courtlistener.com/api/rest/v4/clusters/9682801/,RA; 3604; claims; csv,,
"9682870_2023_County of Cook, IL v. Wells Fargo _ Co._ilnd",County of Cook v. Wells Fargo & Co.,N.D. Ill.,2023,9682870,https://www.courtlistener.com/api/rest/v4/clusters/9682870/,RA; claims; csv; phase1_patch,,
9682904_2023_Trimuel v. Chicago Housing Authority_ilnd,Vinzella Trimuel v. Chicago Housing Authority,N.D. Ill.,2023,9682904,https://www.courtlistener.com/api/rest/v4/clusters/9682904/,RA; 3604; claims; csv,,
9682918_2023_Bankhead v. Wintrust Financial Corporation_ilnd,Kathleen Bankhead v. Wintrust Financial Corporation,N.D. Ill.,2023,9682918,https://www.courtlistener.com/api/rest/v4/clusters/9682918/,RA; claims; csv,on file with author,c5573454d072b783649494d05e1f1471f3516162dfefa72ca60055ac8ed04c0c
9683084_2023_Chicago Housing Initiative v. The United States Department of Housing and Urban Development_ilnd,Chicago Housing Initiative v. United States Department of Housing and Urban Development,N.D. Ill.,2023,9683084,https://www.courtlistener.com/api/rest/v4/clusters/9683084/,RA; claims; csv; phase1_patch,on file with author,beb249059389353eb9e07c2d075d5d7a45d9b050675c65c859495a067155b3fd
"9683510_2024_Haymarket DuPage, LLC v. Village of Itasca_ilnd","Haymarket DuPage, LLC v. Village of Itasca",N.D. Ill.,2024,9683510,https://www.courtlistener.com/api/rest/v4/clusters/9683510/,RA; claims; csv; phase1_patch,on file with author,3f6e544133b0f18f874a9921f5465112067f4b02c96a3b9f353468f7d740dbb0
9683641_2024_Farhan v. 2715 NMA LLC_ilnd,Manal Farhan v. 2715 NMA LLC and M. Fishman & Company,N.D. Ill.,2024,9683641,https://www.courtlistener.com/api/rest/v4/clusters/9683641/,RA; 3604; claims; csv,,
9683766_2024_Bass v. Brannen_ilnd,Carl William Bass v. John Brannen and Network Property Management,N.D. Ill.,2024,9683766,https://www.courtlistener.com/api/rest/v4/clusters/9683766/,3604; claims; csv; dates_resolved,,
9683779_2024_Malcorvian v. County of Cook_ilnd,,,,9683779,https://www.courtlistener.com/api/rest/v4/clusters/9683779/,RA; claims; csv,,
9683849_2024_Bell v. Pappas_ilnd,Bell v. Pappas,N.D. Ill.,2024,9683849,https://www.courtlistener.com/api/rest/v4/clusters/9683849/,RA; 3604; claims; csv,,
"9684050_2024_Gray v. Walgreens Boots Alliance, Inc._ilnd",,,,9684050,https://www.courtlistener.com/api/rest/v4/clusters/9684050/,RA; claims; csv,,
"9684517_2019_Sunnybrook LP v. City of Alton, Illinois_ilsd","Sunnybrook LP v. City of Alton, Illinois",S.D. Ill.,2019,9684517,https://www.courtlistener.com/api/rest/v4/clusters/9684517/,3604; claims; csv,,
9686533_2021_Edwards v. Alexander County Housing Authority_ilsd,Edwards v. Alexander County Housing Authority,S.D. Ill.,2021,9686533,https://www.courtlistener.com/api/rest/v4/clusters/9686533/,RA; claims; csv,,
9686868_2021_Karnes v. Bank of Whittington_ilsd,"Karnes v. Bank of Whittington/Whittington Bancorp, Inc.",S.D. Ill.,2021,9686868,https://www.courtlistener.com/api/rest/v4/clusters/9686868/,RA; claims; csv; phase1_patch,on file with author,006e7b7612d3dafdf5c5bf1e8de54d45635c5b449269d6284ac3e3a45e4a134c
9688511_2022_Prejean v. Dischbein_ilsd,"Carolina Prejean v. Jen Dischbein, Kim Schaltenbrand, and Metro Landing Apartments",S.D. Ill.,2022,9688511,https://www.courtlistener.com/api/rest/v4/clusters/9688511/,RA; 3604; claims; csv,,
9691920_2019_Ledford v. Williams_innd,"Carl Lee Ledford v. Katrika Williams, et al.",N.D. Ind.,2019,9691920,https://www.courtlistener.com/api/rest/v4/clusters/9691920/,3604; claims; csv,,
9692316_2020_Mabry v. City of East Chicago_innd,Mabry v. City of East Chicago,N.D. Ind.,2020,9692316,https://www.courtlistener.com/api/rest/v4/clusters/9692316/,3604; claims; csv,,
9692517_2020_Black v. Friedrichsen_innd,"Sandra Black v. Naomi Friedrichsen, et al.",N.D. Ind.,2020,9692517,https://www.courtlistener.com/api/rest/v4/clusters/9692517/,3604; claims; csv,,
9693776_2021_Black v. Friedrichsen_innd,"Sandra Black v. Naomi Friedrichsen, et al.",N.D. Ind.,2021,9693776,https://www.courtlistener.com/api/rest/v4/clusters/9693776/,RA; 3604; claims; csv,,
9694019_2021_Mabry v. City of East Chicago_innd,"Kendra Mabry, et al. v. City of East Chicago, et al.",N.D. Ind.,2021,9694019,https://www.courtlistener.com/api/rest/v4/clusters/9694019/,RA; 3604; claims; csv,,
9694252_2021_Norman v. Northwest Indiana CA_innd,Norman v. Northwest Indiana CA Section 8,N.D. Ind.,2021,9694252,https://www.courtlistener.com/api/rest/v4/clusters/9694252/,RA; 3604; claims; csv; phase2_extraction,,
9694338_2021_McGrath v. Dunecrest Condominium Association_innd,McGrath v. Dunecrest Condominium Association,N.D. Ind.,2021,9694338,https://www.courtlistener.com/api/rest/v4/clusters/9694338/,RA; 3604; claims; csv,,
9694466_2021_Norman v. Northwest Indiana CA_innd,"LaSandra Norman v. Northwest Indiana CA Section 8, et al.",N.D. Ind.,2021,9694466,https://www.courtlistener.com/api/rest/v4/clusters/9694466/,RA; 3604; claims; csv,on file with author,5624ad6981f96451829178a4444799c862527be568d3436e1b11a387772c7382
9694655_2021_Kass-Hout v. Community Care Network Inc_innd,,,,9694655,https://www.courtlistener.com/api/rest/v4/clusters/9694655/,RA; claims,,
9694808_2021_Norman v. Northwest Indiana CA_innd,"LaSandra Norman v. Northwest Indiana CA Section 8, et al.",N.D. Ind.,2021,9694808,https://www.courtlistener.com/api/rest/v4/clusters/9694808/,RA; 3604; claims; csv,on file with author,2d35c1452a95e7cfded35110a7acd8aa1bade57b80050429d3e30d093509298d
9694963_2021_Norman v. Northwest Indiana CA_innd,"Lasandra Norman v. Northwest Indiana CA Section 8, et al.",N.D. Ind.,2021,9694963,https://www.courtlistener.com/api/rest/v4/clusters/9694963/,RA; claims; csv; phase1_patch; phase2_extraction,,
9695104_2021_Mabry v. City of East Chicago_innd,"Kendra Mabry, et al. v. City of East Chicago, et al.",N.D. Ind.,2021,9695104,https://www.courtlistener.com/api/rest/v4/clusters/9695104/,RA; 3604; claims; csv,,
9695162_2021_Graham v. City of Elkhart_innd,DeAnn Graham v. City of Elkhart,N.D. Ind.,2021,9695162,https://www.courtlistener.com/api/rest/v4/clusters/9695162/,RA; claims; csv,on file with author,92b91763a8b815195b26c5f46cc35ce468ee5578bb50ef55aa597fba9fc9f201
9695218_2021_Norman v. Northwest Indiana (Section 8)_innd,"LaSandra Norman v. Northwest Indiana (Section 8), State of Indiana, Internal Revenue Service, and United States of America",N.D. Ind.,2021,9695218,https://www.courtlistener.com/api/rest/v4/clusters/9695218/,RA; claims; csv,on file with author,251566f95067475816fb3780b124ebab59962791dbc81a53235bbc228cffe244
9695422_2022_Bingham v. Centier Bank_innd,,,,9695422,https://www.courtlistener.com/api/rest/v4/clusters/9695422/,RA; claims; csv,,
9695454_2022_Black v. Friedrichsen_innd,"Sandra Black v. Naomi Friedrichsen, et al.",N.D. Ind.,2022,9695454,https://www.courtlistener.com/api/rest/v4/clusters/9695454/,RA; claims; csv; phase1_patch,,
"9695710_2022_Pinnacle Treatment Centers, Inc. v. Crown Point, Indiana City of_innd","Pinnacle Treatment Centers, Inc. v. City of Crown Point, Indiana",N.D. Ind.,2022,9695710,https://www.courtlistener.com/api/rest/v4/clusters/9695710/,RA; 3604; claims; csv,,
9695934_2022_Johnson v. South Bend Housing Authority_innd,"Darleana Johnson v. Housing Authority of South Bend, et al.",N.D. Ind.,2022,9695934,https://www.courtlistener.com/api/rest/v4/clusters/9695934/,RA; claims; csv; phase1_patch,on file with author,4e97237352aefa48e3caeac4463c2bf2c66c358cea3355557dad227e3b80aca0
9695984_2022_Northern v. Pedcor Management Corp._innd,Shedrick Northern v. Pedcor Management Corp.,N.D. Ind.,2022,9695984,https://www.courtlistener.com/api/rest/v4/clusters/9695984/,RA; 3604; claims; csv; phase1_patch,on file with author,dc611051240e9862daa3d24776c82a948ac64cff8bbeec2607a11441dd2a4dce
9696090_2022_Northern v. Pedcor Management Corp._innd,"Shedrick Northern v. Pedcor Management Corp., et al.",N.D. Ind.,2022,9696090,https://www.courtlistener.com/api/rest/v4/clusters/9696090/,RA; claims; csv; phase1_patch,,
9696197_2022_Black v. Friedrichsen_innd,Black v. Friedrichsen,N.D. Ind.,2022,9696197,https://www.courtlistener.com/api/rest/v4/clusters/9696197/,RA; claims; csv,,
9696473_2022_Graham v. Herron Management Property_innd,Graham v. Herron Management Property,N.D. Ind.,2022,9696473,https://www.courtlistener.com/api/rest/v4/clusters/9696473/,RA; 3604; claims; csv,on file with author,f80ed0c60f6684871fa7e78c9b745fa9983bcf4f8eefac99e74ef845d6dde450
9697208_2023_McGrath v. Dunecrest Condominium Association_innd,McGrath v. Dunecrest Condominium Association,N.D. Ind.,2023,9697208,https://www.courtlistener.com/api/rest/v4/clusters/9697208/,RA; claims; csv,,
9697246_2023_Johnson v. Housing Authority of South Bend_innd,Johnson v. Housing Authority of South Bend,N.D. Ind.,2023,9697246,https://www.courtlistener.com/api/rest/v4/clusters/9697246/,RA; claims; csv,on file with author,59f3bebe5ce0498db287c4376e8be83d19f772a3a0cb7d9e2f9e28d17acc821a
9697450_2023_Black v. Friedrichsen_innd,"Sandra Black v. Naomi Friedrichsen, Erika Holiday (Liddick), Hunters Run Apartments and Owners, and Interstate Realty Management Co.",N.D. Ind.,2023,9697450,https://www.courtlistener.com/api/rest/v4/clusters/9697450/,RA; claims; csv,,
"9697471_2023_DeBoard v. Ventry Apartments, LLC_innd","David DeBoard v. Ventry Apartments, LLC, Domo Development Company, LLC, Sunstone Construction Company, LLC and The Ventry Apartments, LLC",N.D. Ind.,2023,9697471,https://www.courtlistener.com/api/rest/v4/clusters/9697471/,RA; 3604; claims; csv,on file with author,e8fb804a4c5b9b38280e7b985c644b3505728a43e944be18cd3f10c42b9f0008
9697864_2023_Black v. Friedrichsen_innd,"Sandra Black v. Naomi Friedrichsen, Erika Holiday (Liddick), Hunters Run Apartments and Owners, and Interstate Realty Management Co.",N.D. Ind.,2023,9697864,https://www.courtlistener.com/api/rest/v4/clusters/9697864/,RA; claims; csv,,
"9697891_2023_Smith v. Kittle Property Group, INC._innd","Smith v. Kittle Property Group, Inc.",N.D. Ind.,2023,9697891,https://www.courtlistener.com/api/rest/v4/clusters/9697891/,RA; claims; csv,,
9698376_2024_Mabry v. City of East Chicago_innd,Mabry v. City of East Chicago,N.D. Ind.,2024,9698376,https://www.courtlistener.com/api/rest/v4/clusters/9698376/,RA; claims; csv; phase1_patch; phase2_extraction,,
"9698624_2024_Pinnacle Treatment Centers, Inc. v. Crown Point, Indiana City of_innd","Pinnacle Treatment Centers, Inc. v. City of Crown Point, Indiana",N.D. Ind.,2024,9698624,https://www.courtlistener.com/api/rest/v4/clusters/9698624/,RA; 3604; claims; csv,,
9698770_2024_McGrath v. Dunecrest Condominium Association_innd,McGrath v. Dunecrest Condominium Association,N.D. Ind.,2024,9698770,https://www.courtlistener.com/api/rest/v4/clusters/9698770/,RA; 3604; claims; csv,,
"9698899_2019_NEW HORIZONS REHABILITATION, INC. v. STATE OF INDIANA_insd","New Horizons Rehabilitation, Inc. v. State of Indiana, Executive Director, Indiana Department of Homeland Security",S.D. Ind.,2019,9698899,https://www.courtlistener.com/api/rest/v4/clusters/9698899/,3604; claims; csv,,
9699210_2019_WATTERS v. HOMEOWNERS ASSOCIATION AT THE PRESERVE AT BRIDGEWATER_insd,Watters v. Homeowners Association at the Preserve at Bridgewater,S.D. Ind.,2019,9699210,https://www.courtlistener.com/api/rest/v4/clusters/9699210/,3604; claims; csv,,
"9699611_2020_FAIR HOUSING CENTER OF CENTRAL INDIANA, INC. v. RAINBOW REALTY GROUP, INC._insd","Fair Housing Center of Central Indiana, Inc. et al v. Rainbow Realty Group, Inc. et al",S.D. Ind.,2020,9699611,https://www.courtlistener.com/api/rest/v4/clusters/9699611/,3604; claims; csv,,
"9700858_2021_FAIR HOUSING CENTER OF CENTRAL INDIANA, INC. v. NEW_insd","Fair Housing Center of Central Indiana, Inc. v. New",S.D. Ind.,2021,9700858,https://www.courtlistener.com/api/rest/v4/clusters/9700858/,RA; 3604; claims; csv,,
"9701091_2021_CIRCLE CITY BROADCASTING I, LLC v. DISH NETWORK, LLC_insd",,,,9701091,https://www.courtlistener.com/api/rest/v4/clusters/9701091/,RA; claims,,
"9701099_2021_FAIR HOUSING CENTER OF CENTRAL INDIANA, INC. v. NEW_insd","Fair Housing Center of Central Indiana, Inc. v. New",S.D. Ind.,2021,9701099,https://www.courtlistener.com/api/rest/v4/clusters/9701099/,RA; claims; csv,,
"9701453_2021_BARBOSA VASQUEZ v. HUNTER BLOOMINGTON PROPERTIES, LLC_insd","Diego Felipe Barbosa Vasquez v. Hunter Bloomington Properties, LLC",S.D. Ind.,2021,9701453,https://www.courtlistener.com/api/rest/v4/clusters/9701453/,RA; claims; csv; phase1_patch,on file with author,50c7d0788feff739b0830d880d276632fd67941fc5b1c637ea1d056f304eace3
"9701518_2021_DEBOARD v. ELMWOOD ONE, LLC_insd","David DeBoard v. Elmwood One, LLC",S.D. Ind.,2021,9701518,https://www.courtlistener.com/api/rest/v4/clusters/9701518/,RA; 3604; claims; csv,,
"9702091_2021_FAIR HOUSING CENTER OF CENTRAL INDIANA, INC. v. NEW_insd","Fair Housing Center of Central Indiana, Inc. v. New",S.D. Ind.,2021,9702091,https://www.courtlistener.com/api/rest/v4/clusters/9702091/,RA; 3604; claims; csv,,
"9702623_2022_LYONS v. GENE B. GLICK COMPANY, INCORPORATED_insd","Christina G. Lyons v. Gene B. Glick Company, Inc.",S.D. Ind.,2022,9702623,https://www.courtlistener.com/api/rest/v4/clusters/9702623/,RA; claims; csv,,
9702630_2022_MANASSA v. NATIONAL COLLEGIATE ATHLETIC ASSOCIATION_insd,,,,9702630,https://www.courtlistener.com/api/rest/v4/clusters/9702630/,RA; claims; csv,,
9702917_2022_DUNNIVAN v. MITCHELL_insd,"Debra Dunnivan v. Camille Mitchell, Karen Mitchell, Kirkpatrick Management Co., Grandville Cooperative Board of Directors",S.D. Ind.,2022,9702917,https://www.courtlistener.com/api/rest/v4/clusters/9702917/,RA; 3604; claims; csv,,
"9703244_2023_DEBOARD v. BH URBAN STATION, LLC_insd","David DeBoard v. BH Urban Station, LLC, Birge & Held Management Corp., Grand Contracting, LLC",S.D. Ind.,2023,9703244,https://www.courtlistener.com/api/rest/v4/clusters/9703244/,RA; claims; csv; phase1_patch,,
"9703503_2023_DEBOARD v. UNION AT CRESCENT, LP_insd","David DeBoard v. Union at Crescent, LP",S.D. Ind.,2023,9703503,https://www.courtlistener.com/api/rest/v4/clusters/9703503/,RA; claims; csv,,
"9703505_2023_FAIR HOUSING CENTER OF CENTRAL INDIANA, INC. v. NEW_insd","Fair Housing Center of Central Indiana, Inc. and Donata Banks v. Vicki New",S.D. Ind.,2023,9703505,https://www.courtlistener.com/api/rest/v4/clusters/9703505/,RA; claims; csv; phase1_patch,,
"9703847_2023_DEBOARD v. UNION AT CRESCENT, LP_insd","David DeBoard v. Union at Crescent, LP",S.D. Ind.,2023,9703847,https://www.courtlistener.com/api/rest/v4/clusters/9703847/,RA; claims; csv,,
"9703895_2023_DEBOARD v. HUNTER 3 SQUARE PROPERTIES, LLC_insd","David DeBoard v. Hunter 3 Square Properties, LLC",S.D. Ind.,2023,9703895,https://www.courtlistener.com/api/rest/v4/clusters/9703895/,RA; claims; csv,,
9703966_2023_TUNSTILL v. ONEIL_insd,,,,9703966,https://www.courtlistener.com/api/rest/v4/clusters/9703966/,RA; claims; csv,,
9704146_2024_ROYAL v. PEDCOR MANAGEMENT CORP._insd,April Royal v. Pedcor Management Corp. as M/A for Waterfront Pointe,S.D. Ind.,2024,9704146,https://www.courtlistener.com/api/rest/v4/clusters/9704146/,RA; 3604; claims; csv,on file with author,ad58752892f0d9c355ce3949c3881f8d56dfccb5bf90f33a1b17bc90ae09e28e
"9704762_2019_Ngiendo v. Pep-KU, LLC_ksd","Quinn Ngiendo v. Pep-KU, LLC, Amelia Ludlow, Madison Cline and Lucy Evans",D. Kan.,2019,9704762,https://www.courtlistener.com/api/rest/v4/clusters/9704762/,3604; claims; csv,on file with author,52d3b076be08f0526c5bab001c99f3b7eeab107d2141d5f6ad84fd63c1fe9bea
"9708023_2021_Ngiendo v. University Partners, LLC._ksd","Quinn Ngiendo v. University Partners, LLC",D. Kan.,2021,9708023,https://www.courtlistener.com/api/rest/v4/clusters/9708023/,RA; 3604; claims; csv,,
"9708781_2022_Ngiendo v. University Partners, LLC._ksd","Quinn Ngiendo v. University Partners, LLC",D. Kan.,2022,9708781,https://www.courtlistener.com/api/rest/v4/clusters/9708781/,RA; claims; csv,on file with author,b038381dd76a99c95a239dd2b91664dbd97a43a06c56bdf8e27d7e7f8d6c00d4
"9709356_2022_Wren v. Cherryvale, Kansas, City of_ksd","Melissa Wren v. City of Cherryvale Kansas, The Housing Authority of the City of Cherryvale, Kansas",D. Kan.,2022,9709356,https://www.courtlistener.com/api/rest/v4/clusters/9709356/,RA; 3604; claims; csv,,
"9709455_2022_Coe v. Cross-Lines Retirement Center, Inc._ksd","Donald Coe, et al. v. Cross-Lines Retirement Center, Inc., et al.",D. Kan.,2022,9709455,https://www.courtlistener.com/api/rest/v4/clusters/9709455/,RA; claims; csv; phase1_patch,,
"9709829_2022_Coe v. Cross-Lines Retirement Center, Inc._ksd","Coe v. Cross-Lines Retirement Center, Inc.",D. Kan.,2022,9709829,https://www.courtlistener.com/api/rest/v4/clusters/9709829/,RA; claims; csv; phase1_patch,,
"9709850_2022_Coe v. Cross-Lines Retirement Center, Inc._ksd","Coe v. Cross-Lines Retirement Center, Inc.",D. Kan.,2022,9709850,https://www.courtlistener.com/api/rest/v4/clusters/9709850/,RA; claims; csv; phase1_patch,on file with author,2c65925100f0e5b8a1505c5e3c687f419176bdd0a3559b54efe96331b7a6b10a
9710093_2023_Urrutia v. Stapp_ksd,,,,9710093,https://www.courtlistener.com/api/rest/v4/clusters/9710093/,3604; claims,,
"9710277_2023_Ngiendo v. University Partners, LLC._ksd","Quinn Ngiendo v. Asset Campus USA, LLC, et al.",D. Kan.,2023,9710277,https://www.courtlistener.com/api/rest/v4/clusters/9710277/,RA; 3604; claims; csv,,
"9710469_2023_Coe v. Cross-Lines Retirement Center, Inc._ksd","Donald Coe, Linda Smith, and Edward Yost v. Cross-Lines Retirement Center, Inc., and Young Management Corp.",D. Kan.,2023,9710469,https://www.courtlistener.com/api/rest/v4/clusters/9710469/,RA; claims; csv,,
"9710562_2023_Coe v. Cross-Lines Retirement Center, Inc._ksd","Coe v. Cross-Lines Retirement Center, Inc.",D. Kan.,2023,9710562,https://www.courtlistener.com/api/rest/v4/clusters/9710562/,RA; claims; csv; phase1_patch,,
"9710574_2023_Coe v. Cross-Lines Retirement Center, Inc._ksd","Donald Coe, Linda Smith, and Edward Yost v. Cross-Lines Retirement Center, Inc. and Young Management Corp.",D. Kan.,2023,9710574,https://www.courtlistener.com/api/rest/v4/clusters/9710574/,RA; claims; csv; phase1_patch,,
"9710944_2023_HomeRoom, Inc. v. Shawnee, Kansas, City of_ksd",,,,9710944,https://www.courtlistener.com/api/rest/v4/clusters/9710944/,RA; claims; csv,,
"9711547_2024_Adam v. Andmark White Lakes Apartments, LLC_ksd","Garry Adam v. Andmark White Lakes Apartments, LLC, et al.",D. Kan.,2024,9711547,https://www.courtlistener.com/api/rest/v4/clusters/9711547/,RA; 3604; claims; csv,,
"9711696_2024_Coe v. Cross-Lines Retirement Center, Inc._ksd","Coe v. Cross-Lines Retirement Center, Inc.",D. Kan.,2024,9711696,https://www.courtlistener.com/api/rest/v4/clusters/9711696/,RA; claims; csv; phase1_patch,,
"9711727_2024_Adam v. Andmark White Lakes Apartments, LLC_ksd","Garry Adam v. Andmark White Lakes Apartments, LLC",D. Kan.,2024,9711727,https://www.courtlistener.com/api/rest/v4/clusters/9711727/,RA; 3604; claims; csv,on file with author,6c531c291adc30e656f6477b5a86856ed26c65c2a9e676c2b98007556f84948f
9714151_2023_Presley v. Nurse Free_kyed,,,,9714151,https://www.courtlistener.com/api/rest/v4/clusters/9714151/,RA; claims; csv,,
"9714170_2023_Garvey Farm LP v. City of Elsmere, Kentucky_kyed","Garvey Farm LP v. City of Elsmere, Kentucky",E.D. Ky.,2023,9714170,https://www.courtlistener.com/api/rest/v4/clusters/9714170/,RA; 3604; claims; csv,,
"9714620_2024_Miller v. Alco Management, Inc_kyed","Miller v. Alco Management, Inc.",E.D. Ky.,2024,9714620,https://www.courtlistener.com/api/rest/v4/clusters/9714620/,RA; 3604; claims; csv,on file with author,3e629fb9b02e40a09e0208499ee5df395b76a1e39531ba301303760b0dc9cb28
9715839_2021_Cox v. Vieyra_kywd,,,,9715839,https://www.courtlistener.com/api/rest/v4/clusters/9715839/,RA; claims,,
9717240_2023_Santiago v. Chill_kywd,"Alberto James Santiago, Sr. v. Elishia Chill, et al.",W.D. Ky.,2023,9717240,https://www.courtlistener.com/api/rest/v4/clusters/9717240/,RA; 3604; claims; csv,,
9717329_2023_Uribe v. Ramser_kywd,"Ruth Castro Uribe v. Cynthia Ramser, et al.",W.D. Ky.,2023,9717329,https://www.courtlistener.com/api/rest/v4/clusters/9717329/,RA; claims; csv,on file with author,767837bbb6bae15ffcf255aeb9f1f4c4ead58b94c890ca19bab38df52e7db940
9717400_2023_Nance v. Mayfield Plaza Apartments Management_kywd,"Rodney L. Nance, Sr. v. Mayfield Plaza Apartments Management et al.",W.D. Ky.,2023,9717400,https://www.courtlistener.com/api/rest/v4/clusters/9717400/,RA; 3604; claims; csv; phase1_patch,on file with author,2d812f78baf614db7e037e1f79688eddc2e3ec7db009d044aa909386a0ca5905
9717438_2023_Ali v. Louisville Metro Housing Authority_kywd,Yusef Abdullah Bilal Ali v. Louisville Metro Housing Authority,W.D. Ky.,2023,9717438,https://www.courtlistener.com/api/rest/v4/clusters/9717438/,RA; 3604; claims; csv,,
9717603_2023_Watkins v. The Commonwealth of Kentucky_kywd,Watkins v. Commonwealth of Kentucky,W.D. Ky.,2023,9717603,https://www.courtlistener.com/api/rest/v4/clusters/9717603/,RA; 3604; claims; csv; phase1_patch,on file with author,ae8f08cc1f63fafb2905b41d91be5d39fe076227a7bf14e53fa475f3a018a180
9717641_2023_Alexander v. CS_KY_LLC_kywd,"Brenda L. Alexander v. CS/KY/LLC, et al.",W.D. Ky.,2023,9717641,https://www.courtlistener.com/api/rest/v4/clusters/9717641/,RA; claims; csv; phase1_patch,on file with author,95ce89d4bf61726a2417a505d4278eed0c2fe3664bf6dfad659ff9dd8a33dad9
9717642_2023_Forte v. Hopkinsville Housing Authority_kywd,Ronnie Joe Forte v. Hopkinsville Housing Authority et al.,W.D. Ky.,2023,9717642,https://www.courtlistener.com/api/rest/v4/clusters/9717642/,RA; 3604; claims; csv; phase2_extraction,,
9717907_2024_Ali v. Louisville Metro Housing Authority_kywd,"Yusef Abdullah Bilal Ali v. Louisville Metro Housing Authority, et al.",W.D. Ky.,2024,9717907,https://www.courtlistener.com/api/rest/v4/clusters/9717907/,RA; claims; csv,,
"9718438_2019_Treece v. Perrier Condominium Owners Association, Inc._laed","Dwayne Treece, et al. v. Perrier Condominium Owners Association, Inc., et al.",E.D. La.,2019,9718438,https://www.courtlistener.com/api/rest/v4/clusters/9718438/,3604; claims; csv,,
"9718630_2020_Treece v. Perrier Condominium Owners Association, Inc._laed","Dwayne Treece, et al. v. Perrier Condominium Owners Association, Inc., et al.",E.D. La.,2020,9718630,https://www.courtlistener.com/api/rest/v4/clusters/9718630/,3604; claims; csv,,
"9718744_2020_Treece v. Perrier Condominium Owners Association, Inc._laed","Dwayne Treece, et al. v. Perrier Condominium Owners Association, Inc., et al.",E.D. La.,2020,9718744,https://www.courtlistener.com/api/rest/v4/clusters/9718744/,3604; claims; csv,,
"9718781_2020_Treece v. Perrier Condominium Owners Association, Inc._laed","Dwayne Treece, et al. v. Perrier Condominium Owners Association, Inc., et al.",E.D. La.,2020,9718781,https://www.courtlistener.com/api/rest/v4/clusters/9718781/,3604; claims; csv,,
9719433_2020_Briley v. Barreca_laed,Russell Andre Briley v. Ignatius Barreca Jr. et al.,E.D. La.,2020,9719433,https://www.courtlistener.com/api/rest/v4/clusters/9719433/,3604; claims; csv,on file with author,431f3e8c54fa344455ff2a6961fe9cdb9f0a72b25b800629a311d95784307fa8
"9719612_2021_Bouchgl v. Tonti Managment Co, L.L.CO_laed",Aicha Bouchgl v. Suleiman Ibrahim,E.D. La.,2021,9719612,https://www.courtlistener.com/api/rest/v4/clusters/9719612/,RA; claims; csv,,
9719636_2021_Nelson v. Constant_laed,,,,9719636,https://www.courtlistener.com/api/rest/v4/clusters/9719636/,RA; claims,,
9719669_2021_Briley v. Barreca_laed,"Russell Andre Briley v. Ignatius Barreca, Jr. et al.",E.D. La.,2021,9719669,https://www.courtlistener.com/api/rest/v4/clusters/9719669/,RA; 3604; claims; csv; phase1_patch,on file with author,a9651ad6b3578b98017b9a87260c1154c9f5d5e2f06fcab834b5197fc5da3ab8
"9719738_2021_Treece v. Perrier Condominium Owners Association, Inc._laed","Dwayne Treece, et al. v. Perrier Condominium Owners Association, Inc., et al.",E.D. La.,2021,9719738,https://www.courtlistener.com/api/rest/v4/clusters/9719738/,RA; 3604; claims; csv,,
9719982_2021_Monus v. Riecke_laed,Anna Monus v. Edward Riecke,E.D. La.,2021,9719982,https://www.courtlistener.com/api/rest/v4/clusters/9719982/,3604; claims; csv,,
"9720571_2021_Treece v. Perrier Condominium Owners Association, Inc._laed","Dwayne Treece, et al. v. Perrier Condominium Owners Association, Inc., et al.",E.D. La.,2021,9720571,https://www.courtlistener.com/api/rest/v4/clusters/9720571/,RA; 3604; claims; csv,,
9720727_2021_Winston v. Housing Authority of Jefferson Parish_laed,Nadia Winston v. Housing Authority of Jefferson Parish,E.D. La.,2021,9720727,https://www.courtlistener.com/api/rest/v4/clusters/9720727/,RA; claims; csv,on file with author,2a94041ba80d09e839a1294a8dde4d3f16d0bd23577544483d6ae2d601006d53
"9720836_2022_Louisiana Fair Housing Action Center, Inc. v. Plantation Management Company, LLC_laed",Louisiana Fair Housing Action Center Inc. v. Plantation Management Co. LLC et al.,E.D. La.,2022,9720836,https://www.courtlistener.com/api/rest/v4/clusters/9720836/,RA; 3604; claims; csv,,
"9720937_2022_Louisiana Fair Housing Action Center, Inc. v. Plantation Management Company, LLC_laed","Louisiana Fair Housing Action Center, Inc. v. Plantation Management Company, LLC et al.",E.D. La.,2022,9720937,https://www.courtlistener.com/api/rest/v4/clusters/9720937/,RA; 3604; claims; csv,,
"9721018_2022_Treece v. Perrier Condominium Owners Association, Inc._laed","Dwayne Treece, et al. v. Perrier Condominium Owners Association, Inc., et al.",E.D. La.,2022,9721018,https://www.courtlistener.com/api/rest/v4/clusters/9721018/,RA; 3604; claims; csv,,
"9721118_2022_Louisiana Fair Housing Action Center, Inc. v. Azalea Garden Properties, LLC_laed","Louisiana Fair Housing Action Center, Inc. v. Azalea Garden Properties, LLC",E.D. La.,2022,9721118,https://www.courtlistener.com/api/rest/v4/clusters/9721118/,RA; 3604; claims; csv,on file with author,70092f9e2fed7226743e2520c0bbce4623962ff0a8b7970f5d19f62d39294e2e
"9721178_2022_Huber v. Blue Cross and Blue Shield of Florida, Inc._laed",,,,9721178,https://www.courtlistener.com/api/rest/v4/clusters/9721178/,RA; claims; csv,,
"9721185_2022_Louisiana Fair Housing Action Center, Inc. v. Plantation Management Company, LLC_laed",Louisiana Fair Housing Action Center Inc. v. Plantation Management Co. LLC,E.D. La.,2022,9721185,https://www.courtlistener.com/api/rest/v4/clusters/9721185/,RA; 3604; claims; csv,,
9721277_2022_Winston v. Housing Authority of Jefferson Parish_laed,Winston v. Housing Authority of Jefferson Parish,E.D. La.,2022,9721277,https://www.courtlistener.com/api/rest/v4/clusters/9721277/,RA; claims; csv,,
"9721496_2022_Lee v. J.M. Property Holdings, LLC_laed","Velma Lee v. J.M. Property Holdings, LLC et al.",E.D. La.,2022,9721496,https://www.courtlistener.com/api/rest/v4/clusters/9721496/,RA; 3604; claims; csv,,
"9721615_2022_Harrison v. Vici Properties, Inc._laed",,,,9721615,https://www.courtlistener.com/api/rest/v4/clusters/9721615/,RA; claims; csv,,
"9721757_2022_Ortiguerra v. Grand Isle Shipyard, LLC_laed","Victor Cagara Ortiguerra, et al. v. Grand Isle Shipyard, LLC, et al.",E.D. La.,2022,9721757,https://www.courtlistener.com/api/rest/v4/clusters/9721757/,RA; claims; csv,,
"9721824_2022_Turnipseed v. APMT, LLC_laed","Turnipseed v. APMT, LLC",E.D. La.,2022,9721824,https://www.courtlistener.com/api/rest/v4/clusters/9721824/,RA; claims; csv,on file with author,7b6c8ed16289d7690bb6eb75c87b48db99a1fedc0bb0156f9c2c0d1c395c8cec
9722033_2022_Deutsche Bank National Trust Company v. Price_laed,,,,9722033,https://www.courtlistener.com/api/rest/v4/clusters/9722033/,RA; claims; csv,,
"9722042_2022_White-Mosley v. Seasons Apartments, LLC_laed","White-Mosley v. Seasons Apartments, LLC",E.D. La.,2022,9722042,https://www.courtlistener.com/api/rest/v4/clusters/9722042/,RA; claims; csv,,
9722101_2022_James v. Tangipahoa Parish_laed,"Jason Allen James, et al. v. Tangipahoa Parish",E.D. La.,2022,9722101,https://www.courtlistener.com/api/rest/v4/clusters/9722101/,RA; claims; csv; phase1_patch,,
9722146_2023_Carey v. St. Charles Parish_laed,Lisa N Carey v. St. Charles Parish,E.D. La.,2023,9722146,https://www.courtlistener.com/api/rest/v4/clusters/9722146/,RA; 3604; claims; csv,on file with author,48e18a35f5e8aea890a883250dee1fb6042c4b45b15e235081f75e7171543d7e
"9722186_2023_Ortiguerra v. Grand Isle Shipyard, LLC_laed","Victor Cagara Ortiguerra, et al. v. Grand Isle Shipyard, LLC, et al.",E.D. La.,2023,9722186,https://www.courtlistener.com/api/rest/v4/clusters/9722186/,RA; claims; csv,,
9722634_2023_Bush v. Broad Management Group_laed,"Jessica Bush v. Broad Management Group, et al.",E.D. La.,2023,9722634,https://www.courtlistener.com/api/rest/v4/clusters/9722634/,RA; claims; csv,,
9722759_2023_Bush v. Broad Management Group_laed,"Jessica Bush v. Broad Management Group, et al.",E.D. La.,2023,9722759,https://www.courtlistener.com/api/rest/v4/clusters/9722759/,RA; 3604; claims; csv,,
9724267_2024_Hughes v. Bouchon Properties LLC_laed,Hughes v. Bouchon Properties LLC,E.D. La.,2024,9724267,https://www.courtlistener.com/api/rest/v4/clusters/9724267/,RA; 3604; claims; csv,on file with author,5fb8a91639f4e063af7e607ff8666b2815ec22166a1f2cffe411131da0e4a025
"9724281_2024_Military Road Revitalization Company, LLC v. St. Tammany Parish Government_laed","Military Road Revitalization Company, LLC et al. v. St. Tammany Parish Government",E.D. La.,2024,9724281,https://www.courtlistener.com/api/rest/v4/clusters/9724281/,RA; 3604; claims; csv,,
"9724291_2024_Ortiguerra v. Grand Isle Shipyard, LLC_laed","Victor Ortiguerra, et al. v. Grand Isle Shipyard, LLC, et al.",E.D. La.,2024,9724291,https://www.courtlistener.com/api/rest/v4/clusters/9724291/,RA; claims; csv,,
"9724392_2019_Jones v. Caliber Home Loans, Inc._lamd","Larry Jones v. Caliber Home Loans, Inc.",M.D. La.,2019,9724392,https://www.courtlistener.com/api/rest/v4/clusters/9724392/,3604; claims; csv,,
"9724869_2020_Jones v. Caliber Home Loans, Inc._lamd",,,,9724869,https://www.courtlistener.com/api/rest/v4/clusters/9724869/,3604; claims,,
"9725635_2022_Louisiana Fair Housing Action Center, Inc. v. Ollie Steele Burden Manor, Inc._lamd","Louisiana Fair Housing Action Center, Inc. v. Ollie Steele Burden Manor, Inc.",M.D. La.,2022,9725635,https://www.courtlistener.com/api/rest/v4/clusters/9725635/,RA; claims; csv,,
"9725785_2022_Discovery Real Estate and Development, LLC v. Town of St. Francisville_lamd","Discovery Real Estate and Development, LLC v. Town of St. Francisville",M.D. La.,2022,9725785,https://www.courtlistener.com/api/rest/v4/clusters/9725785/,RA; claims; csv,on file with author,4f2f4e591a67125691f132ecfe7d9e22e58b61cd503ea713a4e7711e65f0a33b
"9725833_2022_Aron v. G. Lewis-Louisiana No. 2, L.L.C_lamd","Wilbert Aron and Katlin Morris v. G. Lewis-Louisiana No. 2, L.L.C. and Garry Lewis d/b/a Garry Lewis Properties",M.D. La.,2022,9725833,https://www.courtlistener.com/api/rest/v4/clusters/9725833/,RA; 3604; claims; csv,,
"9725891_2023_Aron v. G. Lewis-Louisiana No. 2, L.L.C_lamd","Wilbert Aron and Kaitlin Morris v. G. Lewis-Louisiana No. 2, L.L.C., Garry Lewis d/b/a Garry Lewis Properties",M.D. La.,2023,9725891,https://www.courtlistener.com/api/rest/v4/clusters/9725891/,RA; claims; csv; phase1_patch,,
9726188_2023_Nairne v. Ardoin_lamd,,,,9726188,https://www.courtlistener.com/api/rest/v4/clusters/9726188/,RA; claims; csv,,
9726226_2023_Believe TGH LLC v. Pointe Coupee Parish_lamd,"Believe TGH, LLC, et al. v. Pointe Coupee Parish, Louisiana",M.D. La.,2023,9726226,https://www.courtlistener.com/api/rest/v4/clusters/9726226/,RA; 3604; claims; csv,,
9727679_2021_Fenelon v. Housing _ Urban Development_lawd,Cheryl L. Fenelon et al. v. U.S. Dept. of Housing & Urban Development et al.,W.D. La.,2021,9727679,https://www.courtlistener.com/api/rest/v4/clusters/9727679/,RA; claims; csv; phase1_patch,,
9727902_2021_Fenelon v. Housing _ Urban Development_lawd,Cheryl L Fenelon et al v. U.S. Dept of Housing & Urban Development et al,W.D. La.,2021,9727902,https://www.courtlistener.com/api/rest/v4/clusters/9727902/,RA; claims; csv; phase1_patch,on file with author,7ca33a314a92be25baa1ead220d1eb8b59aab4bd1756dc2845a84c1d47852e09
9728453_2022_Osborne v. Belton_lawd,Clifford Osborne et al v. Kevin Belton,W.D. La.,2022,9728453,https://www.courtlistener.com/api/rest/v4/clusters/9728453/,RA; 3604; claims; csv,,
9728616_2022_Osborne v. Belton_lawd,Clifford Osborne et al v. Kevin Belton,W.D. La.,2022,9728616,https://www.courtlistener.com/api/rest/v4/clusters/9728616/,RA; claims; csv,,
9729144_2023_Holmes v. BellSouth Telecommunications L L C_lawd,,,,9729144,https://www.courtlistener.com/api/rest/v4/clusters/9729144/,RA; claims; csv,,
"9730812_2019_Mannai Home LLC v. City of Fall River, Massachusetts_mad","Mannai Home, LLC v. City of Fall River",D. Mass.,2019,9730812,https://www.courtlistener.com/api/rest/v4/clusters/9730812/,3604; claims; csv,,
9730987_2019_National Association of the Deaf v. Harvard University_mad,,,,9730987,https://www.courtlistener.com/api/rest/v4/clusters/9730987/,3604; claims,,
9731002_2019_Schonton v. MPA Granada Highlands LLC_mad,"Danyela Schonton, et al. v. MPA Granada Highlands LLC, et al.",D. Mass.,2019,9731002,https://www.courtlistener.com/api/rest/v4/clusters/9731002/,3604; claims; csv,,
9731159_2019_Pham v. Deutsche Bank Trust Company Americas_mad,"Kimlan T. Pham v. Deutsche Bank Trust Company Americas, Ocwen Loan Servicing, LLC and GMAC Mortgage, LLC",D. Mass.,2019,9731159,https://www.courtlistener.com/api/rest/v4/clusters/9731159/,3604; claims; csv,,
9731912_2020_Schonton v. MPA Granada Highlands LLC_mad,"Danyela Schonton, et al. v. MPA Granada Highlands LLC, et al.",D. Mass.,2020,9731912,https://www.courtlistener.com/api/rest/v4/clusters/9731912/,3604; claims; csv,,
9732346_2020_Kahyaoglu v. Sayied_mad,Ferahnaz Kahyaoglu v. Omar Salim Sayied and Abul Maksud Sayied,D. Mass.,2020,9732346,https://www.courtlistener.com/api/rest/v4/clusters/9732346/,3604; claims; csv,on file with author,d38b7247927579b395ab17e995162b0daf2a0f6e0f4e9303928ef69a5ff45d27
9732528_2021_Shay v. Boston Housing Authority_mad,Marie C. Shay v. Boston Housing Authority,D. Mass.,2021,9732528,https://www.courtlistener.com/api/rest/v4/clusters/9732528/,RA; 3604; claims; csv,,
9732827_2021_Clinton-Brown v. Hardick_mad,Clinton-Brown v. Hardick,D. Mass.,2021,9732827,https://www.courtlistener.com/api/rest/v4/clusters/9732827/,RA; 3604; claims; csv; phase1_patch,,
9732885_2021_Bray v. Worcester Polytechnic Institute_mad,,,,9732885,https://www.courtlistener.com/api/rest/v4/clusters/9732885/,RA; claims,,
9732890_2021_Vanderburgh House LLC v. City of Worcester_mad,"Vanderburgh House, LLC v. City of Worcester",D. Mass.,2021,9732890,https://www.courtlistener.com/api/rest/v4/clusters/9732890/,RA; 3604; claims; csv,,
9733029_2021_Paulsen v. Great Bridge Attleboro Limited Partnership_mad,Paulsen v. Great Bridge Attleboro Limited Partnership,D. Mass.,2021,9733029,https://www.courtlistener.com/api/rest/v4/clusters/9733029/,RA; 3604; claims; csv,,
9733052_2021_Rosa v. Lawrence Housing Authority_mad,Rosa v. Lawrence Housing Authority,D. Mass.,2021,9733052,https://www.courtlistener.com/api/rest/v4/clusters/9733052/,RA; 3604; claims; csv,,
9733179_2021_Bellus Real Estate and Management Corporation v. Brodeur_mad,Bellus Real Estate Services and Management Corporation v. Brodeur,D. Mass.,2021,9733179,https://www.courtlistener.com/api/rest/v4/clusters/9733179/,RA; 3604; claims; csv,,
9733559_2022_Bray v. Worcester Polytechnic Institute_mad,,,,9733559,https://www.courtlistener.com/api/rest/v4/clusters/9733559/,RA; claims; csv,,
9733890_2022_Steele v. HAPHousing_mad,Steele v. HAPHousing,D. Mass.,2022,9733890,https://www.courtlistener.com/api/rest/v4/clusters/9733890/,RA; 3604; claims; csv,on file with author,648b3e29f26d124d38ba9b9c174871b92fe2aa2728f58bebc2f067a2de3948ac
9733964_2022_Valentin v. Town of Natick_mad,"Linda Valentin, Joel Valentin, and Grace Gable Manoors, LLC v. Town of Natick, et al.",D. Mass.,2022,9733964,https://www.courtlistener.com/api/rest/v4/clusters/9733964/,RA; 3604; claims; csv,,
9734255_2023_Linardon v. Boston Housing Authority_mad,Kelechi Linardon v. Boston Housing Authority et al.,D. Mass.,2023,9734255,https://www.courtlistener.com/api/rest/v4/clusters/9734255/,RA; claims; csv,on file with author,2c8b04d2508afddb4e433cb06056845b56e847fce5bdf7c85e6a5ba75db08851
9734363_2023_United States v. Chicopee Housing Authority_mad,United States v. Chicopee Housing Authority,D. Mass.,2023,9734363,https://www.courtlistener.com/api/rest/v4/clusters/9734363/,RA; claims; csv,,
"9734670_2023_Louis v. SAFERENT SOLUTIONS, LLC_mad","Louis v. SafeRent Solutions, LLC",D. Mass.,2023,9734670,https://www.courtlistener.com/api/rest/v4/clusters/9734670/,3604; claims; csv,,
9734816_2023_Nakanwagi v. The Dolben Company Inc_mad,"Sarah Nathreen Nakanwagi v. The Dolben Company, Inc., Ninety-Three Realty Limited Partnership",D. Mass.,2023,9734816,https://www.courtlistener.com/api/rest/v4/clusters/9734816/,p3ext_20260703,,
9735091_2024_Flores v. First Cambridge Realty Corporation_mad,René Flores v. First Cambridge Realty Corporation,D. Mass.,2024,9735091,https://www.courtlistener.com/api/rest/v4/clusters/9735091/,RA; 3604; claims; csv,,
9735112_2024_Summers v. City of Fitchburg_mad,Jeffrey D. Summers v. City of Fitchburg,D. Mass.,2024,9735112,https://www.courtlistener.com/api/rest/v4/clusters/9735112/,RA; claims; csv,on file with author,1e5675623d06ad73bfb79f4634e1d8209edb53aa944eea331448217a176b7896
9735311_2024_Thompson v. PennyMac Loan Services LLC_mad,"Dawn Thompson v. Evolve Bank & Trust and PennyMac Loan Services, LLC",D. Mass.,2024,9735311,https://www.courtlistener.com/api/rest/v4/clusters/9735311/,RA; claims; csv; phase1_patch,,
9735370_2024_Abdelrasoul v. Trustees of Boston University_mad,Islam Faisal M.I. Abdelrasoul v. Trustees of Boston University,D. Mass.,2024,9735370,https://www.courtlistener.com/api/rest/v4/clusters/9735370/,RA; claims; csv,,
9735401_2024_Keating v. The Commonwealth of Massachusetts_mad,Keating v. Commonwealth of Massachusetts,D. Mass.,2024,9735401,https://www.courtlistener.com/api/rest/v4/clusters/9735401/,RA; claims; csv,on file with author,5a5ad8dca342ec2d60724ce4f70b5d50fa44a1bac209cd9bfacd0ac2ae37b75a
"9735627_2019_Ward v. Williams, Jr._mdd","David Allen Ward v. Roger Paul Williams, Jr., et al.",D. Md.,2019,9735627,https://www.courtlistener.com/api/rest/v4/clusters/9735627/,3604; claims; csv,,
"9735665_2019_National Fair Housing Alliance v. Bank of America, National Association_mdd","National Fair Housing Alliance v. Bank of America, N.A.",D. Md.,2019,9735665,https://www.courtlistener.com/api/rest/v4/clusters/9735665/,3604; claims; csv,,
"9735670_2019_Prince George's County, Maryland v. Wells Fargo _ Co._mdd",Prince George's County v. Wells Fargo & Co.,D. Md.,2019,9735670,https://www.courtlistener.com/api/rest/v4/clusters/9735670/,3604; claims; csv,,
"9735915_2019_OT, LLC v. Harford County Maryland_mdd","OT, LLC, et al. v. Harford County, Maryland, et al.",D. Md.,2019,9735915,https://www.courtlistener.com/api/rest/v4/clusters/9735915/,3604; claims; csv,,
"9736169_2019_OT, LLC v. Harford County Maryland_mdd","OT, LLC v. Harford County, Maryland",D. Md.,2019,9736169,https://www.courtlistener.com/api/rest/v4/clusters/9736169/,3604; claims; csv,,
"9736372_2019_Rhodes v. Parklane Apartments, LLC_mdd","Karen Rhodes v. Parklane Apartments, LLC",D. Md.,2019,9736372,https://www.courtlistener.com/api/rest/v4/clusters/9736372/,3604; claims; csv,,
9736594_2020_White v. City of Annapolis_mdd,"Heaven White, et al. v. The City of Annapolis by and through the City Council, et al.",D. Md.,2020,9736594,https://www.courtlistener.com/api/rest/v4/clusters/9736594/,3604; claims; csv,,
9737107_2020_Lundregan v. Housing Opportunities Commission_mdd,Karen Lundregan v. Housing Opportunities Commission et al.,D. Md.,2020,9737107,https://www.courtlistener.com/api/rest/v4/clusters/9737107/,3604; claims; csv,,
"9737209_2020_Gibson Island Corporation v. Group Home on Gibson Island, LLC_mdd","Gibson Island Corporation v. Group Home on Gibson Island, LLC",D. Md.,2020,9737209,https://www.courtlistener.com/api/rest/v4/clusters/9737209/,3604; claims; csv,,
"9738216_2021_Prince George's County, Maryland v. Wells Fargo _ Co._mdd","Prince George's County, Maryland v. Wells Fargo & Co.",D. Md.,2021,9738216,https://www.courtlistener.com/api/rest/v4/clusters/9738216/,RA; claims; csv,,
"9738217_2021_Ramirez v. 316 Charles, LLC_mdd",,,,9738217,https://www.courtlistener.com/api/rest/v4/clusters/9738217/,RA; claims,,
9738611_2021_Stemmons v. Corsco_mdd,Adam W. E. Stemmons v. Georgia Corso,D. Md.,2021,9738611,https://www.courtlistener.com/api/rest/v4/clusters/9738611/,RA; claims; csv,,
"9738648_2021_Prince George's County, Maryland v. Wells Fargo _ Co._mdd","Prince George's County, Maryland v. Wells Fargo & Co.",D. Md.,2021,9738648,https://www.courtlistener.com/api/rest/v4/clusters/9738648/,RA; claims; csv,,
9738715_2021_Williams v. Arora Hills Homeowners Association Inc._mdd,Daborah Williams v. Arora Hills Homeowners Association Inc.,D. Md.,2021,9738715,https://www.courtlistener.com/api/rest/v4/clusters/9738715/,RA; 3604; claims; csv,,
9738717_2021_Manley v. Threeths_mdd,"Michael Manley, et al. v. Evette L. Threeths, et al.",D. Md.,2021,9738717,https://www.courtlistener.com/api/rest/v4/clusters/9738717/,RA; 3604; claims; csv,on file with author,0ec8a38513a49f491e4ff91dd0aaa570aba494bfce27a9e32cd0f3764dac3907
"9738965_2021_Becker v. Buckingham's Choice, Inc._mdd",,,,9738965,https://www.courtlistener.com/api/rest/v4/clusters/9738965/,RA; claims,,
9739061_2021_Stemmons v. Corsco_mdd,Adam Stemmons v. Georgia Corso,D. Md.,2021,9739061,https://www.courtlistener.com/api/rest/v4/clusters/9739061/,RA; claims; csv; phase1_patch,on file with author,df5d0e6b5fdf54f447dd54d2190587a639666080d3a032b50184aa5536927389
9739119_2021_Truesdale v. Cumming_mdd,"Dollie Truesdale v. Isabel Mercedes Cumming, et al.",D. Md.,2021,9739119,https://www.courtlistener.com/api/rest/v4/clusters/9739119/,RA; claims; csv; phase1_patch; phase2_extraction,,
9739424_2021_Bailey v. PHH Mortgage Corporation_mdd,Lawrence Bailey et al. v. PHH Mortgage Corporation et al.,D. Md.,2021,9739424,https://www.courtlistener.com/api/rest/v4/clusters/9739424/,RA; 3604; claims; csv,,
9739443_2021_Royal v. Integrity Homes_mdd,,,,9739443,https://www.courtlistener.com/api/rest/v4/clusters/9739443/,RA; claims,,
9739491_2021_Adams v. Cameron_mdd,Adams v. Cameron,D. Md.,2021,9739491,https://www.courtlistener.com/api/rest/v4/clusters/9739491/,RA; 3604; claims; csv,,
"9739777_2021_Prince George's County, Maryland v. Wells Fargo _ Co._mdd","Prince George's County, Maryland v. Wells Fargo & Co.",D. Md.,2021,9739777,https://www.courtlistener.com/api/rest/v4/clusters/9739777/,RA; claims; csv,,
9739894_2022_Stemmons v. Corsco_mdd,Stemmons v. Corso,D. Md.,2022,9739894,https://www.courtlistener.com/api/rest/v4/clusters/9739894/,RA; 3604; claims; csv,,
9740125_2022_Johnson v. City of Annapolis_mdd,"Tamara Johnson, et al. v. City of Annapolis",D. Md.,2022,9740125,https://www.courtlistener.com/api/rest/v4/clusters/9740125/,RA; claims; csv,,
9740248_2022_Mian v. LoanCare Servicing Company_mdd,Mian v. LoanCare Servicing Company,D. Md.,2022,9740248,https://www.courtlistener.com/api/rest/v4/clusters/9740248/,RA; claims; csv,on file with author,d92911fea550651ca9da83caab2337a08ec85664df1e75a95450ce3ed76d16b5
9740498_2022_Diltz v. Ashton_mdd,,,,9740498,https://www.courtlistener.com/api/rest/v4/clusters/9740498/,RA; 3604; claims; csv,,
9740593_2022_Tall v. Commissioner of the Howard County Housing Authority_mdd,Hesman Tall v. Commissioner of the Howard County Housing Authority,D. Md.,2022,9740593,https://www.courtlistener.com/api/rest/v4/clusters/9740593/,RA; 3604; claims; csv,on file with author,69f03ea86d24fc6a40137471768d858d06d76ad9a7cb5a54b581e2df8a8f228d
9740678_2022_Want v. Jones_mdd,"Jerome Want v. Saundra Jones, Wayne Jones, City of Hagerstown, MD., Michael Sabol, Salvatore & Morton",D. Md.,2022,9740678,https://www.courtlistener.com/api/rest/v4/clusters/9740678/,RA; 3604; claims; csv,on file with author,b33331afd851d46156572bc48420fd24d04222bf12617b28ea0817b7bcafdd52
"9740801_2022_CASA de Maryland, Inc. v. Arbor Realty Trust, Inc._mdd","CASA de Maryland, Inc. v. Arbor Realty Trust, Inc.",D. Md.,2022,9740801,https://www.courtlistener.com/api/rest/v4/clusters/9740801/,RA; 3604; claims; csv,,
9741085_2022_Grier v. HUD_mdd,"Daundra Grier v. United States Dep't of Housing and Urban Development, et al.",D. Md.,2022,9741085,https://www.courtlistener.com/api/rest/v4/clusters/9741085/,RA; 3604; claims; csv; phase1_patch,on file with author,59f400c8a35f21aa787315c02a4840a521f19fb1a4c299c8609a136f62196345
"9741131_2022_Ramnarine v. Rainbow Child Development Center, Inc._mdd",,,,9741131,https://www.courtlistener.com/api/rest/v4/clusters/9741131/,RA; claims; csv,,
"9741144_2022_Smith v. New Rez, LLC_mdd","Smith v. New Rez, LLC",D. Md.,2022,9741144,https://www.courtlistener.com/api/rest/v4/clusters/9741144/,RA; claims; csv; phase1_patch,on file with author,92928f0910ceb3cf196cc638f465692cb2df5878dfeeea2b160f44fc47f4352d
"9741147_2022_Carroll v. Walden University, LLC_mdd",,,,9741147,https://www.courtlistener.com/api/rest/v4/clusters/9741147/,RA; claims; csv,,
9741207_2022_Emrit v. Hagerstown Housing Authority_mdd,Ronald Satish Emrit v. Hagerstown Housing Authority,D. Md.,2022,9741207,https://www.courtlistener.com/api/rest/v4/clusters/9741207/,RA; claims; csv,on file with author,8d178bf2a978de9e4cf1e7ec71285ba9e927f8814ba863ef995fb09b5f9fb77e
9741235_2022_Emrit v. Queen Anne's Housing Authority_mdd,Ronald Satish Emrit v. Queen Anne's Housing Authority,D. Md.,2022,9741235,https://www.courtlistener.com/api/rest/v4/clusters/9741235/,RA; claims; csv,on file with author,cb2e37456d5f575b9c4f204918053a8b540711cd1a5c435f7076d6637070dbee
9741265_2022_Cooper v. Mr. Timmins_mdd,Cooper v. Mr. Timmins et al.,D. Md.,2022,9741265,https://www.courtlistener.com/api/rest/v4/clusters/9741265/,RA; 3604; claims; csv; phase1_patch,on file with author,b3667e00d573ae6081353edbbe2329d4788bf171b0ba7357c7c657e822ba82b7
9741403_2023_Cooper v. Mr. Timmins_mdd,"Lynette Cooper v. Mr. Timmins, et al.",D. Md.,2023,9741403,https://www.courtlistener.com/api/rest/v4/clusters/9741403/,RA; claims; csv,,
"9741431_2023_National Fair Housing Alliance v. Bank of America, National Association_mdd","National Fair Housing Alliance v. Bank of America, N.A.",D. Md.,2023,9741431,https://www.courtlistener.com/api/rest/v4/clusters/9741431/,RA; claims; csv,,
"9741647_2023_National Fair Housing Alliance v. Bank of America, National Association_mdd","National Fair Housing Alliance v. Bank of America, N.A.",D. Md.,2023,9741647,https://www.courtlistener.com/api/rest/v4/clusters/9741647/,RA; claims; csv,,
9741771_2023_Jones v. Blue Ocean Realty LLC_mdd,Travis R. Jones v. Blue Ocean Realty LLC,D. Md.,2023,9741771,https://www.courtlistener.com/api/rest/v4/clusters/9741771/,RA; 3604; claims; csv,on file with author,20db9fe305cabfba60b8f7bf8748da71eabe0b6ff83cdae97cc0cc17bd184d20
9741796_2023_Johnson v. City of Annapolis_mdd,"Tamara Johnson, et al. v. The City of Annapolis, et al.",D. Md.,2023,9741796,https://www.courtlistener.com/api/rest/v4/clusters/9741796/,RA; claims; csv; phase1_patch,,
9741828_2023_Estate of DaMon R. Fisher v. City of Annapolis_mdd,"Tamara Johnson, et al. v. City of Annapolis",D. Md.,2023,9741828,https://www.courtlistener.com/api/rest/v4/clusters/9741828/,RA; claims; csv,,
"9741834_2023_National Fair Housing Alliance v. Bank of America, National Association_mdd","National Fair Housing Alliance v. Bank of America, National Association",D. Md.,2023,9741834,https://www.courtlistener.com/api/rest/v4/clusters/9741834/,RA; claims; csv; phase1_patch; phase2_extraction,,
9741837_2023_Johnson v. City of Annapolis_mdd,"Tamara Johnson, et al. v. City of Annapolis",D. Md.,2023,9741837,https://www.courtlistener.com/api/rest/v4/clusters/9741837/,RA; claims; csv,,
9741918_2023_Estate of DaMon R. Fisher v. City of Annapolis_mdd,"Tamara Johnson, et al. v. The City of Annapolis, et al. / The Estate of Damon R. Fisher, et al. v. The City of Annapolis, et al.",D. Md.,2023,9741918,https://www.courtlistener.com/api/rest/v4/clusters/9741918/,RA; claims; csv; phase1_patch,,
9742024_2023_Gilbert v. Tang_mdd,Emmeleen Ulita Gilbert v. Pingtao Tang,D. Md.,2023,9742024,https://www.courtlistener.com/api/rest/v4/clusters/9742024/,RA; 3604; claims; csv,,
9742197_2023_Connolly v. Lanham_mdd,"Nathan Connolly & Shani Mott v. Shane Lanham, et al.",D. Md.,2023,9742197,https://www.courtlistener.com/api/rest/v4/clusters/9742197/,RA; 3604; claims; csv,,
"9742558_2023_Siguel v. King Farm Citizens Assembly, Inc._mdd","Edward Siguel v. King Farm Citizens Assembly, Inc.",D. Md.,2023,9742558,https://www.courtlistener.com/api/rest/v4/clusters/9742558/,RA; 3604; claims; csv,,
"9742608_2023_CASA de Maryland, Inc. v. Arbor Realty Trust, Inc._mdd","CASA de Maryland, Inc. v. Arbor Realty Trust, Inc.",D. Md.,2023,9742608,https://www.courtlistener.com/api/rest/v4/clusters/9742608/,RA; claims; csv; phase1_patch,,
"9742748_2023_Group Home on Gibson Island, LLC v. Gibson Island Corporation_mdd","Group Home on Gibson Island, LLC v. Gibson Island Corporation",D. Md.,2023,9742748,https://www.courtlistener.com/api/rest/v4/clusters/9742748/,RA; 3604; claims; csv,,
"9742828_2023_Bailey v. The Queen's Landing Council of Unit Owners, Inc._mdd","Rosanna Bailey v. The Queen's Landing Council of Unit Owners, Inc.",D. Md.,2023,9742828,https://www.courtlistener.com/api/rest/v4/clusters/9742828/,RA; 3604; claims; csv,on file with author,56acd36f6ba6766a0a00582abf9c3096d964b652f15a77453b07d02d2ad8bb69
9742964_2024_Affinity Recovery Center LLC v. Town Commissioners of Sudlersville_mdd,Affinity Recovery Center LLC v. Town Commissioners of Sudlersville,D. Md.,2024,9742964,https://www.courtlistener.com/api/rest/v4/clusters/9742964/,RA; 3604; claims; csv,on file with author,f4f7e6dd86c70dc9491a2a06643ff9989f4b7eb4c0d7f3d71f3b53e6eaa5216d
"9742978_2024_CMDS Residential, LLC v. Mayor and City Council Of Baltimore_mdd","CMDS Residential, LLC v. Mayor and City Council of Baltimore",D. Md.,2024,9742978,https://www.courtlistener.com/api/rest/v4/clusters/9742978/,RA; 3604; claims; csv,,
9743091_2024_Estate of DaMon R. Fisher v. City of Annapolis_mdd,"Estate of DaMon R. Fisher, et al. v. City of Annapolis, et al.",D. Md.,2024,9743091,https://www.courtlistener.com/api/rest/v4/clusters/9743091/,RA; claims; csv,,
9743103_2024_Johnson v. City of Annapolis_mdd,"Tamara Johnson, et al. v. City of Annapolis",D. Md.,2024,9743103,https://www.courtlistener.com/api/rest/v4/clusters/9743103/,RA; claims; csv,,
"9743129_2024_Morris v. Memorial Development Partners, LP_mdd","Deborah Morris, et al. v. Memorial Development Partners, LP, et al.",D. Md.,2024,9743129,https://www.courtlistener.com/api/rest/v4/clusters/9743129/,RA; claims; csv; phase1_patch,on file with author,ad00a49b8cb9b63ce1bc8d3d1b48a9f684cb6bc4a9191cee91e7cf3869f95de9
"9743192_2024_CASA de Maryland, Inc. v. Arbor Realty Trust, Inc._mdd","CASA de Maryland, Inc. v. Arbor Realty Trust, Inc.",D. Md.,2024,9743192,https://www.courtlistener.com/api/rest/v4/clusters/9743192/,RA; claims; csv; phase1_patch,,
"9743203_2024_CMDS Residential, LLC v. Mayor and City Council Of Baltimore_mdd","CMDS Residential, LLC v. Mayor and City Council of Baltimore",D. Md.,2024,9743203,https://www.courtlistener.com/api/rest/v4/clusters/9743203/,RA; 3604; claims; csv,,
9743261_2024_Iguade v. First Home Mortgage Corporation_mdd,Iguade v. First Home Mortgage Corporation,D. Md.,2024,9743261,https://www.courtlistener.com/api/rest/v4/clusters/9743261/,RA; claims; csv,,
9743265_2024_Venero v. Prince George's County Maryland_mdd,"Denise Venero, et al. v. Prince George's County Maryland",D. Md.,2024,9743265,https://www.courtlistener.com/api/rest/v4/clusters/9743265/,RA; claims; csv,on file with author,43e061216da589c246c1bab5bacc17ef337893175f7bd8653f9410527992bc41
9743443_2024_Lundregan v. Housing Opportunities Commission_mdd,Karen Lundregan v. Housing Opportunities Commission,D. Md.,2024,9743443,https://www.courtlistener.com/api/rest/v4/clusters/9743443/,RA; 3604; claims; csv,,
9743469_2024_Clark v. Council of Unit Owners of the 100 Harborview Drive Condominium_mdd,"Dr. Paul C. Clark, Sr., et al. v. Council of Unit Owners of the 100 Harborview Drive Condominium Association",D. Md.,2024,9743469,https://www.courtlistener.com/api/rest/v4/clusters/9743469/,RA; claims; csv; phase1_patch,,
"9743515_2024_Morris v. Memorial Development Partners, LP_mdd","Morris v. Memorial Development Partners, LP",D. Md.,2024,9743515,https://www.courtlistener.com/api/rest/v4/clusters/9743515/,RA; 3604; claims; csv,on file with author,199967b30e5b2a8cdf01b9d8c48b0980904534b7ff94a872297fafbb178835e2
9743547_2024_Jones v. Blue Ocean Realty LLC_mdd,"Travis R. Jones v. Blue Ocean Realty, LLC",D. Md.,2024,9743547,https://www.courtlistener.com/api/rest/v4/clusters/9743547/,RA; 3604; claims; csv,on file with author,b7b8ecca0a40248ebf94158825d8df259bd1f14744a64b7a5fc8a05cc4c6e736
9743556_2024_Smith v. Wormuth_mdd,,,,9743556,https://www.courtlistener.com/api/rest/v4/clusters/9743556/,RA; claims; csv,,
"9743608_2024_Chen v. Commodore Management Company, Inc._mdd","Bing Chen, et al. v. Commodore Management Company, Inc., et al.",D. Md.,2024,9743608,https://www.courtlistener.com/api/rest/v4/clusters/9743608/,RA; 3604; claims; csv,,
"9743609_2024_Canty-Massey v. Vantage Management, Inc._mdd","Romane Canty-Massey v. Vantage Management, Inc.",D. Md.,2024,9743609,https://www.courtlistener.com/api/rest/v4/clusters/9743609/,RA; 3604; claims; csv,on file with author,cc38590fd37a7cf9029b99a36def37a3a2a114f10493fd43284ba743975114c1
9745287_2023_KAPINGA v. TERRACE POND LLC_med,"Therese Kapinga v. Terrace Pond, LLC, et al.",D. Me.,2023,9745287,https://www.courtlistener.com/api/rest/v4/clusters/9745287/,p3ext_20260703,,
9745400_2023_SAINT PIERRE v. NFG HOUSING PARTNERS LP_med,"Lorraine Saint Pierre v. NFG Housing Partners LP & Preservation Management, Inc.",D. Me.,2023,9745400,https://www.courtlistener.com/api/rest/v4/clusters/9745400/,p3ext_20260703,,
9745494_2024_FRIEDMAN v. CENTRAL MAINE POWER COMPANY_med,Ed Friedman v. Central Maine Power Company,D. Me.,2024,9745494,https://www.courtlistener.com/api/rest/v4/clusters/9745494/,p3ext_20260703,,
9745495_2024_GARCIA v. CHAPMAN_med,Leighann Garcia v. David Chapman,D. Me.,2024,9745495,https://www.courtlistener.com/api/rest/v4/clusters/9745495/,p3ext_20260703,,
9747390_2020_House of Providence v. Meyers_mied,House of Providence v. Meyers,E.D. Mich.,2020,9747390,https://www.courtlistener.com/api/rest/v4/clusters/9747390/,3604; claims; csv,,
9749244_2021_Smallwood v. IA Properties_mied,Smallwood v. IA Properties,E.D. Mich.,2021,9749244,https://www.courtlistener.com/api/rest/v4/clusters/9749244/,RA; claims; csv,,
"9749302_2021_Lee v. Washtenaw, County of_mied",Larry Lee v. Washtenaw County et al.,E.D. Mich.,2021,9749302,https://www.courtlistener.com/api/rest/v4/clusters/9749302/,RA; 3604; claims; csv; phase1_patch,,
9749355_2021_Johnson v. East Tawas Housing Commission_mied,Douglas J. Johnson v. East Tawas Housing Commission,E.D. Mich.,2021,9749355,https://www.courtlistener.com/api/rest/v4/clusters/9749355/,RA; 3604; claims; csv,on file with author,fe80fc91588b804758a7e21e57fc41d723bc7f144ce801324f937c84320e0a10
9749413_2021_Rankin_mied,"In re: William A. Rankin and Shirley A. Rankin v. Brian Lavan and Associates, P.C.",E.D. Mich.,2021,9749413,https://www.courtlistener.com/api/rest/v4/clusters/9749413/,RA; claims; csv; phase1_patch,,
9749742_2021_Leonard v. Nokel LLC_mied,"Geoffrey Leonard, et al. v. Nokel LLC, et al.",E.D. Mich.,2021,9749742,https://www.courtlistener.com/api/rest/v4/clusters/9749742/,RA; claims; csv,,
9750016_2021_Tranchmontagne v. United States Department of Housing and Urban Development_mied,Tranchmontagne v. United States Department of Housing and Urban Development,E.D. Mich.,2021,9750016,https://www.courtlistener.com/api/rest/v4/clusters/9750016/,RA; claims; csv,on file with author,9536126db20fbdf10320ab4afa19ddd209dcd67d43405dbb3f150babad98898e
9750287_2021_Leonard v. Nokel LLC_mied,"Geoffrey Leonard, et al. v. Nokel LLC, et al.",E.D. Mich.,2021,9750287,https://www.courtlistener.com/api/rest/v4/clusters/9750287/,RA; 3604; claims; csv,,
9750307_2021_Post v. Trinity Health-Michigan D_B_A St. Joseph Mercy Oakland_mied,,,,9750307,https://www.courtlistener.com/api/rest/v4/clusters/9750307/,RA; claims,,
"9750416_2021_Henderson v. Vision Property Management, LLC_mied","Rhonda Henderson, et al. v. Vision Property Management, LLP, et al.",E.D. Mich.,2021,9750416,https://www.courtlistener.com/api/rest/v4/clusters/9750416/,RA; 3604; claims; csv,,
9750616_2021_Hall v. Meisner_mied,,,,9750616,https://www.courtlistener.com/api/rest/v4/clusters/9750616/,RA; claims,,
9750789_2021_McCree v. KMG Prestiege Company_mied,McCree v. KMG Prestiege Company,E.D. Mich.,2021,9750789,https://www.courtlistener.com/api/rest/v4/clusters/9750789/,RA; claims; csv,on file with author,58c6cb0f6738e8c1e8e5e8f28af4e5eeadbcd25ec0f36abf7084351ed4e905e9
9751468_2022_Williams v. Huron Pines Condominium Association_mied,Williams v. Huron Pines Condominium Association,E.D. Mich.,2022,9751468,https://www.courtlistener.com/api/rest/v4/clusters/9751468/,RA; 3604; claims; csv,,
9751491_2022_Thornton v. Caramagno_mied,Thornton v. Caramagno,E.D. Mich.,2022,9751491,https://www.courtlistener.com/api/rest/v4/clusters/9751491/,RA; 3604; claims; csv,,
9751551_2022_Shumway v. Woodward Brown Ventures LLC_mied,,,,9751551,https://www.courtlistener.com/api/rest/v4/clusters/9751551/,RA; claims; csv,,
9752219_2022_Bright v. Flaisher_mied,Bonnie Bright v. Cheryl Flaisher and State Farm Fire and Casualty Company,E.D. Mich.,2022,9752219,https://www.courtlistener.com/api/rest/v4/clusters/9752219/,RA; claims; csv,,
9752353_2022_Amber Reineck House v. City of Howell_mied,"Amber Reineck House, et al. v. City of Howell, et al.",E.D. Mich.,2022,9752353,https://www.courtlistener.com/api/rest/v4/clusters/9752353/,RA; claims; csv,,
9753165_2022_Sanders v. Detroit Housing Commission_mied,Brenda K. Sanders v. Detroit Housing Commission,E.D. Mich.,2022,9753165,https://www.courtlistener.com/api/rest/v4/clusters/9753165/,RA; claims; csv,on file with author,0ce29a5e86561e5178803b9d194703f286f2816a0ab78eaba650da4fb6bfe60a
9753342_2023_Whiteaker v. Kuspa_mied,Christopher Whiteaker v. City of Southgate,E.D. Mich.,2023,9753342,https://www.courtlistener.com/api/rest/v4/clusters/9753342/,RA; 3604; claims; csv,,
9753715_2023_Czerwinski v. Gallagher_mied,Megan Czerwinski v. Sharon Gallagher,E.D. Mich.,2023,9753715,https://www.courtlistener.com/api/rest/v4/clusters/9753715/,RA; 3604; claims; csv,,
"9753730_2023_Kaatz v. Kingsbrook M.H.C., LLC_mied","Bruce Kaatz v. Kingsbrook M.H.C., LLC",E.D. Mich.,2023,9753730,https://www.courtlistener.com/api/rest/v4/clusters/9753730/,RA; 3604; claims; csv,,
9753811_2023_Taylor v. Jackson_mied,Kenneth Taylor v. Janet Jackson et al.,E.D. Mich.,2023,9753811,https://www.courtlistener.com/api/rest/v4/clusters/9753811/,RA; claims; csv,,
"9753901_2023_Mercer v. Edward Rose _ Sons, Inc. d_b_a The Crossings Apartments_mied","Mercer v. Edward Rose & Sons, Inc.",E.D. Mich.,2023,9753901,https://www.courtlistener.com/api/rest/v4/clusters/9753901/,3604; claims; csv,,
9754082_2023_Allen v. Michigan First Credit Union_mied,Channel E. Allen v. Michigan First Credit Union,E.D. Mich.,2023,9754082,https://www.courtlistener.com/api/rest/v4/clusters/9754082/,RA; claims; csv; phase1_patch,,
"9754398_2023_Willis v. CSL MANAGEMENT L.L.C., d_b_a CEDARBROOK SENIOR LIVING_mied",,,,9754398,https://www.courtlistener.com/api/rest/v4/clusters/9754398/,RA; claims; csv,,
9754657_2023_Diamond v. Riverbend Apts_mied,"Earl Diamond v. Riverbend Apts., et al.",E.D. Mich.,2023,9754657,https://www.courtlistener.com/api/rest/v4/clusters/9754657/,RA; claims; csv; phase1_patch,,
"9754808_2023_Lyman v. Montclair at Partridge Creek, LLC_mied","Lamar Lyman et al. v. Montclair at Partridge Creek, LLC et al.",E.D. Mich.,2023,9754808,https://www.courtlistener.com/api/rest/v4/clusters/9754808/,RA; 3604; claims; csv,,
"9754992_2023_Scoon v. Ritchie Enterprises, LLC_mied","Emily Scoon v. Ritchie Enterprises, LLC, et al.",E.D. Mich.,2023,9754992,https://www.courtlistener.com/api/rest/v4/clusters/9754992/,RA; 3604; claims; csv,,
"9755014_2023_Henderson v. Vision Property Management, LLC_mied","Rhonda Henderson, et al. v. Vision Property Management, LLC et al.",E.D. Mich.,2023,9755014,https://www.courtlistener.com/api/rest/v4/clusters/9755014/,RA; claims; csv,,
"9755167_2023_Fair Housing Center for Metropolitan Detroit v. Singh Senior Living, LLC_mied",Fair Housing Center of Metropolitan Detroit v. Singh Senior Living LLC,E.D. Mich.,2023,9755167,https://www.courtlistener.com/api/rest/v4/clusters/9755167/,RA; 3604; claims; csv,,
"9755170_2023_Fair Housing Center of Metropolitan Detroit v. American House Grosse Pointe, LLC_mied","Fair Housing Center of Metropolitan Detroit v. American House Senior Living, LLC",E.D. Mich.,2023,9755170,https://www.courtlistener.com/api/rest/v4/clusters/9755170/,RA; 3604; claims; csv,,
9755367_2024_Worthy v. Community Management Associates Inc._mied,"David Roy Worthy v. Community Management Associates, Inc.",E.D. Mich.,2024,9755367,https://www.courtlistener.com/api/rest/v4/clusters/9755367/,RA; 3604; claims; csv; phase1_patch; phase2_extraction,,
9755770_2024_Johnson Chambers v. Michigan First Credit Union_mied,Yolanda Johnson Chambers v. Michigan First Credit Union,E.D. Mich.,2024,9755770,https://www.courtlistener.com/api/rest/v4/clusters/9755770/,RA; 3604; claims; csv; phase1_patch; phase2_extraction,,
9755919_2024_Brower v. Roose_mied,Brower v. Roose,E.D. Mich.,2024,9755919,https://www.courtlistener.com/api/rest/v4/clusters/9755919/,RA; 3604; claims; csv,,
9756092_2024_McDowell v. Plymouth Township Police Department_mied,,,,9756092,https://www.courtlistener.com/api/rest/v4/clusters/9756092/,RA; claims; csv,,
"9756542_2020_Kooman v. Boulder Bluff Condominiums, Units 73-123, 125-146, Inc._miwd","Kooman v. Boulder Bluff Condominiums, Units 73-123, 125-146, Inc.",W.D. Mich.,2020,9756542,https://www.courtlistener.com/api/rest/v4/clusters/9756542/,3604; claims; csv,,
9757208_2020_Wallace v. Greystone at the Highlands Association_miwd,Wallace v. Greystone at the Highlands Association,W.D. Mich.,2020,9757208,https://www.courtlistener.com/api/rest/v4/clusters/9757208/,3604; claims; csv,,
9759789_2024_Servis v. Jang_miwd,"Robert Servis, Jr., et al. v. Inyoung Jang, et al.",W.D. Mich.,2024,9759789,https://www.courtlistener.com/api/rest/v4/clusters/9759789/,RA; claims; csv; phase1_patch,on file with author,d0e9f96996b3729e77182e727825ca3e1f18d68c20b798a9737d4a36063d203b
"9759856_2024_Kelly v. Graphic Packaging International, LLC_miwd",,,,9759856,https://www.courtlistener.com/api/rest/v4/clusters/9759856/,RA; claims; csv,,
9760044_2018_Crossroads Residents Organized for Stable and Secure ResiDencieS (CROSSRDS) v. MSP Crossroads Apartments LLC_mnd,Soderstrom v. MSP Crossroads Apartments LLC,D. Minn.,2018,9760044,https://www.courtlistener.com/api/rest/v4/clusters/9760044/,3604; claims; csv,,
9761270_2019_Awnuh v. Public Housing Agency of the City of Saint Paul_mnd,Abdi Awnuh v. Public Housing Agency of the City of Saint Paul,D. Minn.,2019,9761270,https://www.courtlistener.com/api/rest/v4/clusters/9761270/,3604; claims; csv,,
9761922_2020_Brown v. Pfeiffer_mnd,Brown v. Pfeiffer,D. Minn.,2020,9761922,https://www.courtlistener.com/api/rest/v4/clusters/9761922/,3604; claims; csv,,
9761990_2020_Awnuh v. Public Housing Agency of the City of Saint Paul_mnd,Abdi Awnuh v. Public Housing Agency of the City of Saint Paul,D. Minn.,2020,9761990,https://www.courtlistener.com/api/rest/v4/clusters/9761990/,3604; claims; csv,,
"9762162_2021_Jones v. Faribault, City of_mnd","Thelma Jones, Priyia Lacey, Faisa Abdi, Ali Ali, Rukiya Hussein, David Trotter-Ford, Lucia Poras, and Somali Community Resettlement Services, Inc. v. City of Faribault",D. Minn.,2021,9762162,https://www.courtlistener.com/api/rest/v4/clusters/9762162/,RA; claims; csv,,
9762304_2021_Lamplighter Village Apartments LLLP v. City of St. Paul_mnd,,,,9762304,https://www.courtlistener.com/api/rest/v4/clusters/9762304/,RA; claims,,
9762422_2021_United States v. Pfeiffer_mnd,United States of America v. Pfeiffer et al.,D. Minn.,2021,9762422,https://www.courtlistener.com/api/rest/v4/clusters/9762422/,RA; claims; csv,,
"9762584_2021_One Love Housing, LLC v. City of Anoka_mnd","One Love Housing, LLC v. City of Anoka",D. Minn.,2021,9762584,https://www.courtlistener.com/api/rest/v4/clusters/9762584/,RA; 3604; claims; csv,,
9762715_2021_Brown v. Pfeiffer_mnd,Brown v. Pfeiffer,D. Minn.,2021,9762715,https://www.courtlistener.com/api/rest/v4/clusters/9762715/,RA; claims; csv; phase1_patch,,
9763735_2023_Brown v. Pfeiffer_mnd,Brown v. Pfeiffer,D. Minn.,2023,9763735,https://www.courtlistener.com/api/rest/v4/clusters/9763735/,RA; claims; csv,,
9764507_2023_Dorosh v. Minnesota Department of Human Services Commissioner_mnd,Dorosh v. Minnesota Department of Human Services Commissioner,D. Minn.,2023,9764507,https://www.courtlistener.com/api/rest/v4/clusters/9764507/,RA; claims; csv,on file with author,8873a3da047fd98921cd165b475b1f829fa955097b84782dc91536f94f16b98d
"9764702_2024_Bergeron v. Accra Care, Inc._mnd","Dominique Elise Bergeron v. Accra Care, Inc.",D. Minn.,2024,9764702,https://www.courtlistener.com/api/rest/v4/clusters/9764702/,RA; claims; csv; phase1_patch,on file with author,9fbc6c3d332507deb8f226125287aae83889cb3514cb529116e983f767d33d0d
"9765204_2019_Downs v. Red Brick Management, LLC_moed","Downs v. Red Brick Management, LLC",E.D. Mo.,2019,9765204,https://www.courtlistener.com/api/rest/v4/clusters/9765204/,3604; claims; csv,,
"9765823_2020_Burshteyn v. Community Housing Association, Inc._moed","Burshteyn v. Community Housing Association, Inc.",E.D. Mo.,2020,9765823,https://www.courtlistener.com/api/rest/v4/clusters/9765823/,3604; claims; csv,,
"9766092_2020_Stroud v. Farr Rentals, LLC_moed","Althea J. Stroud v. Farr Rentals, LLC, et al.",E.D. Mo.,2020,9766092,https://www.courtlistener.com/api/rest/v4/clusters/9766092/,3604; claims; csv,on file with author,a36ea99baedbbb75b50965920cfa04c9459a6f37b120271dfc0b4a17636dd9a7
9766529_2020_Jordan v. Sugartree Homes Association of St. Louis County_moed,"Cynthia E. Jordan v. Sugartree Homes Association of St. Louis County, et al.",E.D. Mo.,2020,9766529,https://www.courtlistener.com/api/rest/v4/clusters/9766529/,3604; claims; csv,on file with author,1829589a1b88fb3e9b20f0c3f5463f1774267add0a2ea6434840de9f03ce53a0
9766633_2020_Amick v. Carter_moed,"Jeffrey S. Amick v. John Carter, et al.",E.D. Mo.,2020,9766633,https://www.courtlistener.com/api/rest/v4/clusters/9766633/,3604; claims; csv; phase1_patch,,
"9766826_2020_Downs v. Red Brick Management, LLC_moed","Kim Downs v. Red Brick Management, LLC",E.D. Mo.,2020,9766826,https://www.courtlistener.com/api/rest/v4/clusters/9766826/,3604; claims; csv,on file with author,c49c8fa856f5285eeb27520abd35c8d2dbd708573dc6420345a6264a2554dc0e
"9767259_2020_Stroud v. Farr Rentals, LLC_moed","Althea J. Stroud v. Farr Rentals, LLC, et al.",E.D. Mo.,2020,9767259,https://www.courtlistener.com/api/rest/v4/clusters/9767259/,3604; claims; csv,on file with author,8238b0b6c343d0779432c01ddc84f305253d3209eb19aafc69106d45252685d4
9767513_2020_Jones v. Deca Realty_moed,"Carolyn M. Jones, et al. v. Deca Realty, et al.",E.D. Mo.,2020,9767513,https://www.courtlistener.com/api/rest/v4/clusters/9767513/,3604; claims; csv,on file with author,52eee95de61a4ff6764e8ff4aa1acc4d7a4c47e49f9c2e92445cd7b38e6a66cb
9768334_2021_Wheatley v. Beasley_moed,Carol D. Wheatley v. Lilly Beasley,E.D. Mo.,2021,9768334,https://www.courtlistener.com/api/rest/v4/clusters/9768334/,RA; claims; csv,on file with author,0a3fd4e47f2ebf9f862cce0e4c4de97682f53efd0fc136f20c35c1312bf67d38
9768512_2021_United States v. Rupp_moed,United States v. Rupp,E.D. Mo.,2021,9768512,https://www.courtlistener.com/api/rest/v4/clusters/9768512/,RA; 3604; claims; csv,,
9768538_2021_Farris v. Allen_moed,"Vivian Farris v. Bill Allen, et al.",E.D. Mo.,2021,9768538,https://www.courtlistener.com/api/rest/v4/clusters/9768538/,RA; 3604; claims; csv,,
9769820_2022_United States v. Rupp_moed,United States v. Rupp,E.D. Mo.,2022,9769820,https://www.courtlistener.com/api/rest/v4/clusters/9769820/,RA; claims; csv,,
"9771262_2022_Red Brick Management, LLC v. McKinstry_moed",,,,9771262,https://www.courtlistener.com/api/rest/v4/clusters/9771262/,RA; claims; csv,,
9771617_2023_Collins v. Metropolitan Life Insurance Company_moed,,,,9771617,https://www.courtlistener.com/api/rest/v4/clusters/9771617/,RA; claims; csv,,
9771854_2023_Richardson v. Cardinal Ritter Institute Residential Services Corporation_moed,Genena V. Richardson v. Cardinal Ritter Residential Services,E.D. Mo.,2023,9771854,https://www.courtlistener.com/api/rest/v4/clusters/9771854/,RA; claims; csv,on file with author,72342791f04b9e61830ea07db9a4c33a219268cd4a28ada575df31c715c5d14e
9772107_2023_Richardson v. Cardinal Ritter Institute Residential Services Corporation_moed,Richardson v. Cardinal Ritter Institute Residential Services Corporation,E.D. Mo.,2023,9772107,https://www.courtlistener.com/api/rest/v4/clusters/9772107/,RA; 3604; claims; csv,,
9772969_2023_McKee v. Busey Bank_moed,Catherine Christine McKee v. Busey Bank,E.D. Mo.,2023,9772969,https://www.courtlistener.com/api/rest/v4/clusters/9772969/,RA; 3604; claims; csv,on file with author,c167f5a368c4cddb10afb5c560a502bfe8967d0b507df602b24a1c851c1cfcc7
9773027_2023_Richardson v. Cardinal Ritter Institute Residential Services Corporation_moed,Gennena V. Richardson v. Cardinal Ritter Institute Residential Services Corporation,E.D. Mo.,2023,9773027,https://www.courtlistener.com/api/rest/v4/clusters/9773027/,RA; 3604; claims; csv,on file with author,4684bb55a1fece1a30578aea9c7583d66cf90e34e07b1d9b4babb50122b64f13
9773184_2024_Sproaps v. Brown_moed,Sproaps v. Brown,E.D. Mo.,2024,9773184,https://www.courtlistener.com/api/rest/v4/clusters/9773184/,RA; 3604; claims; csv,,
9773470_2024_Varela v. Hill_moed,"Ernesto Varela, et al. v. William Harold Hill, et al.",E.D. Mo.,2024,9773470,https://www.courtlistener.com/api/rest/v4/clusters/9773470/,RA; 3604; claims; csv,,
9773962_2017_Young v. Hagar-Mace_mowd,Robert Ray Young v. Liz Hagar-Mace and Amy Copeland,W.D. Mo.,2017,9773962,https://www.courtlistener.com/api/rest/v4/clusters/9773962/,3604; claims; csv,,
9773996_2018_Wilson v. KLD Properties_mowd,"Kwanza Wilson v. KLD Properties, Ken Davis, Public Administrator; and Foster House",W.D. Mo.,2018,9773996,https://www.courtlistener.com/api/rest/v4/clusters/9773996/,3604; claims; csv; phase1_patch; phase2_extraction,,
"9774614_2019_Barbero v. Wilhoit Property Management, Inc._mowd","Theresa Marie Barbero v. Wilhoit Property Management, Inc.",W.D. Mo.,2019,9774614,https://www.courtlistener.com/api/rest/v4/clusters/9774614/,3604; claims; csv,on file with author,08cd847ca8617e29b5ce09d79716d835b983d87a9c8ffebc7b814e001ec60821
"9775286_2021_The School of the Ozarks, Inc. v. Biden_mowd","The School of the Ozarks, Inc. v. Biden",W.D. Mo.,2021,9775286,https://www.courtlistener.com/api/rest/v4/clusters/9775286/,RA; claims; csv; phase1_patch,,
9775928_2022_Doe 1 v. The Curators of the University of Missouri_mowd,,,,9775928,https://www.courtlistener.com/api/rest/v4/clusters/9775928/,RA; claims; csv,,
"9775965_2022_Kirsten v. Cape Royale at Ski Harbor Condominium Owners Association, Inc._mowd",Burton Kirsten v. Cape Royale at Ski Harbor Condominium Owners Association Inc.,W.D. Mo.,2022,9775965,https://www.courtlistener.com/api/rest/v4/clusters/9775965/,RA; 3604; claims; csv,,
"9775966_2022_Kirsten v. Cape Royale at Ski Harbor Condominium Owners Association, Inc._mowd",Burton Kirsten v. Cape Royale at Ski Harbor Condominium Owners Association Inc.,W.D. Mo.,2022,9775966,https://www.courtlistener.com/api/rest/v4/clusters/9775966/,RA; 3604; claims; csv,,
"9775981_2022_Auburn Hills Homeowners Association v. New Page Properties, L.L.C._mowd","Auburn Hills Homeowners Association v. New Page Properties, L.L.C.",W.D. Mo.,2022,9775981,https://www.courtlistener.com/api/rest/v4/clusters/9775981/,RA; claims; csv; phase1_patch,on file with author,5be7f37dfedcfb36e7742f8724a992f81e4cef4af0374c610c230fcba5d5efd3
9776176_2023_Elliott v. Chang_mowd,,,,9776176,https://www.courtlistener.com/api/rest/v4/clusters/9776176/,RA; claims; csv,,
"9776401_2024_Kirsten v. Cape Royale at Ski Harbor Condominium Owners Association, Inc._mowd",Burton Kirsten v. Cape Royale at Ski Harbor Condominium Owners Association Inc.,W.D. Mo.,2024,9776401,https://www.courtlistener.com/api/rest/v4/clusters/9776401/,3604; claims; csv; dates_resolved,,
9777537_2021_Stonewater Adolescent Recovery Center v. Lafayette County Board of Supervisors_msnd,Stonewater Adolescent Recovery Center v. Lafayette County Board of Supervisors,N.D. Miss.,2021,9777537,https://www.courtlistener.com/api/rest/v4/clusters/9777537/,RA; claims; csv,,
"9778326_2023_Martin v. RUREDY808, L.L.C._msnd","Martin v. RUREDY808, L.L.C.",N.D. Miss.,2023,9778326,https://www.courtlistener.com/api/rest/v4/clusters/9778326/,RA; 3604; claims; csv,,
9780508_2022_United States v. SSM Properties LLC_mssd,United States of America v. SSM Properties LLC,S.D. Miss.,2022,9780508,https://www.courtlistener.com/api/rest/v4/clusters/9780508/,RA; claims; csv,,
9780548_2022_Booth v. The City of Jackson_mssd,"Resheenada Booth and Milton Jackson v. The City of Jackson; Jackson Police Department; Officer Corry Jenkins; Terramark Corporation; Terramark Holdings, LLC; Terramark Management LLC; John Does 1-5; John Doe Company 1-5",S.D. Miss.,2022,9780548,https://www.courtlistener.com/api/rest/v4/clusters/9780548/,RA; claims; csv; phase1_patch,on file with author,fe755c285ed01166686f603475527907e29cab86b11e49ef58e81e547fd5065f
9780721_2022_United States v. SSM Properties LLC_mssd,"United States v. SSM Properties, LLC",S.D. Miss.,2022,9780721,https://www.courtlistener.com/api/rest/v4/clusters/9780721/,RA; 3604; claims; csv,,
9781163_2023_United States v. SSM Properties LLC_mssd,"United States v. SSM Properties, LLC",S.D. Miss.,2023,9781163,https://www.courtlistener.com/api/rest/v4/clusters/9781163/,RA; claims; csv,,
9781362_2024_Green v. Allied First Bank sb_mssd,Green v. Allied First Bank SB,S.D. Miss.,2024,9781362,https://www.courtlistener.com/api/rest/v4/clusters/9781362/,RA; claims; csv; phase1_patch,,
9782320_2021_Reckley v. Village Health Care Center_mtd,"Patricia J. Reckley v. Community Nursing, Inc. d/b/a The Village Health & Rehabilitation",D. Mont.,2021,9782320,https://www.courtlistener.com/api/rest/v4/clusters/9782320/,RA; claims; csv,,
9783022_2022_Reckley v. Village Health Care Center_mtd,"Reckley v. Community Nursing, Inc.",D. Mont.,2022,9783022,https://www.courtlistener.com/api/rest/v4/clusters/9783022/,RA; claims; csv; phase1_patch,on file with author,ddf88bbe931c8d729888c42e0e4800e8cec603548b549d32fcf923bf2a68c07f
9783149_2022_Sparks v. Williams_mtd,,,,9783149,https://www.courtlistener.com/api/rest/v4/clusters/9783149/,RA; claims; csv,,
9784770_2021_Harris v. Vanderburg_nced,"William Harris and Phyllis Harris v. Mary Jane Vanderburg, Douglas Matthew Gurkins, Remco East, Inc., and Mary Grace Bishop",E.D.N.C.,2021,9784770,https://www.courtlistener.com/api/rest/v4/clusters/9784770/,RA; claims; csv; phase1_patch,,
9785121_2021_Young v. Lake Royale Property Owners Association_nced,Eric Wayne Young and Wilma Jean Young v. Lake Royale Property Owners Association,E.D.N.C.,2021,9785121,https://www.courtlistener.com/api/rest/v4/clusters/9785121/,RA; claims; csv,on file with author,33668c25fdfa29c650ae2f04f6183c05fb690f45e3a7a99a4fc6cfc7ba282604
9785178_2021_Swanson v. King_nced,"Gary L. Swanson v. Alex King & King Management, LLC",E.D.N.C.,2021,9785178,https://www.courtlistener.com/api/rest/v4/clusters/9785178/,RA; 3604; claims; csv,on file with author,432e41c48263b6327d54f038c3100fc73488ebcab0885258a1369f3972a7b58d
9785584_2022_May v. Martin Fein Interest Ltd._nced,May v. Martin Fein Interest Ltd.,E.D.N.C.,2022,9785584,https://www.courtlistener.com/api/rest/v4/clusters/9785584/,RA; claims; csv,on file with author,540af5b517b47b875b6290ae399812e4e47445ba7982f4f2f3195c96afc81d35
9785636_2022_Young v. Lake Royale Association_nced,Eric Wayne Young and Wilma Jean Young v. Lake Royale Association and Lake Royale Private Company Police,E.D.N.C.,2022,9785636,https://www.courtlistener.com/api/rest/v4/clusters/9785636/,RA; claims; csv; phase1_patch,on file with author,e13de12a46a59fde23b1e603bf01746a2bd99825dcc1388e57480b4db262a594
9785731_2022_Harris v. Vanderburg_nced,"William Harris and Phyllis Harris v. Douglas Matthew Gurkins, Remco East, Inc., and Mary Grace Bishop",E.D.N.C.,2022,9785731,https://www.courtlistener.com/api/rest/v4/clusters/9785731/,RA; claims; csv,,
9786613_2024_Jett v. The Country Acres Association of Columbus County LTD_nced,Jett v. The Country Acres Association of Columbus County LTD,E.D.N.C.,2024,9786613,https://www.courtlistener.com/api/rest/v4/clusters/9786613/,RA; 3604; claims; csv,on file with author,2416927264a1faca2f8cad9f704dba0762c6482c50c91c4c591e62bd8df13db7
9786789_2020_ALLEN v. JORDAN_ncmd,"Derrick Allen v. Phillip Jordan, et al.",M.D.N.C.,2020,9786789,https://www.courtlistener.com/api/rest/v4/clusters/9786789/,3604; claims; csv,on file with author,b725ceec84c039cf7af4e3f280523822e8efbafc050e6579c48ffc326c5029df
9786848_2020_ALLEN v. MOORE_ncmd,"Derrick Allen v. Annette Moore, et al.",M.D.N.C.,2020,9786848,https://www.courtlistener.com/api/rest/v4/clusters/9786848/,3604; claims; csv; phase2_extraction,,
"9787092_2021_MANESS v. THE VILLAGE OF PINEHURST, NORTH CAROLINA_ncmd",,,,9787092,https://www.courtlistener.com/api/rest/v4/clusters/9787092/,RA; claims,,
"9787642_2023_WASHINGTON v. WELLS FARGO BANK, NATIONAL ASSOCIATION_ncmd","Brigid Washington and Joseph Washington v. Wells Fargo Bank, National Association, Accurate Appraisal Service, and Bryan A. Klosterman",M.D.N.C.,2023,9787642,https://www.courtlistener.com/api/rest/v4/clusters/9787642/,RA; claims; csv,,
9787809_2023_OLDHAM v. UNIVERSITY OF NORTH CAROLINA_ncmd,,,,9787809,https://www.courtlistener.com/api/rest/v4/clusters/9787809/,RA; claims; csv,,
"9789537_2020_Ellis-Barr v. CP_DB Housing Partners XIII, L.P._ncwd","Shalae Ellis-Barr and Brittani Thompson (Gabriel) v. CP/DB Housing Partners XIII, L.P., Tesco Properties, Inc., Mavis Williams and Shawn Lisenby",W.D.N.C.,2020,9789537,https://www.courtlistener.com/api/rest/v4/clusters/9789537/,3604; claims; csv,,
9790518_2021_Robinson v. Pardee UNC Healthcare_ncwd,,,,9790518,https://www.courtlistener.com/api/rest/v4/clusters/9790518/,RA; claims,,
9790648_2021_Jones v. Marsh_ncwd,"Rodney Jones v. Harry Clayton Marsh, Elizabella Caminiti, Kaitlin Rush-Marsh, Lori Ivester Jackson",W.D.N.C.,2021,9790648,https://www.courtlistener.com/api/rest/v4/clusters/9790648/,RA; claims; csv,on file with author,18766b4888c8f791b7b37507b16d0ce3de0b5344b4a5e5cefe8141bbb60cc37b
"9792210_2022_5-Star Athlete Development, LLC. v. City of Shelby, NC_ncwd","5-Star Athlete Development, LLC v. City of Shelby, NC",W.D.N.C.,2022,9792210,https://www.courtlistener.com/api/rest/v4/clusters/9792210/,RA; claims; csv; phase1_patch,on file with author,1c2dc69a50558a1f2a2471012d37efa2df949bd68211e62ec2895108f4ec52e3
"9793720_2023_Carolina Landmark Realty, LLC v. Lineberger_ncwd",,,,9793720,https://www.courtlistener.com/api/rest/v4/clusters/9793720/,RA; claims; csv,,
9793753_2023_Nardone v. Edee_ncwd,,,,9793753,https://www.courtlistener.com/api/rest/v4/clusters/9793753/,RA; 3604; claims; csv,,
9793761_2023_Mescall v. Renaissance at Antiquity_ncwd,"Gerald Thomas Mescall v. Renaissance at Antiquity, et al.",W.D.N.C.,2023,9793761,https://www.courtlistener.com/api/rest/v4/clusters/9793761/,RA; claims; csv; phase1_patch,on file with author,1b3680c4ee09db371e110af5169d68df6945e1484dbc31eb587c326f0b89dfb0
"9795430_2020_Thompson v. Morgan Properties Management Company, LLC_ned","Dr. Franklin Thompson v. Morgan Properties Management Company, LLC",D. Neb.,2020,9795430,https://www.courtlistener.com/api/rest/v4/clusters/9795430/,3604; claims; csv,on file with author,faab3c30e9ff61629ecd802faeaf0eb650d81b3e45be6e376b8e8768e3464e44
9796501_2021_Franklin v. Omaha Housing Authority_ned,Michael Franklin v. Omaha Housing Authority,D. Neb.,2021,9796501,https://www.courtlistener.com/api/rest/v4/clusters/9796501/,RA; claims; csv; phase1_patch,on file with author,3e3f4fad577eb16d8fb60503a752a2b0df3c51b56c4619dda6a1b0a1a7d10956
9796832_2021_Knight v. Chatelain_ned,Phyllis M. Knight v. John C. Chatelain,D. Neb.,2021,9796832,https://www.courtlistener.com/api/rest/v4/clusters/9796832/,RA; claims; csv; phase1_patch,on file with author,cc48f11c06304056396bcd121fd463891d79f549a60fc12d7a4cf01a4bbac0ce
9797025_2022_Franklin v. Omaha Housing Authority_ned,Michael L. Franklin Jr. v. Omaha Housing Authority,D. Neb.,2022,9797025,https://www.courtlistener.com/api/rest/v4/clusters/9797025/,RA; claims; csv; phase1_patch,on file with author,42f1ceec6b7856562017236ff2a67fda1acb2a5d7cd7f02becc95b0456ca0399
9797043_2022_Knight v. City of Omaha_ned,,,,9797043,https://www.courtlistener.com/api/rest/v4/clusters/9797043/,RA; claims; csv,,
9797085_2022_Knight v. Biggs_ned,Knight v. Biggs,D. Neb.,2022,9797085,https://www.courtlistener.com/api/rest/v4/clusters/9797085/,RA; claims; csv; phase1_patch,on file with author,585c106efc68782eaac85f4b23221d5114f2ec8cd331b725c0941afbf05496f4
9797225_2022_Westjohn v. Seldin Co._ned,Westjohn v. Seldin Co.,D. Neb.,2022,9797225,https://www.courtlistener.com/api/rest/v4/clusters/9797225/,RA; claims; csv,on file with author,d920f42322b755a989ab4337134f6f023b000b6da1f62dbc9e7b376ec64fce4b
9797740_2023_Grigg v. Union Pacific Railroad Co._ned,,,,9797740,https://www.courtlistener.com/api/rest/v4/clusters/9797740/,RA; claims; csv,,
"9797747_2023_AB Realty, LLC v. Lane_ned","AB Realty, LLC v. Lane",D. Neb.,2023,9797747,https://www.courtlistener.com/api/rest/v4/clusters/9797747/,RA; claims; csv; phase1_patch,,
"9797923_2023_Cooke v. Randolph, Nebraska City Council_ned","Cooke v. Randolph, Nebraska City Council",D. Neb.,2023,9797923,https://www.courtlistener.com/api/rest/v4/clusters/9797923/,RA; claims; csv; phase1_patch,,
"9798140_2023_Cooke v. Randolph, Nebraska City Council_ned","Kandice Louise Cooke v. Randolph, Nebraska City Council and The City of Randolph, Nebraska",D. Neb.,2023,9798140,https://www.courtlistener.com/api/rest/v4/clusters/9798140/,RA; 3604; claims; csv,,
9798324_2024_Stone v. Olderbak Georgetown_Willows LLC_ned,Michelle Stone v. Olderbak Georgetown/Willows LLC,D. Neb.,2024,9798324,https://www.courtlistener.com/api/rest/v4/clusters/9798324/,RA; claims; csv,,
9798417_2024_Triplett v. Seldin Company_ned,Sheila Lynn Triplett v. Seldin Company,D. Neb.,2024,9798417,https://www.courtlistener.com/api/rest/v4/clusters/9798417/,RA; 3604; claims; csv,on file with author,51a2d2c9828d5c0d7730ad4a81f52ed28a071241a3b18844f4e58d9cc7e798b0
9798479_2024_Stone v. Olderbak Georgetown_Willows LLC_ned,Michelle Stone v. Olderbak Georgetown/Willows LLC,D. Neb.,2024,9798479,https://www.courtlistener.com/api/rest/v4/clusters/9798479/,RA; claims; csv,,
9798623_2019_Kris v. Dusseault Family Revocable Trust of 2017_nhd,Margaret Kris v. Dusseault Family Revocable Trust of 2017 et al.,D.N.H.,2019,9798623,https://www.courtlistener.com/api/rest/v4/clusters/9798623/,3604; claims; csv,,
9799020_2022_Kris v. Dusseault Family Revocable Trust of 2017_nhd,Margaret Kris v. Dusseault Family Revocable Trust of 2017,D.N.H.,2022,9799020,https://www.courtlistener.com/api/rest/v4/clusters/9799020/,RA; 3604; claims; csv,on file with author,6b3d81deb4f8c33b90226bbc33a520069b5f2e8b875d9de2030c67767c29ad94
9799105_2021_Doyle v. Constitution Apartments LLC_nhd,,,,9799105,https://www.courtlistener.com/api/rest/v4/clusters/9799105/,RA; claims,,
9799273_2023_Rivera v. Ducharme_nhd,Evelyn Rivera v. Jimmy Ducharme et al.,D.N.H.,2023,9799273,https://www.courtlistener.com/api/rest/v4/clusters/9799273/,RA; claims; csv,,
9799485_2022_Kris v. Dusseault Family Revocable Trust of 2017_nhd,Kris v. Dusseault Family Revocable Trust of 2017,D.N.H.,2022,9799485,https://www.courtlistener.com/api/rest/v4/clusters/9799485/,RA; 3604; claims; csv,,
9800011_2019_RAMOS v. RARITAN VALLEY HABITAT FOR HUMANITY_njd,"Laura Ramos and Cynthia Baker v. Raritan Valley Habitat for Humanity, et al.",D.N.J.,2019,9800011,https://www.courtlistener.com/api/rest/v4/clusters/9800011/,3604; claims; csv,,
"9800309_2019_431 E PALISADE AVENUE REAL ESTATE, LLC v. CITY OF ENGLEWOOD_njd","431 E Palisade Avenue Real Estate, LLC v. City of Englewood",D.N.J.,2019,9800309,https://www.courtlistener.com/api/rest/v4/clusters/9800309/,3604; claims; csv,,
9800350_2019_ANTONELLI v. GLOUCESTER COUNTY HOUSING AUTHORITY_njd,Antonelli v. Gloucester County Housing Authority,D.N.J.,2019,9800350,https://www.courtlistener.com/api/rest/v4/clusters/9800350/,3604; claims; csv,,
"9800952_2020_LIVINGSTONE v. HADDON POINT MANAGER, LLC_njd","Livingstone v. Haddon Point Manager, LLC",D.N.J.,2020,9800952,https://www.courtlistener.com/api/rest/v4/clusters/9800952/,3604; claims; csv,on file with author,88ba217233029c02d2dc0726a6fca83428b653ff44cb7773150857c9e781d886
"9802991_2020_THE HANSEN FOUNDATION, INC. v. CITY OF ATLANTIC CITY_njd","The Hansen Foundation, Inc. v. City of Atlantic City",D.N.J.,2020,9802991,https://www.courtlistener.com/api/rest/v4/clusters/9802991/,3604; claims; csv,,
9803230_2021_FOUR S SHELL LIMITED LIABILITY COMPANY v. PMG LIMITED LIABILITY COMPANY_njd,,,,9803230,https://www.courtlistener.com/api/rest/v4/clusters/9803230/,RA; claims,,
9803722_2021_CHAVIS v. STATE OF NEW JERSEY_njd,"Sharon Chavis, et al. v. State of New Jersey, et al.",D. N.J.,2021,9803722,https://www.courtlistener.com/api/rest/v4/clusters/9803722/,RA; claims; csv,on file with author,7b48508562873ba03f0b3f88a497a8e65a861ab6a769c6955df761e5aa2409ae
9803908_2021_D'ANTONIO v. BOROUGH OF ALLENDALE_njd,"Michael A. D'Antonio v. Borough of Allendale, et al.",D.N.J.,2021,9803908,https://www.courtlistener.com/api/rest/v4/clusters/9803908/,RA; 3604; claims; csv,on file with author,cd2e473424499be3fd639a4e0da5e443b52d63111c38ad256924d648ccfc2a8d
9804376_2021_CAMPANIELLO-CASON v. O'REILLY_njd,Samantha Campaniello-Cason v. Kevin O'Reilly,D.N.J.,2021,9804376,https://www.courtlistener.com/api/rest/v4/clusters/9804376/,RA; 3604; claims; csv,,
"9804711_2021_THE HANSEN FOUNDATION, INC. v. CITY OF ATLANTIC CITY_njd","The Hansen Foundation, Inc. v. City of Atlantic City",D.N.J.,2021,9804711,https://www.courtlistener.com/api/rest/v4/clusters/9804711/,RA; claims; csv,,
9804719_2021_KAMDEN-OUAFFO v. PLAZA SQUARE APARTMENTS_njd,Ricky Kamdem-Ouaffo v. Plaza Square Apartments,D.N.J.,2021,9804719,https://www.courtlistener.com/api/rest/v4/clusters/9804719/,RA; claims; csv; phase1_patch,,
"9804772_2021_LIVINGSTONE v. HUGO BOSS STORE, ATLANTIC CITY, NJ_njd","Livingstone v. Hugo Boss Store, Atlantic City, NJ",D.N.J.,2021,9804772,https://www.courtlistener.com/api/rest/v4/clusters/9804772/,RA; claims; csv,on file with author,b3aa7536624683302cefb278176b9d719199d5c1ed873f909846f15dcd84d770
9805081_2021_United States v. NEARY_njd,,,,9805081,https://www.courtlistener.com/api/rest/v4/clusters/9805081/,RA; claims,,
9805345_2021_BERK v. RITZ CARLTON CONDOMINIUM ASSOCIATION_njd,Jessica Berk v. Ritz Carlton Condominium Association et al.,D.N.J.,2021,9805345,https://www.courtlistener.com/api/rest/v4/clusters/9805345/,RA; claims; csv; phase1_patch,,
"9805675_2021_DENNIS v. MYLIFE.COM, INC._njd",,,,9805675,https://www.courtlistener.com/api/rest/v4/clusters/9805675/,RA; claims,,
9805949_2022_PAJELA v. PRINCE_njd,,,,9805949,https://www.courtlistener.com/api/rest/v4/clusters/9805949/,RA; claims; csv,,
9806051_2022_D'ANTONIO v. BOROUGH OF ALLENDALE_njd,"Michael A. D'Antonio v. Borough of Allendale, et al.",D.N.J.,2022,9806051,https://www.courtlistener.com/api/rest/v4/clusters/9806051/,RA; 3604; claims; csv; phase1_patch,,
9806205_2022_HOLLEY v. POMPEO_njd,,,,9806205,https://www.courtlistener.com/api/rest/v4/clusters/9806205/,RA; claims; csv,,
9806486_2022_SELVAGGI v. POINT PLEASANT BEACH BOROUGH_njd,Selvaggi v. Point Pleasant Beach Borough,D.N.J.,2022,9806486,https://www.courtlistener.com/api/rest/v4/clusters/9806486/,RA; 3604; claims; csv,,
"9806665_2022_OXFORD HOUSE, INC. v. TOWNSHIP OF NORTH BERGEN_njd","Oxford House, Inc. v. Township of North Bergen",D.N.J.,2022,9806665,https://www.courtlistener.com/api/rest/v4/clusters/9806665/,RA; 3604; claims; csv,,
9806711_2022_CONFORTI v. HANLON_njd,,,,9806711,https://www.courtlistener.com/api/rest/v4/clusters/9806711/,RA; claims; csv,,
9807223_2022_EDOUARD v. CITY OF LONG BRANCH_njd,Alphonse Edouard v. City of Long Branch and John Butow,D.N.J.,2022,9807223,https://www.courtlistener.com/api/rest/v4/clusters/9807223/,RA; claims; csv,,
"9807546_2022_VETERAN RELOCATION PROJECT, LLC v. BOROUGH OF BRADLEY BEACH_njd","Veteran Relocation Project, LLC v. Borough of Bradley Beach",D.N.J.,2022,9807546,https://www.courtlistener.com/api/rest/v4/clusters/9807546/,3604; claims; csv,,
"9807904_2023_ADAMS v. DMG PARK, LLC_njd","Adams v. DMG Park, LLC",D.N.J.,2023,9807904,https://www.courtlistener.com/api/rest/v4/clusters/9807904/,RA; 3604; claims; csv,,
"9808330_2023_THE HANSEN FOUNDATION, INC. v. CITY OF ATLANTIC CITY_njd","The Hansen Foundation, Inc. v. City of Atlantic City",D.N.J.,2023,9808330,https://www.courtlistener.com/api/rest/v4/clusters/9808330/,RA; 3604; claims; csv,,
"9808335_2023_THE SOCIETY HOUSE, LLC v. STATE OF NEW JERSEY_njd","The Society House, LLC v. State of New Jersey",D.N.J.,2023,9808335,https://www.courtlistener.com/api/rest/v4/clusters/9808335/,p3ext_20260703,,
"9808639_2015_Texas Dept. of Housing and Community Affairs v. Inclusive Communities Project, Inc._scotus","Texas Dept. of Housing and Community Affairs v. Inclusive Communities Project, Inc.",SCOTUS,2015,9808639,https://www.courtlistener.com/api/rest/v4/clusters/9808639/,3604; claims,,
"9808640_2015_Texas Dept. of Housing and Community Affairs v. Inclusive Communities Project, Inc._scotus","Texas Dept. of Housing and Community Affairs v. Inclusive Communities Project, Inc.",U.S. Supreme Court,2015,9808640,https://www.courtlistener.com/api/rest/v4/clusters/9808640/,3604; claims,,
"9809373_2023_VERITAS RECOVERY CENTER, LLC v. CITY OF SOUTH AMBOY_njd","Veritas Recovery Center, LLC v. City of South Amboy",D.N.J.,2023,9809373,https://www.courtlistener.com/api/rest/v4/clusters/9809373/,RA; claims; csv,,
9810346_2023_SELVAGGI v. POINT PLEASANT BEACH BOROUGH_njd,,,,9810346,https://www.courtlistener.com/api/rest/v4/clusters/9810346/,RA; claims; csv,,
"9810407_2023_QUANTUM BEHAVIORAL HEALTH, LLC v. TOWNSHIP OF BERKELEY_njd","Quantum Behavioral Health, LLC v. Township of Berkeley",D.N.J.,2023,9810407,https://www.courtlistener.com/api/rest/v4/clusters/9810407/,RA; claims; csv,,
"9810891_2023_THE HANSEN FOUNDATION, INC. v. CITY OF ATLANTIC CITY_njd","The Hansen Foundation, Inc. v. City of Atlantic City",D.N.J.,2023,9810891,https://www.courtlistener.com/api/rest/v4/clusters/9810891/,RA; 3604; claims; csv,,
9811067_2023_STEELE v. NEAL_njd,"Kimberley Steele v. Simone Neal, Armid Erneja, Hija Johnson, Director of Division of Family Development, Department of Human Services Division of Social Services Union County",D.N.J.,2023,9811067,https://www.courtlistener.com/api/rest/v4/clusters/9811067/,RA; claims; csv,on file with author,67f793f6ff1d36b1ce0de8368204924a916dcc87bfc2f2e740219f5c5bd6c690
9811082_2023_MOUNT LAUREL TOWNSHIP v. CHARERNSOOK_njd,,,,9811082,https://www.courtlistener.com/api/rest/v4/clusters/9811082/,RA; claims; csv,,
9811525_2024_BERK v. RITZ CARLTON CONDOMINIUM ASSOCIATION_njd,"Jessica Berk and William Henry Kennedy v. Ritz Carlton Condominium Association, et al.",D.N.J.,2024,9811525,https://www.courtlistener.com/api/rest/v4/clusters/9811525/,RA; 3604; claims; csv,,
9811823_2024_FRANKLIN v. THE JERSEY CITY HOUSING AUTHORITY_njd,"Edwina Franklin v. The Jersey City Housing Authority, Secretary, Department of Housing and Urban Development",D.N.J.,2024,9811823,https://www.courtlistener.com/api/rest/v4/clusters/9811823/,RA; claims; csv; phase1_patch,,
9811953_2024_PRINCE v. PAJELA_njd,Donell L. Prince v. Priscilla Pajela,D.N.J.,2024,9811953,https://www.courtlistener.com/api/rest/v4/clusters/9811953/,p3ext_20260703,,
9812045_2024_KENNEDY v. ESQ CAPITAL III LLC_njd,Hilda T. Kennedy v. ESQ Capital III LLC,D.N.J.,2024,9812045,https://www.courtlistener.com/api/rest/v4/clusters/9812045/,RA; claims; csv,on file with author,2c1a2864159f2710ad85ffd97238278a85a07144b31e905ae17d06e4a1dbede2
"9812120_2024_DAMIANI v. CMG MORTGAGE, INC._njd",,,,9812120,https://www.courtlistener.com/api/rest/v4/clusters/9812120/,RA; claims; csv,,
"9812208_2024_1940 ROUTE 9, LLC v. TOWNSHIP OF TOMS RIVER, NEW JERSEY_njd","1940 Route 9, LLC v. Township of Toms River, New Jersey",D.N.J.,2024,9812208,https://www.courtlistener.com/api/rest/v4/clusters/9812208/,RA; 3604; claims; csv; phase1_patch,,
"9812229_2024_OXFORD HOUSE, INC. v. TOWNSHIP OF NORTH BERGEN_njd","Oxford House, Inc. v. Township of North Bergen",D.N.J.,2024,9812229,https://www.courtlistener.com/api/rest/v4/clusters/9812229/,RA; 3604; claims; csv,on file with author,7bbc5a2cedfc908eeba18a46e6f248ea778febd624974db7267d2781a68f0886
9812254_2024_FRANKLIN v. THE JERSEY CITY HOUSING AUTHORITY_njd,"Edwina Franklin v. The Jersey City Housing Authority, Secretary, Department of Housing and Urban Development",D.N.J.,2024,9812254,https://www.courtlistener.com/api/rest/v4/clusters/9812254/,RA; claims; csv; phase1_patch,,
"9816401_2022_Margaret McGuinn v. J.L Gray Company, Inc._nmd","United States of America, ex rel. Margaret McGuinn v. The J.L. Gray Company",D.N.M.,2022,9816401,https://www.courtlistener.com/api/rest/v4/clusters/9816401/,RA; claims; csv; phase1_patch,,
"9816671_2022_Margaret McGuinn v. J.L Gray Company, Inc._nmd","United States of America, ex rel. Margaret McGuinn v. The J.L. Gray Company, et al.",D.N.M.,2022,9816671,https://www.courtlistener.com/api/rest/v4/clusters/9816671/,RA; claims; csv; phase1_patch,,
9816777_2022_National Fair Housing Alliance v. Brookdale Santa Fe_nmd,National Fair Housing Alliance v. Brookdale Santa Fe,D.N.M.,2022,9816777,https://www.courtlistener.com/api/rest/v4/clusters/9816777/,RA; claims; csv,on file with author,10e3d7a1f91e865cea8672c9725620113c8b7ddd64d03d0625e513d9adbd93d7
9816832_2022_Burnside v. Monarch Real Estate Corp._nmd,Johnny Levelt Burnside v. Monarch Real Estate Corporation,D.N.M.,2022,9816832,https://www.courtlistener.com/api/rest/v4/clusters/9816832/,RA; claims; csv; phase1_patch,on file with author,344bc205ca13a26c55eb9d68fbd280cd2f13b8a3a0c8772783435b55725a811b
9817057_2022_Burnside v. Monarch Real Estate Corp._nmd,"Johnny Levelt Burnside v. Monarch Real Estate Corporation, Adam Marrujo, and Bradley Berglund",D.N.M.,2022,9817057,https://www.courtlistener.com/api/rest/v4/clusters/9817057/,RA; claims; csv,on file with author,a11f353d3f19f9d44a9f03e162403e0604d79a290fe01b67393ad416fa03c857
9817061_2022_Burnside v. Monarch Real Estate Corp._nmd,Johnny Levelt Burnside v. Monarch Real Estate Corporation,D.N.M.,2022,9817061,https://www.courtlistener.com/api/rest/v4/clusters/9817061/,RA; 3604; claims; csv; phase1_patch,,
9817149_2022_Cruz v. Board of County Commissioners of the County of Bernalillo_nmd,Antonise Cruz v. Board of County Commissioners of the County of Bernalillo and Bernalillo County Housing Department,D. N.M.,2022,9817149,https://www.courtlistener.com/api/rest/v4/clusters/9817149/,RA; 3604; claims; csv,,
9817781_2023_Burnside v. Monarch Real Estate Crop_nmd,Johnny Levelt Burnside v. Monarch Real Estate Corp.,D.N.M.,2023,9817781,https://www.courtlistener.com/api/rest/v4/clusters/9817781/,RA; 3604; claims; csv,on file with author,af709ea26131bde9856ce1d133a642b39ff4f81712137e185618269452ab5d79
"9817813_2023_Lopez v. COMPA Industries, Inc._nmd",Samuel Rene Lopez v. Compa Industries Inc.,D.N.M.,2023,9817813,https://www.courtlistener.com/api/rest/v4/clusters/9817813/,RA; claims; csv; phase1_patch,,
9818012_2023_Burnside v. Monarch Real Estate Crop_nmd,Johnny Levelt Burnside v. Monarch Real Estate Corp.,D.N.M.,2023,9818012,https://www.courtlistener.com/api/rest/v4/clusters/9818012/,RA; 3604; claims; csv,on file with author,6c208b007d6fd26b4c2b8b5667fc0b7830bc73db69f8356582c549f02614f7d4
9818630_2024_Thomas v. Bridge_nmd,"Ronnie J. Thomas v. Linda Bridge, Thea Guerin, and Esther Lucero",D.N.M.,2024,9818630,https://www.courtlistener.com/api/rest/v4/clusters/9818630/,RA; claims; csv; phase1_patch; phase2_extraction,,
"9818848_2024_Lopez v. COMPA Industries, Inc._nmd",Samuel Rene Lopez v. Compa Industries Inc.,D.N.M.,2024,9818848,https://www.courtlistener.com/api/rest/v4/clusters/9818848/,p3ext_20260703,,
9818938_2024_Thomas v. Bridge_nmd,"Ronnie J. Thomas v. Linda Bridge, Thea Guerin, and Esther Lucero",D.N.M.,2024,9818938,https://www.courtlistener.com/api/rest/v4/clusters/9818938/,RA; claims; csv; phase1_patch,,
9820177_2019_Hillery v. Sun City Anthem Community Association Inc_nvd,"Hillery v. Sun City Anthem Community Association, Inc.",D. Nev.,2019,9820177,https://www.courtlistener.com/api/rest/v4/clusters/9820177/,3604; claims; csv,,
9820781_2015_In RE_TAM en Banc_cafc,,,,9820781,https://www.courtlistener.com/api/rest/v4/clusters/9820781/,3604; claims,,
9823280_2020_Fulkerson v. The Hartford_nvd,Fulkerson v. The Hartford,D. Nev.,2020,9823280,https://www.courtlistener.com/api/rest/v4/clusters/9823280/,3604; claims; csv; phase1_patch,on file with author,4c368e1a61f196aed87b7af2c10ce81d64cd0eadadc67142ab9e7a052882cc12
9824485_2020_Torres v. Rothstein_nvd,Torres v. Rothstein,D. Nev.,2020,9824485,https://www.courtlistener.com/api/rest/v4/clusters/9824485/,3604; claims; csv,,
9824661_2021_O'Neil v. Salas_nvd,"Aimee O'Neil v. Jovi Salas, et al.",D. Nev.,2021,9824661,https://www.courtlistener.com/api/rest/v4/clusters/9824661/,RA; 3604; claims; csv,on file with author,064ee443216a209f4dfb6dca2d712dd1ef668eb5156db98ed87ee8b12e447d2b
9824801_2021_Godwin v. Senior Garden Apartments_nvd,"Victoria-Joy Godwin v. Senior Garden Apartments, et al.",D. Nev.,2021,9824801,https://www.courtlistener.com/api/rest/v4/clusters/9824801/,RA; claims; csv; phase1_patch,on file with author,4246df6bac781c2bf580b8302bef35f99043ebca0516043a96d0f8c3039eb164
9826289_2021_Hansen v. Delaney_nvd,Hansen v. Delaney,D. Nev.,2021,9826289,https://www.courtlistener.com/api/rest/v4/clusters/9826289/,RA; claims; csv; phase1_patch,on file with author,7868f5195e0d8a784dbcd92bb2a3c9bc2e6482a9bd41513b1a4f1088abb933f7
9827072_2021_Godwin v. Senior Garden Apartments_nvd,"Victoria-Joy Godwin v. Senior Garden Apartments, et al.",D. Nev.,2021,9827072,https://www.courtlistener.com/api/rest/v4/clusters/9827072/,RA; claims; csv,,
9827432_2021_Carpenter v. Southern Nevada Regional Housing Authority_nvd,Phyllis J. Carpenter v. Southern Nevada Regional Housing Authority,D. Nev.,2021,9827432,https://www.courtlistener.com/api/rest/v4/clusters/9827432/,RA; 3604; claims; csv; phase1_patch,on file with author,f6bf71d024997e2add9bed8b7ce930b405fefe119c06f6c63bd006264840ab67
9827845_2021_Seelig v. Old Vegas Manor and Estates Homeowners Association_nvd,"Stephen M. Seelig and Vikki L. Seelig v. Old Vegas Manor and Estates Homeowners Association, et al.",D. Nev.,2021,9827845,https://www.courtlistener.com/api/rest/v4/clusters/9827845/,RA; 3604; claims; csv,,
9829212_2022_O'Rourke v. VanHeel_nvd,"Kenneth O'Rourke, et al. v. Kim VanHeel, et al.",D. Nev.,2022,9829212,https://www.courtlistener.com/api/rest/v4/clusters/9829212/,RA; 3604; claims; csv,,
9831553_2023_Bloodgood-Loper v. Loper_nvd,Bloodgood-Loper v. Loper,D. Nev.,2023,9831553,https://www.courtlistener.com/api/rest/v4/clusters/9831553/,RA; claims; csv,on file with author,72994f9c13894b09ab63843b4c70a658754d779e2b2b9a02c314bd1549be0a47
9832482_2023_Kandell v. SUR 702_nvd,"Ronald Eric Kandell v. SUR 702, et al.",D. Nev.,2023,9832482,https://www.courtlistener.com/api/rest/v4/clusters/9832482/,RA; 3604; claims; csv,on file with author,fd45c2f3f63f6e6ffe0445c0a29bb7d8eaa9afafa571a128f0490cd539768270
9832531_2023_Brown v. American Homes 4 Rent_nvd,"Ronald A. Brown, Sr., et al. v. American Homes 4 Rent, et al.",D. Nev.,2023,9832531,https://www.courtlistener.com/api/rest/v4/clusters/9832531/,RA; 3604; claims; csv,on file with author,7dc3d56c5cca2170fb1cd17a36a0eeeb84813f636a849524b3c2bf31810d3d21
9832770_2023_Gilford v. Campbell_nvd,,,,9832770,https://www.courtlistener.com/api/rest/v4/clusters/9832770/,RA; claims; csv,,
9832973_2023_Alexander v. The Croix Townhomes LLC_nvd,Kevin Alexander & Alma Alexander v. The Croix Townhomes LLC,D. Nev.,2023,9832973,https://www.courtlistener.com/api/rest/v4/clusters/9832973/,3604; claims; csv,,
9833039_2023_Kandell v. SUR 702_nvd,"Ronald Eric Kandell v. SUR 702, et al.",D. Nev.,2023,9833039,https://www.courtlistener.com/api/rest/v4/clusters/9833039/,RA; claims; csv; phase1_patch,on file with author,a39f6c31c37f9313986a9f3757eed10550981fde58b2073fca62e00cc497394a
9833369_2023_Brown v. American Homes 4 Rent_nvd,"Ronald A. Brown, Sr. v. American Homes 4 Rent",D. Nev.,2023,9833369,https://www.courtlistener.com/api/rest/v4/clusters/9833369/,RA; claims; csv; phase1_patch,on file with author,323b1e87e6ac04fb09c07545c183f02574f56bce5cd806de3e4ae877c0c2b8b1
9834284_2023_Jones v. Tierney_nvd,Christopher A. Jones v. Brenda Tierney; Larry Hastings; Robert Rosenfeld; Suzanne Doe; Sarah Doe; HOA Board,D. Nev.,2023,9834284,https://www.courtlistener.com/api/rest/v4/clusters/9834284/,RA; claims; csv,on file with author,6c60154847b43ea880562a73674cdacaecb607a65c13379aed627bd0cb540c90
9834511_2023_Aragon v. Black_nvd,"Fred Anthony Aragon v. Wendy Black; Coyote Corner, Inc.; Jennifer Aragon",D. Nev.,2023,9834511,https://www.courtlistener.com/api/rest/v4/clusters/9834511/,RA; claims; csv,on file with author,eb574bada4352152052721107b50cd2316a01d1e748540fa86f1ebfee8b0c771
"9834629_2024_Perkins Jr. v. Panorama Towers Condo Unit Owners, Dennis Kariger_nvd","Preston D. Perkins, Jr. v. Panorama Towers Condominium Complex, et al.",D. Nev.,2024,9834629,https://www.courtlistener.com/api/rest/v4/clusters/9834629/,RA; claims; csv; phase1_patch,on file with author,e3232a2db163eeed2e93c4b67791cfa6a05b4d9e6c842e4101afcf70749b8397
"9836005_2024_Perkins Jr. v. Panorama Towers Condo Unit Owners, Dennis Kariger_nvd","Preston D. Perkins, Jr. v. Panorama Towers Condominium Complex, et al.",D. Nev.,2024,9836005,https://www.courtlistener.com/api/rest/v4/clusters/9836005/,RA; 3604; claims; csv,on file with author,a00f49b6d7cb87c62183bdadc239277cc7f34a58cb4c753eaf8fc71c2858d71e
9836268_2019_Koso v. St. Josephs Senior Housing Village_nyed,Linda Koso v. St. Joseph's Senior Housing Village and Stanan Management,E.D.N.Y.,2019,9836268,https://www.courtlistener.com/api/rest/v4/clusters/9836268/,3604; claims; csv,on file with author,705816deee1a367322c5b1f570a6460230ff9643ad1eed65f21c7cffd09b8aed
"9836490_2019_Village Green at Sayville, LLC v. The Town of Islip_nyed","Village Green at Sayville, LLC v. The Town of Islip",E.D.N.Y.,2019,9836490,https://www.courtlistener.com/api/rest/v4/clusters/9836490/,3604; claims; csv,on file with author,c5f930528e13d03d265624715b1c9835e6a319a5ec04e4d7f8430439f36bff31
9838610_2020_Ortega v. Samaritan Village Myrtle Ave. Men's Shelter_nyed,Ivan Fernando Ortega v. Samaritan Village Myrtle Ave. Men's Shelter,E.D.N.Y.,2020,9838610,https://www.courtlistener.com/api/rest/v4/clusters/9838610/,3604; claims; csv,on file with author,a20b443ca5c57c99ab66c4ce5f39c0ae7dd2a6dbc2e64d4d75018cc31b735de3
9838640_2020_Brown v. Fire Department of the City of New York_nyed,Brown v. Fire Department of the City of New York,E.D.N.Y.,2020,9838640,https://www.courtlistener.com/api/rest/v4/clusters/9838640/,3604; claims; csv,on file with author,3e38b61583a49d8fb61597fb2dcc8c6df31e910a61e0bd0d9aa7ba313a3b794a
9838872_2023_Reese v. Park Place Condominium Homeowners Association I_dcd,Allison Reese v. Park Place Condominium Homeowners Association I,D.D.C.,2023,9838872,https://www.courtlistener.com/api/rest/v4/clusters/9838872/,3604; claims; csv; iqbal,,
9838910_2021_Albano v. DiggDejected_nyed,,,,9838910,https://www.courtlistener.com/api/rest/v4/clusters/9838910/,RA; claims,,
"9839004_2021_Village Green at Sayville, LLC v. The Town of Islip_nyed","Village Green at Sayville, LLC v. The Town of Islip",E.D.N.Y.,2021,9839004,https://www.courtlistener.com/api/rest/v4/clusters/9839004/,RA; claims; csv,on file with author,2b8797e62193be95d6ea030da38014a349dcb2ee8bc44cfd79e48657a78b094e
9839182_2021_Joseph v. Korn_nyed,,,,9839182,https://www.courtlistener.com/api/rest/v4/clusters/9839182/,RA; claims,,
9839392_2021_Xu v. Suffolk County_nyed,Yan Ping Xu v. Suffolk County,E.D.N.Y.,2021,9839392,https://www.courtlistener.com/api/rest/v4/clusters/9839392/,RA; 3604; claims; csv,,
"9839692_2021_Birch Family Services, Inc. v. Wlody_nyed","Birch Family Services, Inc. v. Wlody",E.D.N.Y.,2021,9839692,https://www.courtlistener.com/api/rest/v4/clusters/9839692/,RA; claims; csv,,
9839748_2021_Nelson v. Friedman_nyed,,,,9839748,https://www.courtlistener.com/api/rest/v4/clusters/9839748/,RA; claims,,
"9839980_2021_Perricone-Bernovich v. Community Development Corporation of Long Island, Inc._nyed","Barbara A. Perricone-Bernovich, et al. v. Community Development Corporation of Long Island, Inc., et al.",E.D.N.Y.,2021,9839980,https://www.courtlistener.com/api/rest/v4/clusters/9839980/,RA; claims; csv,,
"9840258_2021_Long Island Housing Services, Inc. v. NPS Holiday Square LLC_nyed","Long Island Housing Services, Inc. v. NPS Holiday Square LLC",E.D.N.Y.,2021,9840258,https://www.courtlistener.com/api/rest/v4/clusters/9840258/,RA; 3604; claims; csv,,
9840823_2022_Abbananto v. County of Nassau_nyed,,,,9840823,https://www.courtlistener.com/api/rest/v4/clusters/9840823/,RA; claims; csv,,
9840825_2022_Calixte v. Susan Ray Equities Inc._nyed,Charles Didier Calixte v. Susan Ray Equities Inc.,E.D.N.Y.,2022,9840825,https://www.courtlistener.com/api/rest/v4/clusters/9840825/,RA; 3604; claims; csv,on file with author,d93d1769cf214d408e8ceec471bc065288c5a65e08debb15015afa20a64e30e3
9841246_2022_Von Siemens v. Abramcyk_nyed,,,,9841246,https://www.courtlistener.com/api/rest/v4/clusters/9841246/,RA; claims; csv,,
9841476_2022_Saint-Jean v. Emigrant Mortgage Company_nyed,,,,9841476,https://www.courtlistener.com/api/rest/v4/clusters/9841476/,RA; claims; csv,,
9841571_2022_Saint-Jean v. Emigrant Mortgage Company_nyed,"Jean Robert Saint-Jean, et al. v. Emigrant Mortgage Company, et al.",E.D.N.Y.,2022,9841571,https://www.courtlistener.com/api/rest/v4/clusters/9841571/,RA; claims; csv; phase1_patch,,
9841712_2022_Jones Bey v. Sirius-El_nyed,,,,9841712,https://www.courtlistener.com/api/rest/v4/clusters/9841712/,RA; claims; csv,,
9841793_2022_Ortega v. New York State Temporary Disability Assistance_nyed,,,,9841793,https://www.courtlistener.com/api/rest/v4/clusters/9841793/,RA; claims; csv,,
9841795_2022_Ortega v. Samaritan Village Myrtle Ave. Men's Shelter_nyed,,,,9841795,https://www.courtlistener.com/api/rest/v4/clusters/9841795/,RA; claims; csv,,
"9841875_2022_Fair Housing Justice Center, Inc. v. 203 Jay St. Associates, LLC_nyed","Fair Housing Justice Center, Inc. v. 203 Jay St. Associates, LLC",E.D.N.Y.,2022,9841875,https://www.courtlistener.com/api/rest/v4/clusters/9841875/,RA; 3604; claims; csv,,
"9842042_2022_Murray v. United Parcels Service, Inc._nyed",,,,9842042,https://www.courtlistener.com/api/rest/v4/clusters/9842042/,RA; claims; csv,,
9842313_2022_Neira Marquez v. Office of Social Security_nyed,,,,9842313,https://www.courtlistener.com/api/rest/v4/clusters/9842313/,RA; claims; csv,,
9842646_2023_Doe v. Pistilli_nyed,Jane Doe v. Anthony Pistilli et al.,S.D.N.Y.,2023,9842646,https://www.courtlistener.com/api/rest/v4/clusters/9842646/,RA; claims; csv,,
9842777_2023_Samura v. Figueroa_nyed,"Mohamed Samura v. Maria Figueroa, Castleton Park Management, and Castleton Preservation LLC",E.D.N.Y.,2023,9842777,https://www.courtlistener.com/api/rest/v4/clusters/9842777/,RA; claims; csv,on file with author,020a17f954751d14302e0c47152102ff8b7260230f36a05aa2e3b613b3f1c7e8
"9842866_2023_Levy v. Lawrence Gardens Apartments Del, LLC_nyed","David Levy v. Lawrence Gardens Apartments Del, LLC",E.D.N.Y.,2023,9842866,https://www.courtlistener.com/api/rest/v4/clusters/9842866/,RA; 3604; claims; csv,on file with author,af87380231b0ab613dcb53335cd8d4b9602a0d1dc3db0eb6cb7b6495a2e1323f
9842967_2023_Hall v. Nassau County_nyed,"Wayne J. Hall, Reina Hernandez, and Floridalma Portilla v. Nassau County, Department of Assessment of Nassau County, Assessment Review Commission of Nassau County",E.D.N.Y.,2023,9842967,https://www.courtlistener.com/api/rest/v4/clusters/9842967/,RA; claims; csv,,
9843230_2023_Kent v. PoolTogether Inc._nyed,,,,9843230,https://www.courtlistener.com/api/rest/v4/clusters/9843230/,RA; claims; csv,,
9843998_2023_Thomas v. Venditto_nyed,Thomas v. Genova,E.D.N.Y.,2023,9843998,https://www.courtlistener.com/api/rest/v4/clusters/9843998/,RA; 3604; claims; csv,,
9844374_2024_Disability Rights New York v. The State of New York_nyed,,,,9844374,https://www.courtlistener.com/api/rest/v4/clusters/9844374/,RA; claims; csv,,
"9845340_2019_UMH Properties, Inc. v. Village of Coxsackie_nynd","UMH Properties, Inc. et al. v. Village of Coxsackie et al.",N.D.N.Y.,2019,9845340,https://www.courtlistener.com/api/rest/v4/clusters/9845340/,3604; claims; csv; phase1_patch,on file with author,d15ee8314f2566bd98d0633f950193f03556f9b2a7d3e4c332eb181c55c2d94d
9845882_2020_Doe v. YWCA of Northeastern NY_nynd,Doe v. YWCA of Northeastern NY,N.D.N.Y.,2020,9845882,https://www.courtlistener.com/api/rest/v4/clusters/9845882/,3604; claims; csv,on file with author,f04c26382e5c1ef70479fdc2856d4b520664ea2e7897b549c64a2e63b87ae5ef
"9846758_2020_Timmons v. Kingsley-Johnston, Inc_nynd","Timmons v. Kingsley-Johnston, Inc.",N.D.N.Y.,2020,9846758,https://www.courtlistener.com/api/rest/v4/clusters/9846758/,3604; claims; csv,,
"9846958_2021_George, Sr. v. Commissioner of Social Secirity_nynd",,,,9846958,https://www.courtlistener.com/api/rest/v4/clusters/9846958/,RA; claims,,
"9847385_2021_Cedar Development East,LLC v. Town Board of Hurley_nynd","Cedar Development East, LLC v. Town Board of Hurley",N.D.N.Y.,2021,9847385,https://www.courtlistener.com/api/rest/v4/clusters/9847385/,RA; claims; csv; phase1_patch,,
9847505_2021_United States v. Waterbury_nynd,"United States of America v. Douglas Waterbury, et al.",N.D.N.Y.,2021,9847505,https://www.courtlistener.com/api/rest/v4/clusters/9847505/,RA; claims; csv; phase1_patch,,
9847684_2021_Henry v. Dinello_nynd,,,,9847684,https://www.courtlistener.com/api/rest/v4/clusters/9847684/,RA; claims,,
"9847946_2022_CNY Fair Housing, Inc. v. Clover Group Inc._nynd","CNY Fair Housing, Inc. v. Clover Group Inc.",N.D.N.Y.,2022,9847946,https://www.courtlistener.com/api/rest/v4/clusters/9847946/,RA; 3604; claims; csv,,
"9848402_2022_Cedar Development East,LLC v. Town Board of Hurley_nynd","Cedar Development East, LLC v. Town Board of Hurley",N.D.N.Y.,2022,9848402,https://www.courtlistener.com/api/rest/v4/clusters/9848402/,RA; claims; csv,on file with author,6cedc506455cd6c1771ea6b29f2cc9e79d66c25c64591bbf485cbe27e7be5baa
"9848408_2022_CNY Fair Housing, Inc. v. Swiss Village, LLC_nynd","CNY Fair Housing, Inc. v. Swiss Village, LLC",N.D.N.Y.,2022,9848408,https://www.courtlistener.com/api/rest/v4/clusters/9848408/,RA; 3604; claims; csv,,
9848778_2022_Weilburg v. Jacobson_nynd,Weilburg v. Castellane,N.D.N.Y.,2022,9848778,https://www.courtlistener.com/api/rest/v4/clusters/9848778/,RA; claims; csv,,
9848981_2023_Byng v. Kelly_nynd,Kevin V. Byng v. Bob Kelly,N.D.N.Y.,2023,9848981,https://www.courtlistener.com/api/rest/v4/clusters/9848981/,RA; 3604; claims; csv,on file with author,77a85d85b6400a4a8c0f035d9206b58eef0ce5636cd6439d697ab7d5d7f7b754
9849156_2023_Weilburg v. Jacobson_nynd,Weilburg v. Castellane,N.D.N.Y.,2023,9849156,https://www.courtlistener.com/api/rest/v4/clusters/9849156/,RA; 3604; claims; csv,,
9849231_2023_Hendricks v. Urban _ Economic Development_nynd,"Danielle Hendricks v. Krystal Curley, et al.",N.D.N.Y.,2023,9849231,https://www.courtlistener.com/api/rest/v4/clusters/9849231/,RA; 3604; claims; csv,on file with author,52077f75033ce62009ed808bb04aa1fbc2fe41753ec4ef3e2a1831ffe3ed79ae
"9849251_2023_Clover Communities Beavercreek, LLC v. Mussachio Architects P.C._nynd","Clover Communities Beavercreek, LLC v. Mussachio Architects P.C.",N.D.N.Y.,2023,9849251,https://www.courtlistener.com/api/rest/v4/clusters/9849251/,RA; 3604; claims; csv,,
9849398_2023_Ming v. Brouillete_nynd,Tirza F. Ming v. Julia Brouillete et al.,N.D.N.Y.,2023,9849398,https://www.courtlistener.com/api/rest/v4/clusters/9849398/,RA; claims; csv; phase1_patch,,
"9849587_2023_Chestnut Hill NY, Inc. v. City of Kingston_nynd","Chestnut Hill NY, Inc. v. City of Kingston",N.D.N.Y.,2023,9849587,https://www.courtlistener.com/api/rest/v4/clusters/9849587/,RA; claims; csv,,
9849606_2023_Peek v. Duanesburg Central School District_nynd,,,,9849606,https://www.courtlistener.com/api/rest/v4/clusters/9849606/,RA; claims; csv,,
"9849699_2024_Clover Communities Beavercreek, LLC v. Mussachio Architects P.C._nynd","Clover Communities Beavercreek, LLC v. Mussachio Architects P.C.",N.D.N.Y.,2024,9849699,https://www.courtlistener.com/api/rest/v4/clusters/9849699/,RA; 3604; claims; csv,,
9849848_2024_Manigault v. Spry_nynd,,,,9849848,https://www.courtlistener.com/api/rest/v4/clusters/9849848/,RA; claims; csv,,
"9849905_2024_Brown v. Community Preservation Partners, LLC_nynd","Beverly Brown, et al. v. Community Preservation Partners, LLC, et al.",N.D.N.Y.,2024,9849905,https://www.courtlistener.com/api/rest/v4/clusters/9849905/,RA; claims; csv; phase1_patch,,
"9849935_2024_CNY Fair Housing, Inc. v. Clover Group Inc._nynd","CNY Fair Housing, Inc. v. WellClover Holdings LLC",N.D.N.Y.,2024,9849935,https://www.courtlistener.com/api/rest/v4/clusters/9849935/,RA; claims; csv,,
9849942_2024_Smith v. Davis_nynd,Smith v. Davis,N.D.N.Y.,2024,9849942,https://www.courtlistener.com/api/rest/v4/clusters/9849942/,RA; claims; csv,,
"9850284_2019_Favourite v. 55 Halley Street, Inc._nysd","Rayntha Favourite v. 55 Halley Street, Inc.",S.D.N.Y.,2019,9850284,https://www.courtlistener.com/api/rest/v4/clusters/9850284/,3604; claims; csv,,
9850350_2019_Harris v. The Yonkers Department of Social Services_OTDA_OAH_nysd,Rhonda L. Harris v. The Yonkers Department of Social Services/OTDA/OAH,S.D.N.Y.,2019,9850350,https://www.courtlistener.com/api/rest/v4/clusters/9850350/,3604; claims; csv,on file with author,be4ea0531d71bb2b5cacc1d355b8743a1c7f6ebb03552e090165e468f6d2fdf0
9850424_2019_Thompson v. NYC_nysd,Thompson v. NYC,S.D.N.Y.,2019,9850424,https://www.courtlistener.com/api/rest/v4/clusters/9850424/,3604; claims; csv,,
9850828_2019_McKins v. Pye_nysd,McKins v. Pye,S.D.N.Y.,2019,9850828,https://www.courtlistener.com/api/rest/v4/clusters/9850828/,3604; claims; csv,on file with author,a2da1fb59628dfb44b9e153e04f487ef6f9bc09d86c679144dbb75d1e581ca93
"9850835_2019_De La Fuente v. The Sherry Netherland, Inc._nysd","De La Fuente v. The Sherry Netherland, Inc.",S.D.N.Y.,2019,9850835,https://www.courtlistener.com/api/rest/v4/clusters/9850835/,3604; claims; csv,,
9850873_2019_Lopez v. New York City Dept. Homeless Services_nysd,Lopez v. City of New York,S.D.N.Y.,2019,9850873,https://www.courtlistener.com/api/rest/v4/clusters/9850873/,3604; claims; csv,on file with author,8d3a2ffd990276d1ca1f962b0f61a3c790194d30df1f27e405dbf7a5454560cb
9850893_2019_Vinnie Hardee v. Pritchett_nysd,Vinnie Hardee v. City of New Rochelle Section 8 Housing Agency,S.D.N.Y.,2019,9850893,https://www.courtlistener.com/api/rest/v4/clusters/9850893/,3604; claims; csv,on file with author,e1d6dc02794616c1f42a25b29d6dead4e23953a732b0549acb57ae0625e406a1
9850986_2019_A.L.M. v. Board of Managers of the Vireum Schoolhouse Condominium_nysd,"A.L.M., a minor, by and through her Parent and Guardian, Scott M. Moore, and Scott M. Moore, individually v. Board of Managers of the Vireum Schoolhouse Condominium",S.D.N.Y.,2019,9850986,https://www.courtlistener.com/api/rest/v4/clusters/9850986/,3604; claims; csv,,
9851022_2019_Noel v. City Of New York_nysd,Noel v. City of New York,S.D.N.Y.,2019,9851022,https://www.courtlistener.com/api/rest/v4/clusters/9851022/,3604; claims; csv,,
"9851239_2019_Mill Street Partners, LLC v. City of Newburgh_nysd","Mill Street Partners, LLC v. City of Newburgh",S.D.N.Y.,2019,9851239,https://www.courtlistener.com/api/rest/v4/clusters/9851239/,3604; claims; csv,,
"9851565_2019_Fair Housing Justice Center, Inc. v. Cuomo_nysd","Fair Housing Justice Center, Inc. v. Cuomo",S.D.N.Y.,2019,9851565,https://www.courtlistener.com/api/rest/v4/clusters/9851565/,3604; claims; csv,,
9852101_2019_Indig v. Village of Pomona_nysd,"Samuel Indig, Leah Indig, Meir Kahana, Robert Klein, and Naftali Klein v. The Village of Pomona, Brett Yagel, Louis Zummo, Leon Harris, and Doris Ulman",S.D.N.Y.,2019,9852101,https://www.courtlistener.com/api/rest/v4/clusters/9852101/,3604; claims; csv,,
9852906_2019_Tunne v. Spears_nysd,"Mark Tunne v. Brenda S. Spears, et al.",S.D.N.Y.,2019,9852906,https://www.courtlistener.com/api/rest/v4/clusters/9852906/,3604; claims; csv,on file with author,f10f458e7879c040e554a409495683cfe7308d214520d2e8cdf7646d46972256
9853907_2020_Ochei v. Lapes_nysd,Ochei v. Lapes,S.D.N.Y.,2020,9853907,https://www.courtlistener.com/api/rest/v4/clusters/9853907/,3604; claims; csv; phase1_patch,on file with author,b6cb2d63c878dac100e1c6af671a6d749c74f146152afc2a1245528df62a8aa1
9854236_2020_Shieh v. N.Y.C.H.A._nysd,,,,9854236,https://www.courtlistener.com/api/rest/v4/clusters/9854236/,3604; claims,,
"9854778_2020_Fair Housing Justice Center, Inc. v. JDS Development LLC_nysd","Fair Housing Justice Center, Inc. v. JDS Development LLC",S.D.N.Y.,2020,9854778,https://www.courtlistener.com/api/rest/v4/clusters/9854778/,3604; claims; csv,,
"9855309_2020_Stone v. 23rd Chelsea Associates, LLC_nysd","Stone v. 23rd Chelsea Associates, LLC",S.D.N.Y.,2020,9855309,https://www.courtlistener.com/api/rest/v4/clusters/9855309/,3604; claims; csv,on file with author,31d8e99b4b72e1d6e00d0355919d6f10bd8c2e334e5267d36ffe2dadec949205
9855547_2020_Anderson-Bey v. ACS_nysd,Bernard T. Anderson Bey v. ACS; NYCHA; DCSE; HRA (referenced as New York State and the City of New York),S.D.N.Y.,2020,9855547,https://www.courtlistener.com/api/rest/v4/clusters/9855547/,3604; claims; csv,on file with author,adf316493964aadbbc4360d8de7f9c54e4779a02b57bdc7e742b20500d5fbe27
9855738_2020_Hannan v. Torres-Springer_nysd,Matthew Hannan v. Amy Rose et al.,S.D.N.Y.,2020,9855738,https://www.courtlistener.com/api/rest/v4/clusters/9855738/,3604; claims; csv,,
"9855791_2020_Barker v. Women In Need, Inc._nysd","Akasha Tania Barker v. Women In Need, Inc.",S.D.N.Y.,2020,9855791,https://www.courtlistener.com/api/rest/v4/clusters/9855791/,3604; claims; csv,on file with author,7b9325efe7dcb3cd6ab5c309f8d555702bb36a50fd58c47212480027bbd8186a
9855825_2020_Williams v. Urban Pathways Inc._nysd,Williams v. Urban Pathways Inc.,S.D.N.Y.,2020,9855825,https://www.courtlistener.com/api/rest/v4/clusters/9855825/,3604; claims; csv,on file with author,2685e0fed0848a852dcdc1cad7d93163ea12a16113d2394b0e7a4c7173da3e94
9855902_2020_United States v. 111 East 88th Partners_nysd,United States of America v. 111 East 88th Partners,S.D.N.Y.,2020,9855902,https://www.courtlistener.com/api/rest/v4/clusters/9855902/,3604; claims; csv,,
"9856199_2020_Greens at Chester, LLC v. Town of Chester_nysd",Greens at Chester LLC v. Town of Chester,S.D.N.Y.,2020,9856199,https://www.courtlistener.com/api/rest/v4/clusters/9856199/,3604; claims; csv,,
9856749_2020_Ash v. City of N.Y._nysd,Ash v. City of New York,S.D.N.Y.,2020,9856749,https://www.courtlistener.com/api/rest/v4/clusters/9856749/,3604; claims; csv,on file with author,682353ff4f67580d691f82a8a0c8ce791c59a6335cfec30a328b73091ae93db3
9857640_2020_Dames v. De Blasio_nysd,"Roslyn Alma Dames v. Bill De Blasio, Mayor, New York City; Dean Santa, Director of Asset Management, United States Department of Housing and Urban Development; St. Margaret's House; Trinity Church Wall Street; St. Paul's Church",S.D.N.Y.,2020,9857640,https://www.courtlistener.com/api/rest/v4/clusters/9857640/,3604; claims; csv,on file with author,867b6118f76571ae385a1583b42d35a15697871667372451dd07ce8dd9fb637f
9857659_2020_Davis v. Port Jervis Community Development_nysd,Daryl J. Davis v. Port Jervis Community Development,S.D.N.Y.,2020,9857659,https://www.courtlistener.com/api/rest/v4/clusters/9857659/,3604; claims; csv,on file with author,1825fe8591d3d6f7ccc803a9e713ffcf58325fef5ff512f863350f1216a7407f
9858463_2020_Tasfay v. Ramos_nysd,Tasfay v. Ramos,S.D.N.Y.,2020,9858463,https://www.courtlistener.com/api/rest/v4/clusters/9858463/,3604; claims; csv,on file with author,5fb2cbec3083e467753260980578e7059a9dbb9109431ef2090f608392a71017
"9858517_2020_Thompson v. CRF-Cluster Model Program, LLC_nysd","Peter Thompson v. CRF-Cluster Model Program, LLC",S.D.N.Y.,2020,9858517,https://www.courtlistener.com/api/rest/v4/clusters/9858517/,3604; claims; csv,,
9858791_2020_Jones v. Banks_nysd,"Keisha A. Jones v. Steven Banks, DSS Commissioner; Nonprofit Corporation 1-5; DSS Employee 1-5",S.D.N.Y.,2020,9858791,https://www.courtlistener.com/api/rest/v4/clusters/9858791/,3604; claims; csv; phase1_patch,on file with author,3ee05d0f0d9f4a5d6ccf7441bb96e9ca885562e90b35c83a861cca1bde1a163b
9858895_2020_Jones v. Thomas_nysd,"Brandon C. Jones v. Ms. Jisin H. Thomas; Mr. Jonathan Tauarez; Volunteers of America Corporation; Volunteers of America, Swartz Shelter; Volunteers of America 135 W. 50th Street, NYC, NY 10024",S.D.N.Y.,2020,9858895,https://www.courtlistener.com/api/rest/v4/clusters/9858895/,3604; claims; csv,on file with author,ad70a533f7c6592830b54b6166062b7a46c7ef601cb85dc9b5754fe3aecc927d
9859405_2020_Shine v. New York City Housing Authority_nysd,,,,9859405,https://www.courtlistener.com/api/rest/v4/clusters/9859405/,3604; claims,,
9859556_2020_Milhaven v. Country Village Apartment_nysd,Patricia Milhaven v. Country Village Apartment d/b/a Creekside Apartments,S.D.N.Y.,2020,9859556,https://www.courtlistener.com/api/rest/v4/clusters/9859556/,3604; claims; csv,,
9860556_2023_Hendricks v. Urban _ Economic Development_nynd,"Danielle Hendricks v. Krystal Curley, et al.",N.D.N.Y.,2023,9860556,https://www.courtlistener.com/api/rest/v4/clusters/9860556/,RA; claims; csv,on file with author,0d992811401b7e2cbbd2a7bda9cdbdb88a05cccbb7c4ef8766580d905ef33379
9861510_2020_Xia v. 65 West 87th Street Housing Development Fund Corporation_nysd,Xia v. 65 West 87th Street Housing Development Fund Corporation,S.D.N.Y.,2020,9861510,https://www.courtlistener.com/api/rest/v4/clusters/9861510/,3604; claims; csv,,
9862215_2021_Jones v. Banks_nysd,Keisha Jones v. Steven Banks,S.D.N.Y.,2021,9862215,https://www.courtlistener.com/api/rest/v4/clusters/9862215/,RA; claims; csv,on file with author,f6896d0721f688ee8f28a692c291ad6380b9da10b7867275b3c0e759abd8be99
9862218_2021_Bell v. City of New York_nysd,"Melvin Bell, III v. City of New York; Susan Jackson; Shatara Pell; Victor M. Hernandez",S.D.N.Y.,2021,9862218,https://www.courtlistener.com/api/rest/v4/clusters/9862218/,RA; claims; csv,on file with author,637c34d47d908b2fc3cb43dd0da5838706b74a66dc82246f8ab05655fa473394
9862537_2021_Mercer v. New York City Housing Authority_nysd,Robert Mercer v. New York City Housing Authority,S.D.N.Y.,2021,9862537,https://www.courtlistener.com/api/rest/v4/clusters/9862537/,RA; 3604; claims; csv,on file with author,2e8adfba0b9415867718bea21f00d2f060fd1e827c50a21570a84996438d425d
"9863142_2021_Melton v. Malcolm Shabazz, L.P._nysd","Myung-Ja Melton v. Malcolm Shabazz, L.P. et al.",S.D.N.Y.,2021,9863142,https://www.courtlistener.com/api/rest/v4/clusters/9863142/,RA; 3604; claims; csv,,
9863253_2021_Commissiong v. US Dept. Housing _ Urban Development_nysd,Commissiong v. U.S. Department of Housing and Urban Development,S.D.N.Y.,2021,9863253,https://www.courtlistener.com/api/rest/v4/clusters/9863253/,RA; claims; csv,on file with author,f766b68313694bc80ba4bb080c8690fce411b601e3f3793c1f2c3d9d0cb0815a
9863597_2021_Samura v. Figueroa_nysd,Mohamed Samura v. Maria Figueroa; Castleton Park Management; Castleton Preservation LLC,S.D.N.Y.,2021,9863597,https://www.courtlistener.com/api/rest/v4/clusters/9863597/,RA; claims; csv; phase1_patch,,
9864234_2021_Jones Bey v. La Casse_nysd,"Sister E. Jones Bey v. Dana La Casse, et al.",S.D.N.Y.,2021,9864234,https://www.courtlistener.com/api/rest/v4/clusters/9864234/,RA; 3604; claims; csv,,
9864625_2021_Lord v. City of New York_nysd,Donald A. Lord v. City of New York et al.,S.D.N.Y.,2021,9864625,https://www.courtlistener.com/api/rest/v4/clusters/9864625/,RA; claims; csv; phase1_patch,,
9864628_2021_Lord v. City of New York_nysd,Donald A. Lord v. City of New York et al.,S.D.N.Y.,2021,9864628,https://www.courtlistener.com/api/rest/v4/clusters/9864628/,RA; claims; csv,,
9864995_2021_Xia v. 65 West 87th Street Housing Development Fund Corporation_nysd,"Eva Xia and Paul Privitera v. 65 West 87th Street Housing Development Fund Corporation, Christine Elbert, Samantha Pinkowitz, Anthony Sarmiento, and Angela Rojo",S.D.N.Y.,2021,9864995,https://www.courtlistener.com/api/rest/v4/clusters/9864995/,RA; claims; csv,,
9865041_2021_Brock v. The City of New York_nysd,Mandela Brock v. City of New York,S.D.N.Y.,2021,9865041,https://www.courtlistener.com/api/rest/v4/clusters/9865041/,RA; 3604; claims; csv,on file with author,01e0da25e4aca193d83c8a6afd2f8640b59acde1a57fb117ffc61e48ed4334b3
9865092_2021_Davis v. Port Jervis Community Development_nysd,Daryl J. Davis v. Port Jervis Community Development; Nora Gallagher/Goetz; Valerie Maginsky,S.D.N.Y.,2021,9865092,https://www.courtlistener.com/api/rest/v4/clusters/9865092/,RA; 3604; claims; csv,on file with author,cb58fab697711020d84536fbee3e65d98a1e19479d610b96c04fa49e1031092d
9865413_2021_Mercer v. New York City Housing Authority_nysd,Robert Mercer v. New York City Housing Authority,S.D.N.Y.,2021,9865413,https://www.courtlistener.com/api/rest/v4/clusters/9865413/,RA; 3604; claims; csv; phase1_patch,on file with author,d3111f6a0908c9ab285aec0e26c2968a57af07ed778b21eab2444d8cd21b404e
9865899_2021_Dodd v. City University of New York_nysd,,,,9865899,https://www.courtlistener.com/api/rest/v4/clusters/9865899/,RA; claims,,
9866222_2021_Kellier v. Billups_nysd,Joshua Kellier v. Billups,S.D.N.Y.,2021,9866222,https://www.courtlistener.com/api/rest/v4/clusters/9866222/,RA; 3604; claims; csv,on file with author,8411eff91ea94bbea106b421cf8af29800417bd1e3b62fd69cc54122021fee37
"9866577_2021_Paynes El-Bey v. ADT Security Services, Inc._nysd","Queen Prinyah Godiah P. Paynes El-Bey v. ADT Security Services, Inc.",S.D.N.Y.,2021,9866577,https://www.courtlistener.com/api/rest/v4/clusters/9866577/,RA; 3604; claims; csv,on file with author,906f6c936da3a8835415427a7d72e8ee067fa992a9d89a197fab96b9fd8362c2
9866627_2021_Madison v. Gramm_nysd,Madison v. Graham,S.D.N.Y.,2021,9866627,https://www.courtlistener.com/api/rest/v4/clusters/9866627/,RA; 3604; claims; csv,on file with author,90bdf7bbb80a24074d20aff9e32fc11a8de1accaf39bb314ff70c5ea2e2b557b
9866690_2021_Foster v. Muir_nysd,,,,9866690,https://www.courtlistener.com/api/rest/v4/clusters/9866690/,RA; claims,,
9866721_2021_Boyce v. Weber_nysd,,,,9866721,https://www.courtlistener.com/api/rest/v4/clusters/9866721/,RA; claims,,
9866931_2021_Madison v. The Administration at Fort Washington Men's Shelter_nysd,,,,9866931,https://www.courtlistener.com/api/rest/v4/clusters/9866931/,RA; claims,,
9867897_2021_Indig v. Village of Pomona_nysd,"Samuel Indig, et al. v. The Village of Pomona, et al.",S.D.N.Y.,2021,9867897,https://www.courtlistener.com/api/rest/v4/clusters/9867897/,RA; claims; csv,,
"9868189_2021_TAL Properties of Pomona, LLC v. Village of Pomona_nysd","TAL Properties of Pomona, LLC v. Village of Pomona",S.D.N.Y.,2021,9868189,https://www.courtlistener.com/api/rest/v4/clusters/9868189/,RA; claims; csv,,
"9868392_2021_Wood v. Mutual Redevelopment Houses, Inc._nysd","Wood v. Mutual Redevelopment Houses, Inc.",S.D.N.Y.,2021,9868392,https://www.courtlistener.com/api/rest/v4/clusters/9868392/,RA; 3604; claims; csv,,
9868502_2021_Sister E. Jones-Bey v. Chen_nysd,"Sister E. Jones-Bey v. Pamela K. Chen, et al.",S.D.N.Y.,2021,9868502,https://www.courtlistener.com/api/rest/v4/clusters/9868502/,RA; claims; csv,,
"9868530_2021_Wood v. Mutual Redevelopment Houses, Inc._nysd","Wood et al. v. Mutual Redevelopment Houses, Inc. et al.",S.D.N.Y.,2021,9868530,https://www.courtlistener.com/api/rest/v4/clusters/9868530/,RA; claims; csv,on file with author,b5c3084776f8fb48ca5e53d849f7b775a808f2f1b258e7091516929e6d701526
"9868591_2021_Fair Housing Justice Center, Inc. v. Lighthouse Living LLC_nysd","Fair Housing Justice Center, Inc. v. Lighthouse Living LLC",S.D.N.Y.,2021,9868591,https://www.courtlistener.com/api/rest/v4/clusters/9868591/,RA; 3604; claims; csv,,
9868650_2021_Harris v. Community Housing Mangament Corp._nysd,"Ronald W. Harris, Sr. v. Community Housing Management Corp.",S.D.N.Y.,2021,9868650,https://www.courtlistener.com/api/rest/v4/clusters/9868650/,RA; claims; csv; phase1_patch,,
"9868754_2021_Congregation Rabbinical College of Tartikov, Inc. v. Village of Pomona, NY_nysd","Congregation Rabbinical College of Tartikov, Inc. v. Village of Pomona, NY",S.D.N.Y.,2021,9868754,https://www.courtlistener.com/api/rest/v4/clusters/9868754/,RA; claims; csv,,
9868893_2021_Tasfay v. Ramos_nysd,"Jama M. Tasfay, et al. v. Melissa Ramos, et al.",S.D.N.Y.,2021,9868893,https://www.courtlistener.com/api/rest/v4/clusters/9868893/,RA; 3604; claims; csv,on file with author,0c67d8d4b8edf092940cae542d48a0849f8fb5917368243a6f338ce78cc99883
9869240_2021_Currin v. Glenwood Management Corp._nysd,Charlie G. Currin v. Glenwood Management Corp.,S.D.N.Y.,2021,9869240,https://www.courtlistener.com/api/rest/v4/clusters/9869240/,RA; claims; csv,on file with author,c93710a295991380d511107c6375c83adc4a30f9c0db7d8f1309940e90ad4aa7
"9869575_2021_Zlotnick v. Crystal Run Village, Inc._nysd","Zlotnick v. Crystal Run Village, Inc.",S.D.N.Y.,2021,9869575,https://www.courtlistener.com/api/rest/v4/clusters/9869575/,RA; 3604; claims; csv,on file with author,b1aa6ef6e0d2ab0f8065c58987e89af968e2efef35ae046892e9dad692125bc4
9870063_2021_Kosher Ski Tours Inc. v. Okemo Limited Liability Company_nysd,,,,9870063,https://www.courtlistener.com/api/rest/v4/clusters/9870063/,RA; claims,,
9870218_2021_Higgins v. 120 Riverside Boulevard at Trump Place Condominium_nysd,Joanne Noel Higgins v. 120 Riverside Boulevard at Trump Place Condominium,S.D.N.Y.,2021,9870218,https://www.courtlistener.com/api/rest/v4/clusters/9870218/,RA; 3604; claims; csv,on file with author,a3c2ba4996fe32664086420b5e2eba5faddb47d560bcf3d89de6fcde2437ba53
9870408_2016_Hardaway v. District of Columbia Housing Authority_cadc,Hardaway v. District of Columbia Housing Authority,D.C. Cir.,2016,9870408,https://www.courtlistener.com/api/rest/v4/clusters/9870408/,3604; claims; csv,,
9872059_2022_Tasfay v. Ramos_nysd,Tasfay v. Ramos,S.D.N.Y.,2022,9872059,https://www.courtlistener.com/api/rest/v4/clusters/9872059/,RA; 3604; claims; csv,on file with author,d261e052ef4f990d58c3d60fe5831ff0f52d9664af72183e236253a4c6d64f92
9872863_2022_Jones v. Thomas_nysd,"Brandon C. Jones v. Volunteers of America Greater New York, et al.",S.D.N.Y.,2022,9872863,https://www.courtlistener.com/api/rest/v4/clusters/9872863/,RA; 3604; claims; csv,on file with author,fcc8a533b9a11bfb6fcef17870a0e87a0aa8910979c355318d480c30deeb3cb4
9873078_2022_Wilshire v. L_M Development Partners_nysd,Wilshire v. L&M Development Partners,S.D.N.Y.,2022,9873078,https://www.courtlistener.com/api/rest/v4/clusters/9873078/,RA; claims; csv,,
9873146_2022_Sykes v. New York City Housing Authority_nysd,Derry Sykes v. New York City Housing Authority,S.D.N.Y.,2022,9873146,https://www.courtlistener.com/api/rest/v4/clusters/9873146/,RA; 3604; claims; csv,on file with author,27d5f28ec7b31cae115ec8a5eb214d63a9d8701df533e370a1d15887281021f9
"9873811_2022_BMG Monroe I, LLC v. Village of Monroe_nysd","BMG Monroe I, LLC v. Village of Monroe",S.D.N.Y.,2022,9873811,https://www.courtlistener.com/api/rest/v4/clusters/9873811/,RA; claims; csv,,
"9873933_2022_Paynes El-Bey v. ADT Security Services, Inc._nysd","Queen Prinyah Godiah Paynes El-Bey v. ADT Security Services, Inc.",S.D.N.Y.,2022,9873933,https://www.courtlistener.com/api/rest/v4/clusters/9873933/,RA; 3604; claims; csv,on file with author,ce2359b1fae77a36eb63c9cc9fe6a825f48bb8971b74d7f8f8349fe130cd0d76
9874632_2022_Mercer v. New York City Housing Authority_nysd,Robert Mercer v. New York City Housing Authority,S.D.N.Y.,2022,9874632,https://www.courtlistener.com/api/rest/v4/clusters/9874632/,RA; 3604; claims; csv,on file with author,ba77f47e8ca26d4a28459532d566422a5a4f2753e69a6775da20bc9ce8555fbc
9874769_2022_Ramos v. Department of Homeless Services_nysd,Jose Antonio Ramos v. Department of Homeless Services,S.D.N.Y.,2022,9874769,https://www.courtlistener.com/api/rest/v4/clusters/9874769/,RA; 3604; claims; csv; phase1_patch,,
9874798_2022_Abouelmakarem v. MDNMA INC._nysd,,,,9874798,https://www.courtlistener.com/api/rest/v4/clusters/9874798/,RA; claims; csv,,
9874993_2022_Bizelia v. Clinton Towers Management_nysd,"Jack Bizelia et al. v. Clinton Towers Housing Co., Inc. et al.",S.D.N.Y.,2022,9874993,https://www.courtlistener.com/api/rest/v4/clusters/9874993/,RA; claims; csv,,
9875225_2022_Highview Properties D.H.F. Inc. v. Town of Monroe_nysd,Highview Properties D.H.F. Inc. v. Town of Monroe,S.D.N.Y.,2022,9875225,https://www.courtlistener.com/api/rest/v4/clusters/9875225/,RA; 3604; claims; csv,,
9875229_2022_Doe v. New York City Housing Authority_nysd,Jane Doe v. New York City Housing Authority,S.D.N.Y.,2022,9875229,https://www.courtlistener.com/api/rest/v4/clusters/9875229/,RA; claims; csv,,
9875272_2022_Ditto v. Peterson Properties_nysd,Frank Ditto; Julie Ditto v. Peterson Properties; Peterson Property Management; Ted Peterson; Steve Peterson; Does 1-10,S.D.N.Y.,2022,9875272,https://www.courtlistener.com/api/rest/v4/clusters/9875272/,RA; claims; csv; phase1_patch,,
9875593_2022_Belmar v. G_M Realty I LLC_nysd,Belmar v. G&M Realty I LLC,S.D.N.Y.,2022,9875593,https://www.courtlistener.com/api/rest/v4/clusters/9875593/,RA; 3604; claims; csv,on file with author,b2539153bab42f36b76e765154aac1fcbcd3e533eedd345e60cbead8693b9f75
9875650_2022_Baum v. Blum_nysd,,,,9875650,https://www.courtlistener.com/api/rest/v4/clusters/9875650/,RA; claims; csv,,
9876248_2022_Sykes v. New York City Housing Authority_nysd,Derry Sykes v. New York City Housing Authority,S.D.N.Y.,2022,9876248,https://www.courtlistener.com/api/rest/v4/clusters/9876248/,RA; claims; csv,on file with author,43a07e753b74e2ff7e2163bad30e702ecc4b70b4dffbb12ad2997baf7df67d81
9876695_2022_Katz v. New York City Housing Preservation _ Development_nysd,Katz v. New York City Housing Preservation & Development,S.D.N.Y.,2022,9876695,https://www.courtlistener.com/api/rest/v4/clusters/9876695/,RA; claims; csv,,
"9876775_2022_Moody v. The Related Companies, L.P._nysd","Chanel Moody, Ayanda Carmichael, and Ronnie Clark v. The Related Companies, L.P. and ERY South Residential Tower LLC",S.D.N.Y.,2022,9876775,https://www.courtlistener.com/api/rest/v4/clusters/9876775/,RA; 3604; claims; csv,,
9876796_2022_Tasfay v. Ramos_nysd,Jama M. Tasfay et al. v. Melissa Ramos et al.,S.D.N.Y.,2022,9876796,https://www.courtlistener.com/api/rest/v4/clusters/9876796/,RA; claims; csv,,
9877693_2017_Goncalves Ex Rel. Goncalves v. Rady Children's Hospital San Diego_ca9,,,,9877693,https://www.courtlistener.com/api/rest/v4/clusters/9877693/,3604; claims,,
9877718_2022_Ramos v. Department of Homeless Services_nysd,Jose Antonio Ramos v. Department of Homeless Services,S.D.N.Y.,2022,9877718,https://www.courtlistener.com/api/rest/v4/clusters/9877718/,RA; 3604; claims; csv; phase1_patch,,
9877800_2017_Civil Rights Education _ Enforcement Center v. Hospitality Properties Trust_ca9,,,,9877800,https://www.courtlistener.com/api/rest/v4/clusters/9877800/,3604; claims,,
9877850_2022_Jane Doe v. Related Companies LLP_nysd,"Jane Doe v. Related Companies, LLP",S.D.N.Y.,2022,9877850,https://www.courtlistener.com/api/rest/v4/clusters/9877850/,RA; 3604; claims; csv,,
9878142_2022_Mercer v. New York City Housing Authority_nysd,,,,9878142,https://www.courtlistener.com/api/rest/v4/clusters/9878142/,RA; claims; csv,,
9878218_2022_Dickerson v. BPP PCV Owners LLC_nysd,Gloria D. Dickerson v. BPP PCV Owners LLC,S.D.N.Y.,2022,9878218,https://www.courtlistener.com/api/rest/v4/clusters/9878218/,RA; 3604; claims; csv,on file with author,f237a9281a80988929259f06683e42b4ea1ea8a0f29cc5e4fc5656827194df7a
"9878368_2022_Olsen v. The Sherry Netherland, Inc._nysd","Olsen v. The Sherry Netherland, Inc.",S.D.N.Y.,2022,9878368,https://www.courtlistener.com/api/rest/v4/clusters/9878368/,RA; claims; csv,,
9878433_2022_Perez v. Carrion_nysd,"Eric Andrew Perez v. Andrew Carrión Jr., Commissioner HPD; Kim Truluck, Section 8; Racquel Urena, FSS",S.D.N.Y.,2022,9878433,https://www.courtlistener.com/api/rest/v4/clusters/9878433/,RA; claims; csv; phase1_patch,on file with author,c6f65fa05efbf39e2d5e0204b06ea04e9b46f710ff1cc219f64f76c2e972c5aa
9878437_2022_Mazzocchi v. Windsor Owners Corp._nysd,Frank Mazzocchi v. Windsor Owners Corp.,S.D.N.Y.,2022,9878437,https://www.courtlistener.com/api/rest/v4/clusters/9878437/,RA; 3604; claims; csv,,
9878536_2022_Belmar v. G_M Realty I LLC_nysd,"Rene Belmar v. G&M Realty, et al.",S.D.N.Y.,2022,9878536,https://www.courtlistener.com/api/rest/v4/clusters/9878536/,RA; 3604; claims; csv; phase1_patch,on file with author,af95a6c431924a5dc6fc93f27099e213fb727c98eaedc7c0d894ee6f2b727a96
9878763_2022_Jones v. City of New York_nysd,"Keisha A. Jones v. City of New York, et al.",S.D.N.Y.,2022,9878763,https://www.courtlistener.com/api/rest/v4/clusters/9878763/,RA; 3604; claims; csv,on file with author,31fa86b9710ababccd9fcf606fd59a38bfba68a3e9048406fdad3d32f5e8ee1d
9879353_2022_Sullivan v. City of New York_nysd,"Dante Malik Sullivan v. City of New York, et al.",S.D.N.Y.,2022,9879353,https://www.courtlistener.com/api/rest/v4/clusters/9879353/,RA; claims; csv,on file with author,164fd1bef4cba7010ca4f4a62347a7d4f6ccedd63c093c01b7b953f7af98b80b
9879543_2022_Skorupska v. 525 West 52 Property Owner LLC_nysd,Bernadette Skorupska v. 525 West 52 Property Owner LLC,S.D.N.Y.,2022,9879543,https://www.courtlistener.com/api/rest/v4/clusters/9879543/,RA; claims; csv,,
9879567_2022_Jones v. City of New York_nysd,Keisha A. Jones v. City of New York,S.D.N.Y.,2022,9879567,https://www.courtlistener.com/api/rest/v4/clusters/9879567/,RA; claims; csv; phase1_patch,,
"9880552_2022_Consumer Financial Protection Bureau v. MoneyGram International, Inc._nysd",,,,9880552,https://www.courtlistener.com/api/rest/v4/clusters/9880552/,RA; claims; csv,,
9880628_2022_Jones v. City of New York_nysd,"Keisha A. Jones v. City of New York, et al.",S.D.N.Y.,2022,9880628,https://www.courtlistener.com/api/rest/v4/clusters/9880628/,RA; claims; csv; phase1_patch,,
9880843_2022_Stone v. City of New York_nysd,Stone v. City of New York,S.D.N.Y.,2022,9880843,https://www.courtlistener.com/api/rest/v4/clusters/9880843/,RA; claims; csv,on file with author,e2ed5469cd0e547c52f1d9474502d02821ae1fb85ba750d1eafb5160b87f13e0
9882210_2023_Diaz v. United States Department of Housing and Urban Development_nysd,,,,9882210,https://www.courtlistener.com/api/rest/v4/clusters/9882210/,RA; claims; csv,,
"9882211_2023_Housing Rights Initiative v. Compass, Inc._nysd","Housing Rights Initiative v. Compass, Inc.",S.D.N.Y.,2023,9882211,https://www.courtlistener.com/api/rest/v4/clusters/9882211/,RA; 3604; claims; csv,,
"9882238_2023_Reeves v. CMP Consultants, Inc._nysd","Michael Reeves v. CMP Consultants, Inc., et al.",S.D.N.Y.,2023,9882238,https://www.courtlistener.com/api/rest/v4/clusters/9882238/,RA; 3604; claims; csv,on file with author,eab40a768c283f72a3e2dfb846f2d0c1cacde3430aa819feb7aebe851caf5bd2
9882276_2023_Avila v. Acacia Network Inc._nysd,"Jimmy Avila v. Acacia Network, Inc.",S.D.N.Y.,2023,9882276,https://www.courtlistener.com/api/rest/v4/clusters/9882276/,RA; 3604; claims; csv,on file with author,1f627b61006042b90c4bc2385e3d1a752156a7e09063a4c4a86a7917fb1f80a0
9882281_2023_Baltazar v. Goldfarb Properties_nysd,"Baltazar v. Goldfarb Properties Management, Inc.",S.D.N.Y.,2023,9882281,https://www.courtlistener.com/api/rest/v4/clusters/9882281/,RA; 3604; claims; csv,,
9882471_2023_Doe v. Pistilli_nysd,Jane Doe v. Anthony Pistilli et al.,S.D.N.Y.,2023,9882471,https://www.courtlistener.com/api/rest/v4/clusters/9882471/,RA; claims; csv,,
9882634_2023_Bethea v. NYCHA Law Department_nysd,Elaine Williams Bethea v. NYCHA Law Department,S.D.N.Y.,2023,9882634,https://www.courtlistener.com/api/rest/v4/clusters/9882634/,RA; 3604; claims; csv,on file with author,67a619d22ed822298a4bc6f188122b4584435bb82427030133e5a833ac25e551
"9882647_2023_Avila v. Sun River Health, Inc._nysd","Jimmy Avila v. Sun River Health, Inc.",S.D.N.Y.,2023,9882647,https://www.courtlistener.com/api/rest/v4/clusters/9882647/,RA; claims; csv; phase1_patch,on file with author,9c68b9dcbca6e19bc86747492af74464eb11018119bdce7f3f66ceae36891dae
9882790_2023_Dean v. Lafayette_nysd,Joaquin Dean v. Jeremy Doberman and Marc Wohlgemuth,S.D.N.Y.,2023,9882790,https://www.courtlistener.com/api/rest/v4/clusters/9882790/,RA; 3604; claims; csv,on file with author,30718610d705a207651b6c9aa370d39e19a5dd4699f3848e14df347e35c4b2d6
9882798_2023_Katz v. New York City Housing Preservation _ Development_nysd,"Katz, et al. v. New York City Housing Preservation & Development, et al.",S.D.N.Y.,2023,9882798,https://www.courtlistener.com/api/rest/v4/clusters/9882798/,RA; claims; csv,,
9882824_2023_McKins v. Pye_nysd,McKins v. Pye,S.D.N.Y.,2023,9882824,https://www.courtlistener.com/api/rest/v4/clusters/9882824/,RA; claims; csv; phase1_patch,,
9883432_2023_Xia v. 65 West 87th Street Housing Development Fund Corporation_nysd,Xia v. 65 West 87th Street Housing Development Fund Corporation,S.D.N.Y.,2023,9883432,https://www.courtlistener.com/api/rest/v4/clusters/9883432/,RA; claims; csv,,
"9884039_2023_Moody v. The Related Companies, L.P._nysd","Chanel Moody, Ayanda Carmichael, and Ronnie Clark v. The Related Companies, L.P., and Ery South Residential Tower LLC",S.D.N.Y.,2023,9884039,https://www.courtlistener.com/api/rest/v4/clusters/9884039/,RA; claims; csv,,
9884093_2023_Rosa v. Pathstone Corporation_nysd,Felicia Rosa v. Pathstone Corporation,S.D.N.Y.,2023,9884093,https://www.courtlistener.com/api/rest/v4/clusters/9884093/,RA; 3604; claims; csv,on file with author,f47ee6104d63fbc38abfc775d575eba7c08a558c3089e3ba00fc6e7b11328866
9884124_2023_Noel v. City Of New York_nysd,Shauna Noel and Emmanuella Senat v. City of New York,S.D.N.Y.,2023,9884124,https://www.courtlistener.com/api/rest/v4/clusters/9884124/,RA; 3604; claims; csv,,
9884140_2023_Noel v. City Of New York_nysd,Noel v. City of New York,S.D.N.Y.,2023,9884140,https://www.courtlistener.com/api/rest/v4/clusters/9884140/,RA; 3604; claims; csv,,
9884189_2023_Syville v. City of New York_nysd,Alphonso Syville v. City of New York,S.D.N.Y.,2023,9884189,https://www.courtlistener.com/api/rest/v4/clusters/9884189/,RA; claims; csv,,
"9884372_2023_Reeves v. CMP Consultants, Inc._nysd",,,,9884372,https://www.courtlistener.com/api/rest/v4/clusters/9884372/,RA; claims; csv,,
9884409_2023_Reeves v. New York City Housing Authority_nysd,Michael Reeves v. New York City Housing Authority,S.D.N.Y.,2023,9884409,https://www.courtlistener.com/api/rest/v4/clusters/9884409/,RA; claims; csv; phase1_patch,,
9884412_2023_Avila v. Acacia Network Inc._nysd,"Jimmy Avila v. Acacia Network, Inc.",S.D.N.Y.,2023,9884412,https://www.courtlistener.com/api/rest/v4/clusters/9884412/,RA; claims; csv; phase1_patch,on file with author,e93dcc02f9840a9cb5c08737b20431ec2e3bb68b4ee38dc44b045f7ef0a73c2a
9884833_2023_West v. The City of New York_nysd,Helen Elaine West v. The City of New York,S.D.N.Y.,2023,9884833,https://www.courtlistener.com/api/rest/v4/clusters/9884833/,RA; 3604; claims; csv; phase1_patch,on file with author,41f301259978a8560cd58298a2afaf2033351c00499447eefa22d3b952263580
9884878_2023_Baltazar v. Goldfarb Properties_nysd,"Mynor Federico Nunez Baltazar v. Goldfarb Properties, Inc.; Pelican Management, Inc.; Rockaway One Company, LLC; Lindsay Heineman (Heck)",S.D.N.Y.,2023,9884878,https://www.courtlistener.com/api/rest/v4/clusters/9884878/,RA; claims; csv; phase1_patch,,
9885181_2023_Bethea v. NYCHA Law Department_nysd,Elaine Williams Bethea v. NYCHA Law Department,S.D.N.Y.,2023,9885181,https://www.courtlistener.com/api/rest/v4/clusters/9885181/,RA; claims; csv,on file with author,89a51000c55bc7d8c73c59db14a9bc0ed4028a09331ab75427ac4902d11a1d0a
9885336_2023_Romero v. Bellevue Hospital_nysd,,,,9885336,https://www.courtlistener.com/api/rest/v4/clusters/9885336/,RA; claims; csv,,
9885861_2023_Beaman v. Valentino_nysd,,,,9885861,https://www.courtlistener.com/api/rest/v4/clusters/9885861/,RA; claims; csv,,
9885949_2023_Rosa v. Pathstone Corporation_nysd,Felicia Rosa v. Pathstone Corporation,S.D.N.Y.,2023,9885949,https://www.courtlistener.com/api/rest/v4/clusters/9885949/,RA; 3604; claims; csv; phase1_patch,,
9886483_2023_Gambaro v. 1917 ACP Owner LLC_nysd,Gambaro v. 1917 ACP Owner LLC,S.D.N.Y.,2023,9886483,https://www.courtlistener.com/api/rest/v4/clusters/9886483/,RA; claims; csv,on file with author,c2b7261b575b065c8befd2650da58210cc1b1141c7237ce07e11cf6ac664af95
"9886938_2023_Ayala v. Saw Mill Lofts, LLC_nysd","Ayala v. Saw Mill Lofts, LLC",S.D.N.Y.,2023,9886938,https://www.courtlistener.com/api/rest/v4/clusters/9886938/,RA; claims; csv; phase1_patch,,
9887011_2023_Doe 1 v. JP Morgan Chase _ Co._nysd,,,,9887011,https://www.courtlistener.com/api/rest/v4/clusters/9887011/,RA; claims; csv,,
9887080_2023_Leslie v. The Corcoran Group_nysd,"Gayle Leslie, et al. v. The Corcoran Group, et al.",S.D.N.Y.,2023,9887080,https://www.courtlistener.com/api/rest/v4/clusters/9887080/,RA; claims; csv,,
"9887275_2018_Tree of Life Christian Sch. v. City of Upper Arlington, Ohio_ca6",,,,9887275,https://www.courtlistener.com/api/rest/v4/clusters/9887275/,3604; claims,,
"9887279_2023_Wood v. Mutual Redevelopment Houses, Inc._nysd",,,,9887279,https://www.courtlistener.com/api/rest/v4/clusters/9887279/,RA; claims; csv,,
"9887873_2023_Blitz v. BLDG Management Co., Inc._nysd","Richard Blitz v. BLDG Management Co., Inc.",S.D.N.Y.,2023,9887873,https://www.courtlistener.com/api/rest/v4/clusters/9887873/,RA; claims; csv,,
9888024_2019_United States v. Matthew Bryan Caniff_ca11,,,,9888024,https://www.courtlistener.com/api/rest/v4/clusters/9888024/,3604; claims,,
9888149_2023_Liboy v. Russ_nysd,"Mark Liboy v. Gregory Russ, Lisa Bova-Hiatt, and New York City Housing Authority",S.D.N.Y.,2023,9888149,https://www.courtlistener.com/api/rest/v4/clusters/9888149/,RA; claims; csv,on file with author,99f3d9dc06e464a0cdaa9eb4be823974b1005936f455779742de67e5ab062258
9888590_2023_Rosa v. Pathstone Corporation_nysd,Felicia Rosa v. Pathstone Corporation,S.D.N.Y.,2023,9888590,https://www.courtlistener.com/api/rest/v4/clusters/9888590/,RA; claims; csv,,
9888683_2023_Rosa v. Pathstone Corporation_nysd,Felicia Rosa v. Pathstone Corporation,S.D.N.Y.,2023,9888683,https://www.courtlistener.com/api/rest/v4/clusters/9888683/,RA; claims; csv,,
"9888721_2023_Newco Family, LLC v. Haider_nysd",,,,9888721,https://www.courtlistener.com/api/rest/v4/clusters/9888721/,RA; 3604; claims; csv,,
9888944_2023_Watts v. Brito_nysd,Watts v. Brito,S.D.N.Y.,2023,9888944,https://www.courtlistener.com/api/rest/v4/clusters/9888944/,3604; claims; csv; phase1_patch,,
9889182_2020_Bostock v. Clayton County_scotus,,,,9889182,https://www.courtlistener.com/api/rest/v4/clusters/9889182/,3604; claims,,
9889710_2023_Syville v. City of New York_nysd,"Alphonso Syville v. City of New York, et al.",S.D.N.Y.,2023,9889710,https://www.courtlistener.com/api/rest/v4/clusters/9889710/,RA; claims; csv,on file with author,ab490c1814300258e1daee539aa293badf37d2f4b98cbda033ad540bb9edee6c
9890096_2023_Noe v. Ray Realty_nysd,"Carol Noe v. Ray Realty, et al.",S.D.N.Y.,2023,9890096,https://www.courtlistener.com/api/rest/v4/clusters/9890096/,RA; claims; csv; phase1_patch,,
9890153_2023_Rosa v. Pathstone Corporation_nysd,Felicia Rosa v. Pathstone Corporation,S.D.N.Y.,2023,9890153,https://www.courtlistener.com/api/rest/v4/clusters/9890153/,RA; claims; csv; phase1_patch,,
9890186_2023_Baltazar v. Pelican Managment Inc._nysd,"Mynor Federico Nunez Baltazar v. Pelican Management, Inc.",S.D.N.Y.,2023,9890186,https://www.courtlistener.com/api/rest/v4/clusters/9890186/,RA; claims; csv; phase1_patch,,
9890196_2023_Noel v. City Of New York_nysd,Shauna Noel v. City of New York,S.D.N.Y.,2023,9890196,https://www.courtlistener.com/api/rest/v4/clusters/9890196/,RA; claims; csv,,
9890323_2023_Lost Lake Holdings LLC v. Town of Forestburgh_nysd,Lost Lake Holdings LLC v. Town of Forestburgh,S.D.N.Y.,2023,9890323,https://www.courtlistener.com/api/rest/v4/clusters/9890323/,RA; claims; csv,,
9890376_2024_Gonzalez v. Tejada_nysd,Gonzalez v. Tejada,S.D.N.Y.,2024,9890376,https://www.courtlistener.com/api/rest/v4/clusters/9890376/,RA; 3604; claims; csv,on file with author,e5fb36160e4ddac939546375e04c863838dbc6f72c999f8a76396a47dbe7887d
9890404_2024_Jallow v. Geffner_nysd,"Yaya Jallow v. Edward I. Geffner, Project Renewal, et al.",S.D.N.Y.,2024,9890404,https://www.courtlistener.com/api/rest/v4/clusters/9890404/,RA; claims; csv; phase1_patch,on file with author,380078558e1db296dd9c673f7c03965f142f15f61b18c0ec65bf0b910134376f
9890495_2024_Warren v. 111 Tenants Corp._nysd,"Harold Warren, MD v. 111 Tenants Corporation",S.D.N.Y.,2024,9890495,https://www.courtlistener.com/api/rest/v4/clusters/9890495/,RA; claims; csv; phase1_patch,on file with author,382e7ca8dec5efca7c62c74ae990f6fee5740af6a1d4123c8e5ee2f6c89562b4
9890728_2024_Gonzalez v. Tejada_nysd,Omayra Gonzalez v. Danci Tejada Jr.; Westchester District Attorney; Berkshire Hathaway HomeServices,S.D.N.Y.,2024,9890728,https://www.courtlistener.com/api/rest/v4/clusters/9890728/,RA; claims; csv,on file with author,193c416b084b982f915631c8e923c8738d15ac65416367065b553d3c36e8d8ae
9890838_2024_Gambaro v. 1917 ACP Owner LLC_nysd,"Jeanette Gambaro and Joseph Gambaro v. 1917 ACP Owner LLC, Bruce Lederman, Sharp Management Corp., and The Clearstone Group Inc.",S.D.N.Y.,2024,9890838,https://www.courtlistener.com/api/rest/v4/clusters/9890838/,RA; claims; csv; phase1_patch,on file with author,1a5b9c13230acb7633c6a09a0cbf34730a18486754eb3a9d527db7b44ca920cf
"9890868_2024_Jane Doe v. Related Companies, LLP_nysd","Jane Doe v. Related Companies, LLP",S.D.N.Y.,2024,9890868,https://www.courtlistener.com/api/rest/v4/clusters/9890868/,RA; claims; csv; phase1_patch,,
"9890940_2024_Town of Newburgh, New York v. Newburgh EOM LLC_nysd",,,,9890940,https://www.courtlistener.com/api/rest/v4/clusters/9890940/,RA; claims; csv,,
9891146_2024_Monterroso v. City of New York_nysd,"Cynthia Monterroso v. City of New York, et al.",S.D.N.Y.,2024,9891146,https://www.courtlistener.com/api/rest/v4/clusters/9891146/,RA; 3604; claims; csv,on file with author,01482704b293627f72cc9f2db4f7a441a75173dea2974395d208cede83a6ecc9
9891340_2024_Ball v. Hope East of Fifth HDFC Inc._nysd,Raymond Ball v. Hope East of Fifth HDFC Inc.,S.D.N.Y.,2024,9891340,https://www.courtlistener.com/api/rest/v4/clusters/9891340/,RA; 3604; claims; csv,on file with author,5cbf8ecf58d36471d90890285dab134ac3dbfff33c913a3391ff0a466ab640eb
9891404_2024_Cullum v. Wyndham Hotels _ Resorts Corp._nysd,"Sandra L. Cullum and Deirdre Saleh v. Wyndham Hotels & Resorts Corp., Wyndham Destinations Inc., Geoffrey A. Ballotti, Elisabeth Gale, Broadridge Corporate Issuer Solutions",S.D.N.Y.,2024,9891404,https://www.courtlistener.com/api/rest/v4/clusters/9891404/,RA; claims; csv; phase1_patch,on file with author,dc5f482716614afc72ce3d564f3c7b10dd82462c63bbd30586ed289b4f4cfd29
9891560_2024_Katz v. New York City Housing Preservation _ Development_nysd,"Chaim Y. Katz and Chana Katz v. New York City Housing Preservation & Development, New York City Housing Development Corporation, Site 5 Residential Owner LLC, C&C Apartment Management LLC, and NRT New York LLC d/b/a Citi Habitats",S.D.N.Y.,2024,9891560,https://www.courtlistener.com/api/rest/v4/clusters/9891560/,RA; 3604; claims; csv,,
9891674_2024_Port Authority Police Lieutenants Benevolent Association Inc. v. Port Authority of New York and New Jersey_nysd,,,,9891674,https://www.courtlistener.com/api/rest/v4/clusters/9891674/,RA; claims; csv,,
9891794_2024_Levine v. Project Renewal_nysd,Morris Glen Levine v. Project Renewal,S.D.N.Y.,2024,9891794,https://www.courtlistener.com/api/rest/v4/clusters/9891794/,RA; 3604; claims; csv,on file with author,352011a84b6c61d2dfe98299cbaac60b30f7cb1b531620a8087a52dd0b188f77
9892170_2024_Tiffany Simone Fulton v. City of New York_nysd,Central Harlem Community (District 10); Silent Voices United Inc.; St. Nicholas Houses Resident Association; Tulinde LLC; Breaking the Chains of Your Mind v. City of New York; James Equities LLC; Douglas C. James; John and Jane Does,S.D.N.Y.,2024,9892170,https://www.courtlistener.com/api/rest/v4/clusters/9892170/,RA; claims; csv; phase1_patch,,
9892345_2024_Elliott v. City of New York_nysd,Roland Elliott v. City of New York,S.D.N.Y.,2024,9892345,https://www.courtlistener.com/api/rest/v4/clusters/9892345/,RA; claims; csv,on file with author,1f4bf3c95c9f9c0647137b8e2de814773194f4ebaf321799b3dacf3a44059720
9892631_2024_Monterroso v. City of New York_nysd,Cynthia Monterroso v. City of New York,S.D.N.Y.,2024,9892631,https://www.courtlistener.com/api/rest/v4/clusters/9892631/,RA; claims; csv,on file with author,9b9659ed64cea5ee19807f013708fb9c6e69084b045389f2dd7496ec92265e87
9892867_2024_Dickerson v. BPP PCV Owners LLC_nysd,Gloria D. Dickerson v. BPP PCV Owners LLC,S.D.N.Y.,2024,9892867,https://www.courtlistener.com/api/rest/v4/clusters/9892867/,RA; 3604; claims; csv,on file with author,bf843241fd0d08e52c9d6d79f1480bff1b1a046f1999d3e73683e14489a10944
9893212_2024_Jallow v. Geffner_nysd,,,,9893212,https://www.courtlistener.com/api/rest/v4/clusters/9893212/,RA; claims; csv,,
9893243_2024_Ball v. Hope East of Fifth HDFC Inc._nysd,Ball v. Hope East of Fifth HDFC Inc.,S.D.N.Y.,2024,9893243,https://www.courtlistener.com/api/rest/v4/clusters/9893243/,RA; claims; csv; phase1_patch,,
9893305_2024_Mendez v. Commissioner Molly Waslow Park_nysd,Franklin Mendez v. Commissioner Molly Waslow Park,S.D.N.Y.,2024,9893305,https://www.courtlistener.com/api/rest/v4/clusters/9893305/,RA; claims; csv; phase1_patch,,
9893379_2024_West v. The City of New York_nysd,"Helen Elaine West v. The City of New York, et al.",S.D.N.Y.,2024,9893379,https://www.courtlistener.com/api/rest/v4/clusters/9893379/,RA; claims; csv,on file with author,09d076b88e93794fe409faf767e2c2d3e00e849e33fc609f46f37fd7b4e407f0
9893393_2024_Komatsu v. The City of New York_nysd,,,,9893393,https://www.courtlistener.com/api/rest/v4/clusters/9893393/,RA; claims; csv,,
"9893419_2024_Avila v. ACACIA Network, Inc._nysd","Jimmy Avila v. Acacia Network, Inc.",S.D.N.Y.,2024,9893419,https://www.courtlistener.com/api/rest/v4/clusters/9893419/,RA; 3604; claims; csv,on file with author,6734173f6d3c423f041d5e4e6f28b33e226453456dd26ceac98029f1d1e4210e
9893577_2024_County Of Orange v. The Crossroads Hotel_nysd,,,,9893577,https://www.courtlistener.com/api/rest/v4/clusters/9893577/,RA; claims; csv,,
9893874_2024_Noe v. Ray Realty_nysd,"Carol Noe v. Ray Realty, et al.",S.D.N.Y.,2024,9893874,https://www.courtlistener.com/api/rest/v4/clusters/9893874/,RA; claims; csv,on file with author,b1a2a9eb406ea309aaee81e95528a0a1b06572820e3ce3bb2b51918adf83da94
"9893976_2024_Olsen v. The Sherry Netherland, Inc._nysd","Olsen v. The Sherry Netherland, Inc.",S.D.N.Y.,2024,9893976,https://www.courtlistener.com/api/rest/v4/clusters/9893976/,RA; claims; csv,,
9896571_2021_Paladino v. Beaumont_nywd,"Michael R. Paladino v. Jason Beaumont, F/S Properties, and Eagle Roy",W.D.N.Y.,2021,9896571,https://www.courtlistener.com/api/rest/v4/clusters/9896571/,RA; claims; csv; phase1_patch,,
"9898221_2022_Moore v. Capital Realty Group, Inc._nywd","Jerry W. Moore v. Capital Realty Group, Inc.",W.D.N.Y.,2022,9898221,https://www.courtlistener.com/api/rest/v4/clusters/9898221/,RA; claims; csv; phase1_patch,,
"9898381_2022_Moore v. Capital Realty Group, Inc._nywd","Jerry W. Moore v. Capital Realty Group, Inc.",W.D.N.Y.,2022,9898381,https://www.courtlistener.com/api/rest/v4/clusters/9898381/,RA; claims; csv,,
"9898468_2022_Moore v. Capital Realty Group, Inc._nywd","Jerry W. Moore v. Capital Realty Group, Inc.",W.D.N.Y.,2022,9898468,https://www.courtlistener.com/api/rest/v4/clusters/9898468/,RA; claims; csv,,
9899197_2023_Meadows v. Buffalo Police Department_nywd,"Carolette Meadows v. Buffalo Police Department, et al.",W.D.N.Y.,2023,9899197,https://www.courtlistener.com/api/rest/v4/clusters/9899197/,RA; claims; csv,on file with author,6f571e325aa6c5667241032e92a5a12947dab8d55f9c558166c1f788636907a2
"9899693_2023_Moore v. Capital Realty Group, Inc._nywd","Jerry W. Moore v. Capital Realty Group, Inc.",W.D.N.Y.,2023,9899693,https://www.courtlistener.com/api/rest/v4/clusters/9899693/,RA; claims; csv,,
"9900160_2024_Moore v. Capital Realty Group, Inc._nywd","Jerry W. Moore v. Capital Realty Group, Inc.",W.D.N.Y.,2024,9900160,https://www.courtlistener.com/api/rest/v4/clusters/9900160/,RA; claims; csv,on file with author,2842782a6254fa04dff895151268b8589458fb560f477d533d3221d2c3fcecdd
"9900237_2023_Moore v. Niagara Frontier Transportation Authority,Inc._nywd",,,,9900237,https://www.courtlistener.com/api/rest/v4/clusters/9900237/,RA; claims; csv,,
9900376_2024_Meadows v. Buffalo Police Department_nywd,Meadows v. Buffalo Police Department,W.D.N.Y.,2024,9900376,https://www.courtlistener.com/api/rest/v4/clusters/9900376/,RA; claims; csv,on file with author,3f2f497ffd2769cc6bea5b65026ccdce393025b462ba1a465a7e277676ba492c
9900555_2024_Jones v. Homestate Asset Management LLC_nywd,Tedric Kewon Jones v. Homestate Asset Management LLC,W.D.N.Y.,2024,9900555,https://www.courtlistener.com/api/rest/v4/clusters/9900555/,RA; 3604; claims; csv; phase1_patch; phase2_extraction,,
9900765_2019_Muhammad v. Wilhite_ohnd,Jerry Muhammad v. Jacob Wilhite,N.D. Ohio,2019,9900765,https://www.courtlistener.com/api/rest/v4/clusters/9900765/,3604; claims; csv,on file with author,8948ef6ef991c02faac2c5b5bac039047a3d8ea1dc07d6c6dd57cfd0e37279ef
"9900958_2019_Phillips v. Acacia on the Green Condominium Association, Inc._ohnd","Phillips v. Acacia on the Green Condominium Association, Inc.",N.D. Ohio,2019,9900958,https://www.courtlistener.com/api/rest/v4/clusters/9900958/,3604; claims; csv,,
"9902206_2020_Phillips v. Acacia on the Green Condominium Association, Inc._ohnd","Gene B. Phillips, et al. v. Acacia on the Green Condominium Association, Inc., et al.",N.D. Ohio,2020,9902206,https://www.courtlistener.com/api/rest/v4/clusters/9902206/,3604; claims; csv,,
"9902725_2021_Lake-Geauga Recovery Centers, Inc. v. Munson Township_ohnd","Lake-Geauga Recovery Centers, Inc. v. Munson Township",N.D. Ohio,2021,9902725,https://www.courtlistener.com/api/rest/v4/clusters/9902725/,RA; 3604; claims; csv,,
9902915_2021_McCoy v. Akron Police Department_ohnd,McCoy v. Akron Police Department,N.D. Ohio,2021,9902915,https://www.courtlistener.com/api/rest/v4/clusters/9902915/,RA; claims; csv,on file with author,df0c235be0bb5abd831f634998c3a79f1dc2cca560f1c16e4c20ad9702dc222b
9903260_2021_Alghusain v. Nemeth_ohnd,"Ameer Alghusain v. Jason L. Nemeth, et al.",N.D. Ohio,2021,9903260,https://www.courtlistener.com/api/rest/v4/clusters/9903260/,RA; 3604; claims; csv,on file with author,7368fb197dd98897137c1542480a2e774c639fccf81e5b55b8f498dee3168390
9903482_2021_Davis v. Cornely_ohnd,"Donald Davis v. Mary Z. Cornely, et al.",N.D. Ohio,2021,9903482,https://www.courtlistener.com/api/rest/v4/clusters/9903482/,RA; 3604; claims; csv,,
9906035_2023_Pickett v. City of Cleveland_ohnd,"Albert Pickett, Jr. v. City of Cleveland",N.D. Ohio,2023,9906035,https://www.courtlistener.com/api/rest/v4/clusters/9906035/,RA; 3604; claims; csv,,
9906431_2024_United States v. Pedaline_ohnd,"United States of America v. Joseph Pedaline, et al.",N.D. Ohio,2024,9906431,https://www.courtlistener.com/api/rest/v4/clusters/9906431/,RA; 3604; claims; csv,,
"9906570_2024_Mindale Farms Co. v. City of Tallmadge, Ohio_ohnd","Mindale Farms Co. v. City of Tallmadge, Ohio",N.D. Ohio,2024,9906570,https://www.courtlistener.com/api/rest/v4/clusters/9906570/,RA; claims; csv,on file with author,9448bbd92774b35c73b78be1774ba6f229830d912a77f3ffa08c3901e33c23b0
9906682_2024_Hogan v. Moraitis_ohnd,,,,9906682,https://www.courtlistener.com/api/rest/v4/clusters/9906682/,RA; claims; csv,,
9906705_2024_Culver v. Churchill_ohnd,"Chelsea Culver, et al. v. Melissa Churchill, et al.",N.D. Ohio,2024,9906705,https://www.courtlistener.com/api/rest/v4/clusters/9906705/,RA; claims; csv; phase1_patch; phase2_extraction,,
"9909319_2020_Cooper v. PJ Apartments, LLC, dba Village Square Apartments_ohsd","Lisa Renee Cooper v. PJ Apartments, LLC, dba Village Square Apartments",S.D. Ohio,2020,9909319,https://www.courtlistener.com/api/rest/v4/clusters/9909319/,3604; claims; csv,,
9910433_2021_Freedom's Path at Dayton v. Dayton Metropolitan Housing Authority_ohsd,Freedom's Path at Dayton v. Dayton Metropolitan Housing Authority,S.D. Ohio,2021,9910433,https://www.courtlistener.com/api/rest/v4/clusters/9910433/,RA; 3604; claims; csv,,
9910810_2021_UFM Realty Corporation v. Matthews_ohsd,UFM Realty Corporation v. Matthews,S.D. Ohio,2021,9910810,https://www.courtlistener.com/api/rest/v4/clusters/9910810/,RA; claims; csv; phase1_patch,,
9911207_2021_Vanessa McQueen v. City of Cincinnati_ohsd,Vanessa McQueen v. City of Cincinnati,S.D. Ohio,2021,9911207,https://www.courtlistener.com/api/rest/v4/clusters/9911207/,RA; claims; csv; phase1_patch,on file with author,5b1089578c3707c8a3a69bbc033b8c39832d490853a7bf6625e2fd73b36a50a7
"9911698_2021_Seattle House LLC v. City of Delaware, Ohio_ohsd","Seattle House, LLC v. City of Delaware, Ohio",S.D. Ohio,2021,9911698,https://www.courtlistener.com/api/rest/v4/clusters/9911698/,RA; claims; csv,,
9912129_2021_Jetter v. City of Cincinnati_ohsd,"Deborah Jetter, et al. v. City of Cincinnati",S.D. Ohio,2021,9912129,https://www.courtlistener.com/api/rest/v4/clusters/9912129/,RA; claims; csv,,
"9912452_2021_Price v. Country Brook Homeowners' Association, Inc._ohsd","Katherine Bebe Price, et al. v. Country Brook Homeowners' Association, Inc., et al.",S.D. Ohio,2021,9912452,https://www.courtlistener.com/api/rest/v4/clusters/9912452/,RA; 3604; claims; csv,,
9912582_2021_Price v. Oxley_ohsd,"Katherine Bebe Price, et al. v. Scott G. Oxley, et al.",S.D. Ohio,2021,9912582,https://www.courtlistener.com/api/rest/v4/clusters/9912582/,RA; 3604; claims; csv,on file with author,744a0edd3c5ae8900104a8dd507e2496958a761e9679b7a161d44e28632c669f
9912829_2021_United States v. Klosterman_ohsd,United States v. Klosterman,S.D. Ohio,2021,9912829,https://www.courtlistener.com/api/rest/v4/clusters/9912829/,RA; claims; csv,,
9913261_2022_TD Investments LLC v. National City Bank_ohsd,,,,9913261,https://www.courtlistener.com/api/rest/v4/clusters/9913261/,RA; claims; csv,,
9913564_2022_Freedom's Path at Dayton v. Dayton Metropolitan Housing Authority_ohsd,Dayton Veterans Residences Limited Partnership v. Dayton Metropolitan Housing Authority,S.D. Ohio,2022,9913564,https://www.courtlistener.com/api/rest/v4/clusters/9913564/,RA; 3604; claims; csv; phase1_patch,,
9913567_2022_Freedom's Path at Dayton v. Dayton Metropolitan Housing Authority_ohsd,Freedom's Path at Dayton v. Dayton Metropolitan Housing Authority,S.D. Ohio,2022,9913567,https://www.courtlistener.com/api/rest/v4/clusters/9913567/,RA; 3604; claims; csv,,
9913576_2022_Freedom's Path at Dayton v. Dayton Metropolitan Housing Authority_ohsd,Freedom's Path at Dayton v. Dayton Metropolitan Housing Authority,S.D. Ohio,2022,9913576,https://www.courtlistener.com/api/rest/v4/clusters/9913576/,RA; 3604; claims; csv,,
9913601_2022_Freedom's Path at Dayton v. Dayton Metropolitan Housing Authority_ohsd,Freedom's Path at Dayton v. Dayton Metropolitan Housing Authority,S.D. Ohio,2022,9913601,https://www.courtlistener.com/api/rest/v4/clusters/9913601/,RA; claims; csv,,
9913834_2022_Chapman v. Franklin County Sheriff_ohsd,Tasha Chapman v. Franklin County Sheriff,S.D. Ohio,2022,9913834,https://www.courtlistener.com/api/rest/v4/clusters/9913834/,RA; claims; csv; phase1_patch,,
9913930_2022_Jetter v. City of Cincinnati_ohsd,"Dennis Howell, et al. v. City of Cincinnati",S.D. Ohio,2022,9913930,https://www.courtlistener.com/api/rest/v4/clusters/9913930/,RA; claims; csv,,
9913950_2022_Chapman v. Franklin County Sheriff_ohsd,Chapman v. Franklin County Sheriff,S.D. Ohio,2022,9913950,https://www.courtlistener.com/api/rest/v4/clusters/9913950/,RA; 3604; claims; csv,on file with author,733324e342dc30ab249791a7a2b59bb0e3b419555be707819072270f7913b102
9914173_2022_McComb v. Dominium Property Management_ohsd,"Robert McComb v. Dominium Property Management, et al.",S.D. Ohio,2022,9914173,https://www.courtlistener.com/api/rest/v4/clusters/9914173/,RA; claims; csv,on file with author,4d1293afd582be9de17dabca0e619ef9b65e830ef2805de123ed758f8b6b8a58
9914456_2022_Freedom's Path at Dayton v. Dayton Metropolitan Housing Authority_ohsd,Freedom's Path at Dayton v. Dayton Metropolitan Housing Authority,S.D. Ohio,2022,9914456,https://www.courtlistener.com/api/rest/v4/clusters/9914456/,RA; 3604; claims; csv,,
9914459_2022_Freedom's Path at Dayton v. Dayton Metropolitan Housing Authority_ohsd,"Dayton Veterans Residences Limited Partnership, d/b/a Freedom's Path at Dayton v. Dayton Metropolitan Housing Authority",S.D. Ohio,2022,9914459,https://www.courtlistener.com/api/rest/v4/clusters/9914459/,RA; claims; csv,,
"9914849_2022_A. R. v. Wyndham Hotels and Resorts, Inc._ohsd",,,,9914849,https://www.courtlistener.com/api/rest/v4/clusters/9914849/,RA; claims; csv,,
9914876_2022_Epps v. United States of America_ohsd,"Alicia A. Epps v. Carl Linder, III, et al.",S.D. Ohio,2022,9914876,https://www.courtlistener.com/api/rest/v4/clusters/9914876/,RA; claims; csv; phase1_patch,on file with author,2fa7bef549d7444f2e2d389cb31671d2a0d06f37e9f2aab68e805273ef22416e
"9914937_2022_A.W. v. Red Roof Inns, Inc._ohsd",,,,9914937,https://www.courtlistener.com/api/rest/v4/clusters/9914937/,RA; claims; csv,,
9915088_2023_Leonard v. Montgomery_ohsd,Ronald D. Leonard v. Amy Montgomery,S.D. Ohio,2023,9915088,https://www.courtlistener.com/api/rest/v4/clusters/9915088/,3604; claims; csv; phase1_patch; phase2_extraction,,
9915100_2023_Brown v. Dominion Management Services LLC_ohsd,Jeanette Brown v. Dominion Management Services LLC,S.D. Ohio,2023,9915100,https://www.courtlistener.com/api/rest/v4/clusters/9915100/,RA; claims; csv,on file with author,72ef777948a284175d68cae67eff46cd3e244983d937bf304f51f4b988bfed01
9915430_2023_Chappel v. Adams County Children's Services_ohsd,Dawn Chappel v. Adams County Children's Services,S.D. Ohio,2023,9915430,https://www.courtlistener.com/api/rest/v4/clusters/9915430/,RA; claims; csv; phase1_patch,on file with author,98d755018469a4dc1e1c60bd15bd45c02443700b5f8a39d03515f8ecb7d68fa7
9915788_2023_Epps v. United States of America_ohsd,"Alicia A. Epps v. Carl Linder, III, et al.",S.D. Ohio,2023,9915788,https://www.courtlistener.com/api/rest/v4/clusters/9915788/,RA; claims; csv; phase1_patch,,
9915860_2023_Foster v. Henderson_ohsd,,,,9915860,https://www.courtlistener.com/api/rest/v4/clusters/9915860/,RA; claims; csv,,
"9915878_2023_Carr v. Meta Platform, Inc._ohsd",,,,9915878,https://www.courtlistener.com/api/rest/v4/clusters/9915878/,RA; claims; csv,,
9915985_2023_Jetter v. City of Cincinnati_ohsd,"Dennis Howell, et al. v. City of Cincinnati",S.D. Ohio,2023,9915985,https://www.courtlistener.com/api/rest/v4/clusters/9915985/,RA; claims; csv,,
"9916059_2023_Carr v. Google Inc., a Delaware Corporation_ohsd",,,,9916059,https://www.courtlistener.com/api/rest/v4/clusters/9916059/,RA; claims; csv,,
9916064_2023_Rudolph v. Green_ohsd,"Isis Rudolph v. Michael Green, et al.",S.D. Ohio,2023,9916064,https://www.courtlistener.com/api/rest/v4/clusters/9916064/,RA; claims; csv,on file with author,471a96f75bb693be6073498b1a65c8462991cc2c67bbaa81a8752f7c121299b2
"9916072_2023_Carr v. OneTouchPoint, Inc._ohsd",,,,9916072,https://www.courtlistener.com/api/rest/v4/clusters/9916072/,RA; claims; csv,,
"9916424_2023_T.E. v. Wyndham Hotels _ Resorts, Inc._ohsd",,,,9916424,https://www.courtlistener.com/api/rest/v4/clusters/9916424/,RA; claims; csv,,
"9917351_2024_T.E. v. Wyndham Hotels _ Resorts, Inc._ohsd",,,,9917351,https://www.courtlistener.com/api/rest/v4/clusters/9917351/,RA; claims; csv,,
"9917678_2024_K.F. v. Choice Hotels International, Inc._ohsd",,,,9917678,https://www.courtlistener.com/api/rest/v4/clusters/9917678/,RA; claims; csv,,
"9917698_2024_T.D.P. v. Choice Hotels International, Inc._ohsd",,,,9917698,https://www.courtlistener.com/api/rest/v4/clusters/9917698/,RA; claims; csv,,
"9917699_2024_G. M. v. Choice Hotels International, Inc._ohsd",,,,9917699,https://www.courtlistener.com/api/rest/v4/clusters/9917699/,RA; claims; csv,,
"9917733_2024_D. T. v. Red Roof Inns, Inc._ohsd",,,,9917733,https://www.courtlistener.com/api/rest/v4/clusters/9917733/,RA; claims; csv,,
"9917736_2024_K.L. v. Red Roof Inns, Inc._ohsd",,,,9917736,https://www.courtlistener.com/api/rest/v4/clusters/9917736/,RA; claims; csv,,
"9917737_2024_A.Y.S. v. Red Roof Inns, Inc._ohsd",,,,9917737,https://www.courtlistener.com/api/rest/v4/clusters/9917737/,RA; claims; csv,,
"9917738_2024_R.C.C. v. Red Roof Inns, Inc._ohsd",,,,9917738,https://www.courtlistener.com/api/rest/v4/clusters/9917738/,RA; claims; csv,,
"9917739_2024_D.K. v. Red Roof Inns, Inc._ohsd",,,,9917739,https://www.courtlistener.com/api/rest/v4/clusters/9917739/,RA; claims; csv,,
"9917741_2024_K. W. v. Red Roof Inns, Inc._ohsd",,,,9917741,https://www.courtlistener.com/api/rest/v4/clusters/9917741/,RA; claims; csv,,
"9917747_2024_C. B. v. Red Roof Inns, Inc._ohsd",,,,9917747,https://www.courtlistener.com/api/rest/v4/clusters/9917747/,RA; claims; csv,,
"9917752_2024_J. B. v. Red Roof Inns, Inc._ohsd",,,,9917752,https://www.courtlistener.com/api/rest/v4/clusters/9917752/,RA; claims; csv,,
"9917754_2024_R.K. v. Red Roof Inns, Inc._ohsd",,,,9917754,https://www.courtlistener.com/api/rest/v4/clusters/9917754/,RA; claims; csv,,
"9917758_2024_R.H. v. Red Roof Inns, Inc._ohsd",,,,9917758,https://www.courtlistener.com/api/rest/v4/clusters/9917758/,RA; claims; csv,,
"9917760_2024_A.Y. v. Red Roof Inns, Inc._ohsd",,,,9917760,https://www.courtlistener.com/api/rest/v4/clusters/9917760/,RA; claims; csv,,
"9917764_2024_R. Z. v. Red Roof Inns, Inc._ohsd",,,,9917764,https://www.courtlistener.com/api/rest/v4/clusters/9917764/,RA; claims; csv,,
"9917766_2024_A.S. v. Red Roof Inns, Inc._ohsd",,,,9917766,https://www.courtlistener.com/api/rest/v4/clusters/9917766/,RA; claims; csv,,
"9917768_2024_C.C. v. Wyndham Hotels _ Resorts, Inc._ohsd",,,,9917768,https://www.courtlistener.com/api/rest/v4/clusters/9917768/,RA; claims; csv,,
"9917776_2024_N. B. v. Red Roof Inns, Inc._ohsd",,,,9917776,https://www.courtlistener.com/api/rest/v4/clusters/9917776/,RA; claims; csv,,
"9917782_2024_G. G. v. Red Roof Inns, Inc._ohsd",,,,9917782,https://www.courtlistener.com/api/rest/v4/clusters/9917782/,RA; claims; csv,,
"9917788_2024_G. M. v. Choice Hotels International, Inc._ohsd",,,,9917788,https://www.courtlistener.com/api/rest/v4/clusters/9917788/,RA; claims; csv,,
"9917789_2024_G. M. v. Choice Hotels International, Inc._ohsd",,,,9917789,https://www.courtlistener.com/api/rest/v4/clusters/9917789/,RA; claims; csv,,
"9917792_2024_K.F. v. Choice Hotels International, Inc._ohsd",,,,9917792,https://www.courtlistener.com/api/rest/v4/clusters/9917792/,RA; claims; csv,,
"9917811_2024_G.P. v. Wyndham Hotels _ Resorts, Inc._ohsd",,,,9917811,https://www.courtlistener.com/api/rest/v4/clusters/9917811/,RA; claims; csv,,
"9917816_2024_H.S. v. Red Roof Inns, Inc._ohsd",,,,9917816,https://www.courtlistener.com/api/rest/v4/clusters/9917816/,RA; claims; csv,,
"9917819_2024_A.M. v. Wyndham Hotels and Resorts, Inc._ohsd",,,,9917819,https://www.courtlistener.com/api/rest/v4/clusters/9917819/,RA; claims; csv,,
"9917837_2024_A.M. v. Wyndham Hotels and Resorts, Inc._ohsd",,,,9917837,https://www.courtlistener.com/api/rest/v4/clusters/9917837/,RA; claims; csv,,
"9917887_2024_K.R.L. v. Red Roof Inns, Inc._ohsd",,,,9917887,https://www.courtlistener.com/api/rest/v4/clusters/9917887/,RA; claims; csv,,
"9917889_2024_K.D. v. Red Roof Inns, Inc._ohsd",,,,9917889,https://www.courtlistener.com/api/rest/v4/clusters/9917889/,RA; claims; csv,,
9917897_2024_Chapman v. Columbus Metropolitan Housing Authority_ohsd,Tasha Chapman v. Columbus Metropolitan Housing Authority,S.D. Ohio,2024,9917897,https://www.courtlistener.com/api/rest/v4/clusters/9917897/,RA; 3604; claims; csv,on file with author,1654febb625384dbefb45f6ceb0755c66c9d112e286d3c3a4c1b726a7ce9c063
"9917911_2024_Oliver v. Etna Township, Ohio_ohsd","Consuella Oliver et al. v. Etna Township, Ohio","S.D. Ohio, Eastern Division",2024,9917911,https://www.courtlistener.com/api/rest/v4/clusters/9917911/,RA; claims; csv,,
"9918050_2024_Clark v. Blueprint Investments, LLC_ohsd","April Clark v. Blueprint Investments, LLC",S.D. Ohio,2024,9918050,https://www.courtlistener.com/api/rest/v4/clusters/9918050/,RA; claims; csv; phase1_patch,,
"9919221_2023_Watkins v. Housing Authority of the City of Hugo, The_oked",Watkins v. Housing Authority of the City of Hugo,E.D. Okla.,2023,9919221,https://www.courtlistener.com/api/rest/v4/clusters/9919221/,RA; claims; csv,,
"9919451_2024_Metropolitan Fair Housing Council of Oklahoma, Inc v. Feiock_oked","Metropolitan Fair Housing Council of Oklahoma, Inc. v. Feiock",E.D. Okla.,2024,9919451,https://www.courtlistener.com/api/rest/v4/clusters/9919451/,RA; 3604; claims; csv,,
"9919649_2019_Shaw v. Cherokee Meadows, LP_oknd","Della Shaw, Sherlyne Turner, Bertha Johnson, and Mary Rand v. Cherokee Meadows, LP; Carland Group, LLC; Redbud Contractors, LLC; Carland Properties, LLC; and Blackledge & Associates",N.D. Okla.,2019,9919649,https://www.courtlistener.com/api/rest/v4/clusters/9919649/,3604; claims; csv,,
"9919652_2019_Shaw v. Cherokee Meadows, LP_oknd","Shaw v. Cherokee Meadows, LP",N.D. Okla.,2019,9919652,https://www.courtlistener.com/api/rest/v4/clusters/9919652/,3604; claims; csv,,
"9919745_2019_Shaw v. Cherokee Meadows, LP_oknd","Della Shaw, Sherlyne Turner, Bertha Johnson, and Mary Rand v. Cherokee Meadows, LP; Carland Group, LLC; Redbud Contractors, LLC; Carland Properties, LLC; and Blackledge & Associates",N.D. Okla.,2019,9919745,https://www.courtlistener.com/api/rest/v4/clusters/9919745/,3604; claims; csv,,
"9920067_2021_Backus v. I.Q. Data International, Inc._oknd","Joseph Backus v. I.Q. Data International, Inc., Tulsa Greenbriar I, LLC, and Gaines Investment Trust",N.D. Okla.,2021,9920067,https://www.courtlistener.com/api/rest/v4/clusters/9920067/,RA; 3604; claims; csv,on file with author,f6acce60280da9fa3c02880650bc8c814ca70f159053fb05e21c2894830ea7fa
"9920331_2022_Backus v. I.Q. Data International, Inc._oknd","Joseph Backus v. Tulsa Greenbriar I, LLC and Gaines Investment Trust",N.D. Okla.,2022,9920331,https://www.courtlistener.com/api/rest/v4/clusters/9920331/,RA; 3604; claims; csv,on file with author,5e81ef1b63be45e1be45c9519aad611c62ffb4fabe862bc92286da8e10d3f5b1
"9920603_2023_Gotcher v. PC Woodland Manor, LLC_oknd","Gina Gotcher v. PC Woodland Manor, LLC and RPM Living, LLC",N.D. Okla.,2023,9920603,https://www.courtlistener.com/api/rest/v4/clusters/9920603/,RA; claims; csv; phase1_patch,,
9920742_2023_Webster v. Fairway Management Inc_oknd,"Stephany Webster v. Fairway Management, Inc., et al.",N.D. Okla.,2023,9920742,https://www.courtlistener.com/api/rest/v4/clusters/9920742/,RA; claims; csv,on file with author,b3a48acd05cbd0f624f1b317f2cb477be9fb68d881d8edefa87b8db73c705b8c
9920842_2024_Rivera v. Naifeh_oknd,"Idalys Torres Rivera v. Charo Naifeh, Casa Light Realty, LLC, and Platinum Investment Group, LLC",N.D. Okla.,2024,9920842,https://www.courtlistener.com/api/rest/v4/clusters/9920842/,RA; claims; csv,,
9921378_2019_Bowman v. Merrimac Real Estate Holdings II LLC_okwd,"Dana Bowman v. Merrimac Real Estate Holdings II, LLC",W.D. Okla.,2019,9921378,https://www.courtlistener.com/api/rest/v4/clusters/9921378/,3604; claims; csv,,
9921649_2020_McAdoo v. Vici Community Development Corp_okwd,"Judy McAdoo v. Vici Community Development Corp., Cindy Arnold, and Amanda Gresham",W.D. Okla.,2020,9921649,https://www.courtlistener.com/api/rest/v4/clusters/9921649/,3604; claims; csv,,
9922046_2021_United States v. Johnson_okwd,United States v. Johnson,W.D. Okla.,2021,9922046,https://www.courtlistener.com/api/rest/v4/clusters/9922046/,RA; claims; csv; phase1_patch,,
9922075_2021_United States v. Johnson_okwd,United States v. Johnson,W.D. Okla.,2021,9922075,https://www.courtlistener.com/api/rest/v4/clusters/9922075/,RA; claims; csv; phase1_patch,,
9922178_2021_Watson v. Vici Community Development Corp_okwd,Watson v. Vici Community Development Corp.,W.D. Okla.,2021,9922178,https://www.courtlistener.com/api/rest/v4/clusters/9922178/,RA; 3604; claims; csv,,
9922307_2021_Melton v. University of Oklahoma_okwd,Sarah Melton v. State of Oklahoma ex rel. University of Oklahoma,W.D. Okla.,2021,9922307,https://www.courtlistener.com/api/rest/v4/clusters/9922307/,RA; 3604; claims; csv,on file with author,6cd25d3826e15921930da9bb267962f32a321462d420409786cc4d7760292ddc
9922623_2021_Choctaw City of v. Edwards_okwd,,,,9922623,https://www.courtlistener.com/api/rest/v4/clusters/9922623/,RA; claims,,
9922649_2021_Miller v. Legacy Bank_okwd,Marquise Miller v. Legacy Bank,W.D. Okla.,2021,9922649,https://www.courtlistener.com/api/rest/v4/clusters/9922649/,RA; claims; csv,on file with author,57b26fcce5db2f3ff33ec211643c2dd6fc41ffbe3e5c931716cb6b66c7d0a05d
9922722_2021_Miller v. Legacy Bank_okwd,Miller v. Legacy Bank,W.D. Okla.,2021,9922722,https://www.courtlistener.com/api/rest/v4/clusters/9922722/,RA; claims; csv; phase1_patch,on file with author,c54935ae5b4d0c8c06b1ef4c3224edd5b91a26b4d4cf844531a548fea85763d4
9922910_2022_Watson v. Vici Community Development Corp_okwd,Watson v. Vici Community Development Corp.,W.D. Okla.,2022,9922910,https://www.courtlistener.com/api/rest/v4/clusters/9922910/,RA; 3604; claims; csv,,
9922959_2022_CDMR LLC v. First United Bank and Trust Company_okwd,Miller v. First United Bank and Trust Company,W.D. Okla.,2022,9922959,https://www.courtlistener.com/api/rest/v4/clusters/9922959/,RA; claims; csv,on file with author,998dc37a08936bbfc47bb81a105985aeed316072a93c090cff320d8ae962c22d
9923075_2022_Miller v. Legacy Bank_okwd,Miller v. Legacy Bank,W.D. Okla.,2022,9923075,https://www.courtlistener.com/api/rest/v4/clusters/9923075/,RA; claims; csv,,
9923176_2022_Watson v. Vici Community Development Corp_okwd,Watson v. Vici Community Development Corp.,W.D. Okla.,2022,9923176,https://www.courtlistener.com/api/rest/v4/clusters/9923176/,RA; claims; csv,,
9923186_2022_CDMR LLC v. First United Bank and Trust Company_okwd,Miller v. First United Bank and Trust Company,W.D. Okla.,2022,9923186,https://www.courtlistener.com/api/rest/v4/clusters/9923186/,RA; 3604; claims; csv,on file with author,2e322b21fd89af3618c06c2dbd72bc803fa914c2ea42d291358b4846198c9c22
9923234_2022_Simmons v. Roth_okwd,,,,9923234,https://www.courtlistener.com/api/rest/v4/clusters/9923234/,RA; claims; csv,,
9923292_2022_Siegel v. Novo Nordisk Inc_okwd,,,,9923292,https://www.courtlistener.com/api/rest/v4/clusters/9923292/,RA; claims; csv,,
9923379_2023_Miller v. Legacy Bank_okwd,Marquise Miller v. Legacy Bank,W.D. Okla.,2023,9923379,https://www.courtlistener.com/api/rest/v4/clusters/9923379/,RA; claims; csv; phase1_patch,,
9923447_2023_CDMR LLC v. First United Bank and Trust Company_okwd,Miller v. First United Bank and Trust Co.,W.D. Okla.,2023,9923447,https://www.courtlistener.com/api/rest/v4/clusters/9923447/,RA; claims; csv,,
9923698_2023_Miller v. Legacy Bank_okwd,Marquise Miller v. Legacy Bank,W.D. Okla.,2023,9923698,https://www.courtlistener.com/api/rest/v4/clusters/9923698/,RA; claims; csv,,
9923757_2023_Blackburn v. Webb_okwd,Tyeashia M. Blackburn et al. v. Kelly Webb et al.,W.D. Okla.,2023,9923757,https://www.courtlistener.com/api/rest/v4/clusters/9923757/,RA; 3604; claims; csv,on file with author,d0f1b4c6273c3b9bc493888c228da3221adf0b9c97c3508343ad9dafc2104b82
9924055_2024_Blackburn v. Webb_okwd,"Tyeashia M. Blackburn; and Lezlie E. Freeman v. Kelly Webb; Rent King, LLC",W.D. Okla.,2024,9924055,https://www.courtlistener.com/api/rest/v4/clusters/9924055/,RA; 3604; claims; csv,,
9924106_2024_Watkins v. Property Management Service Incorporated_okwd,"Donald Watkins v. Property Management Services, Incorporated, et al.",W.D. Okla.,2024,9924106,https://www.courtlistener.com/api/rest/v4/clusters/9924106/,RA; 3604; claims; csv,,
9925253_2020_Hernandez v. Golf Course Estates Home Owners Association_ord,Hernandez v. Golf Course Estates Home Owners Association,D. Or.,2020,9925253,https://www.courtlistener.com/api/rest/v4/clusters/9925253/,3604; claims; csv,,
9926343_2021_Kollenburn v. County of Clackamas_ord,Kollenburn v. County of Clackamas,D. Or.,2021,9926343,https://www.courtlistener.com/api/rest/v4/clusters/9926343/,RA; 3604; claims; csv,,
9926612_2021_Johnson v. Guardian Management_ord,Larry Johnson v. Guardian Management,D. Or.,2021,9926612,https://www.courtlistener.com/api/rest/v4/clusters/9926612/,RA; 3604; claims; csv,,
9926959_2021_Macon v. Parker_ord,"Jenine Kristina Macon v. Proud Ground Organization, Yesika Arevalo, Tyler Koski, Ryan Parker, Katie Ullrich, Pedro Cruz",D. Or.,2021,9926959,https://www.courtlistener.com/api/rest/v4/clusters/9926959/,RA; 3604; claims; csv,on file with author,11b48ef12083bf25aa9ee6e6e4e48476b7718b8760030266879882357d31dd03
9927104_2021_Santarelli v. Grays Landing Apartments_ord,"Stella Santarelli v. Grays Landing Apartments, Maha Kahim, Williams Charles, and Jennifer Schwab",D. Or.,2021,9927104,https://www.courtlistener.com/api/rest/v4/clusters/9927104/,RA; claims; csv; phase1_patch,,
"9927283_2021_Watson v. loanDepot.com, LLC_ord","Watson v. loanDepot.com, LLC",D. Or.,2021,9927283,https://www.courtlistener.com/api/rest/v4/clusters/9927283/,RA; claims; csv; phase1_patch; phase2_extraction,,
9927324_2021_Kononen v. City of Salem Housing Authority_ord,Katie M. Kononen v. City of Salem Housing Authority,D. Or.,2021,9927324,https://www.courtlistener.com/api/rest/v4/clusters/9927324/,RA; 3604; claims; csv,on file with author,d6d54e0584d6893d09d4c5c8139c26a938937eeedb5bd11d25439ae7da8317b4
"9927500_2021_Myers v. Highlands At Vista Ridge Homeowners Association, Inc._ord","Douglas Myers et al. v. Highlands at Vista Ridge Homeowners Association, Inc. et al.",D. Or.,2021,9927500,https://www.courtlistener.com/api/rest/v4/clusters/9927500/,RA; claims; csv; phase1_patch; phase2_extraction,,
"9927566_2022_Allen v. loanDepot.com, LLC_ord","Tracie Allen v. loanDepot.com, LLC",D. Or.,2022,9927566,https://www.courtlistener.com/api/rest/v4/clusters/9927566/,RA; claims; csv; phase1_patch,,
9927731_2022_Johnson v. Guardian Management_ord,Larry Johnson v. Guardian Management and Uptown Towers,D. Or.,2022,9927731,https://www.courtlistener.com/api/rest/v4/clusters/9927731/,RA; 3604; claims; csv,,
"9927839_2022_Total Real Estate Group, LLC v. Strode_ord",,,,9927839,https://www.courtlistener.com/api/rest/v4/clusters/9927839/,RA; claims; csv,,
9928046_2022_Johnson v. Brenneke_ord,"Larry Johnson v. Thomas Brenneke; Garrett Lamar Miles; Guardian Management, LLC; Guardian Real Estate Services; Uptown Tower Apartments; Lisa Simonson; Kelly Paine; and Sunshine Sales",D. Or.,2022,9928046,https://www.courtlistener.com/api/rest/v4/clusters/9928046/,RA; claims; csv; phase1_patch,,
9928113_2022_Johnson v. Guardian Management_ord,Larry Johnson v. Guardian Management and Uptown Towers,D. Or.,2022,9928113,https://www.courtlistener.com/api/rest/v4/clusters/9928113/,RA; 3604; claims; csv,,
9928262_2022_Johnson v. Brenneke_ord,"Larry Johnson v. Thomas Brenneke; Garrett Lamar Miles; Guardian Management, LLC; Guardian Real Estate Services; Uptown Tower Apartments; Lisa Simonson; Kelly Paine; and Sunshine Sales",D. Or.,2022,9928262,https://www.courtlistener.com/api/rest/v4/clusters/9928262/,RA; claims; csv; phase1_patch; phase2_extraction,,
"9928364_2022_Bondick v. Cambridge Real Estate Services, Inc._ord","Bondick v. Cambridge Real Estate Services, Inc.",D. Or.,2022,9928364,https://www.courtlistener.com/api/rest/v4/clusters/9928364/,RA; claims; csv; phase1_patch,on file with author,9aa109053b9c7cbba1995c25b154b67cf2b467b135fe4672758da57e71941dec
9928421_2022_Johnson v. Brenneke_ord,"Larry Johnson v. Thomas Brenneke; Garrett Lamar Miles; Guardian Management, LLC; Guardian Real Estate Services; Uptown Tower Apartments; Lisa Simonson; Kelly Paine; and Sunshine Sales",D. Or.,2022,9928421,https://www.courtlistener.com/api/rest/v4/clusters/9928421/,RA; claims; csv; phase2_extraction,,
9928443_2022_Hume v. Guardian Management LLC_ord,Hume v. Guardian Management LLC,D. Or.,2022,9928443,https://www.courtlistener.com/api/rest/v4/clusters/9928443/,RA; 3604; claims; csv,,
9928755_2022_Gibson v. Community Development Partners (CDP)_ord,Gibson v. Community Development Partners,D. Or.,2022,9928755,https://www.courtlistener.com/api/rest/v4/clusters/9928755/,RA; 3604; claims; csv,on file with author,fbaf02aa50ef33d2b7f8101369bd0f292bc298c88effa28dcab3e9a20e501a8e
9928837_2022_Hume v. Guardian Management LLC_ord,"Michelle Hume v. Guardian Management LLC, Uptown Tower Apartments, and Lisa Simonson",D. Or.,2022,9928837,https://www.courtlistener.com/api/rest/v4/clusters/9928837/,RA; 3604; claims; csv,,
9928870_2022_Hume v. Guardian Management LLC_ord,Hume v. Guardian Management LLC,D. Or.,2022,9928870,https://www.courtlistener.com/api/rest/v4/clusters/9928870/,RA; 3604; claims; csv,,
9928913_2023_Hunter v. U.S. Department of Education_ord,,,,9928913,https://www.courtlistener.com/api/rest/v4/clusters/9928913/,RA; claims; csv,,
"9928967_2023_Bell Real Estate, Inc. v. Diaz_ord",,,,9928967,https://www.courtlistener.com/api/rest/v4/clusters/9928967/,RA; claims; csv,,
9928992_2023_Washington v. Farmington Estates Owners Association_ord,"Wilmore L. Washington, III v. Farmington Estates Owners Association",D. Or.,2023,9928992,https://www.courtlistener.com/api/rest/v4/clusters/9928992/,RA; claims; csv,,
9929172_2023_Schrader v. Pakseresht_ord,Schrader v. Pakseresht,D. Or.,2023,9929172,https://www.courtlistener.com/api/rest/v4/clusters/9929172/,RA; 3604; claims; csv,,
9929944_2023_Colasanti v. City of Portland_ord,,,,9929944,https://www.courtlistener.com/api/rest/v4/clusters/9929944/,RA; claims; csv,,
9930022_2023_Adgerson v. Central City Concern Housing Administration_ord,Robert L. Adgerson v. Central City Concern Housing Administration,D. Or.,2023,9930022,https://www.courtlistener.com/api/rest/v4/clusters/9930022/,RA; 3604; claims; csv,on file with author,96dfdb8eb785a35da720ceea2d4435b21f38c810c75f1c8dbc7283cbcb8a52b6
9930431_2024_Hume v. Guardian Management LLC_ord,Hume v. Guardian Management LLC,D. Or.,2024,9930431,https://www.courtlistener.com/api/rest/v4/clusters/9930431/,RA; 3604; claims; csv,,
9930678_2024_Boyce v. St. Vincent DePaul (Lane Co)_ord,Sonja Marie Boyce v. St. Vincent DePaul (Lane County),D. Or.,2024,9930678,https://www.courtlistener.com/api/rest/v4/clusters/9930678/,RA; 3604; claims; csv,on file with author,99b1a50ac9164de047a029c65fb239a23a8e884c01fa438be61b27c1b108362d
9930843_2024_Boyce v. St. Vincent DePaul (Lane Co)_ord,Sonja Marie Boyce v. St. Vincent DePaul (Lane County),D. Or.,2024,9930843,https://www.courtlistener.com/api/rest/v4/clusters/9930843/,RA; claims; csv; phase1_patch,on file with author,e210754c1e8762b4c80c48209e0fe2e5de96487afddcf48d12f5b6a5298f8797
9930903_2024_Washington v. Farmington Estates Owners Association_ord,"Wilmore Lee Washington, III v. Farmington Estates Owners Association",D. Or.,2024,9930903,https://www.courtlistener.com/api/rest/v4/clusters/9930903/,RA; claims; csv,,
9931745_2020_EL v. PEOPLE'S EMERGENCY CENTER_paed,Magistrate Mahdi Sufi El v. People's Emergency Center,E.D. Pa.,2020,9931745,https://www.courtlistener.com/api/rest/v4/clusters/9931745/,3604; claims; csv,on file with author,33da6ea96891cecdaa522bcc6f16ee72cfa7420c6f353c750c5f82dfb6dc2513
9932121_2020_APONTE v. UNITED STATES DEPARTMENT OF HOUSING AND URBAN DEVELOPMENT_paed,Shanicqua Aponte v. United States Department of Housing and Urban Development,E.D. Pa.,2020,9932121,https://www.courtlistener.com/api/rest/v4/clusters/9932121/,3604; claims; csv,on file with author,8c882b3c7941e08a734152e340ae388fa8b846d147ac033224ee3d0b9d7969c2
"9932182_2020_HORIZON HOUSE, INC. v. EAST NORRITON TOWNSHIP_paed","Horizon House, Inc. v. East Norriton Township",E.D. Pa.,2020,9932182,https://www.courtlistener.com/api/rest/v4/clusters/9932182/,3604; claims; csv,on file with author,fbefbafa410d1171560bab439c2e9d83b682d79db50fc9dbf96b4286a0a3ff8a
9932222_2020_GLYNN v. ELLSWORTH CONGREGATION OF LEHOVAH'S WITNESSES_paed,Glynn v. Ellsworth Congregation of Jehovah's Witnesses,E.D. Pa.,2020,9932222,https://www.courtlistener.com/api/rest/v4/clusters/9932222/,3604; claims; csv; phase1_patch; phase2_extraction,,
9932283_2020_COYNE v. HOLY FAMILY APARTMENTS_paed,"Catherine Coyne v. Holy Family Apartments, Allentown Archdiocese, Randy Wadsworth, Karen Ohm, Sarosky Heating & Air Conditioning, and HUD",E.D. Pa.,2020,9932283,https://www.courtlistener.com/api/rest/v4/clusters/9932283/,3604; claims; csv,on file with author,055b7359c41c6e9bb44eca35ca404fb6da52032a55d9b1b8e2cad4aca511819d
9932569_2020_WOMACK v. HOUSING AUTHORITY OF CHESTER COUNTY_paed,Womack v. Housing Authority of Chester County,E.D. Pa.,2020,9932569,https://www.courtlistener.com/api/rest/v4/clusters/9932569/,3604; claims; csv,,
9932975_2020_HAPCO v. CITY OF PHILADELPHIA_paed,,,,9932975,https://www.courtlistener.com/api/rest/v4/clusters/9932975/,3604; claims,,
9933567_2020_DAVIS v. RUBIN_paed,Davis v. Rubin,E.D. Pa.,2020,9933567,https://www.courtlistener.com/api/rest/v4/clusters/9933567/,3604; claims; csv,on file with author,4c8ee1ffc7ed68a64e8832e843575751094d68bb0744587722320c2422a787b4
9933726_2021_FRANKEL v. KESSLER_paed,,,,9933726,https://www.courtlistener.com/api/rest/v4/clusters/9933726/,RA; claims,,
9933772_2021_LEE v. HUD_paed,"Thermuthis Lee v. HUD, et al.",E.D. Pa.,2021,9933772,https://www.courtlistener.com/api/rest/v4/clusters/9933772/,RA; 3604; claims; csv,on file with author,98f23a22f182f7399bb208fe679b1ad60c27926e3cb26a4adfdcf35407816b5c
9934255_2021_DEJESUS v. VICKY_paed,Alexy Dejesus v. Vicky; Arbor Village & Old Forge Apartments,E.D. Pa.,2021,9934255,https://www.courtlistener.com/api/rest/v4/clusters/9934255/,RA; 3604; claims; csv; phase1_patch,on file with author,bb79b982b22df8d8fb6238f4704c38580dbb410ab95d66329332383dce9cc598
9934384_2021_LAPENSOHN v. HUDSON CITY SAVINGS BANK_paed,,,,9934384,https://www.courtlistener.com/api/rest/v4/clusters/9934384/,RA; claims,,
9934691_2021_EL v. PEOPLE'S EMERGENCY CENTER_paed,"Magistrate Mahdi Sufi El v. People's Emergency Center, et al.",E.D. Pa.,2021,9934691,https://www.courtlistener.com/api/rest/v4/clusters/9934691/,RA; claims; csv; phase1_patch,on file with author,1f342aabbf2550aa75b353404fce1019cbeed357baa562d67097b8e6a522bade
"9934801_2021_FAIR HOUSING RIGHTS CENTER IN SOUTHEASTERN PENNSYLVANIA v. SJ LOFTS, LLC_paed","Fair Housing Rights Center in Southeastern Pennsylvania v. SJ Lofts, LLC, et al.",E.D. Pa.,2021,9934801,https://www.courtlistener.com/api/rest/v4/clusters/9934801/,RA; 3604; claims; csv,,
9934994_2021_WILLIAMS v. DFH REALTY LLC_paed,,,,9934994,https://www.courtlistener.com/api/rest/v4/clusters/9934994/,RA; claims,,
9935118_2021_CARTER v. MURRAY_paed,Reginald Carter v. Donna M. Murray,E.D. Pa.,2021,9935118,https://www.courtlistener.com/api/rest/v4/clusters/9935118/,RA; 3604; claims; csv,on file with author,8982695d908bce8830c598c05fe02569e731c331abb9e18c03902ef6baf1de2f
"9935311_2021_PIOTROWSKI v. SIGNATURE COLLISION CENTERS, LLC_paed",,,,9935311,https://www.courtlistener.com/api/rest/v4/clusters/9935311/,RA; claims,,
9935410_2021_HEIMBACH v. HILL_paed,Justin C. Heimbach v. Ronald Hill,E.D. Pa.,2021,9935410,https://www.courtlistener.com/api/rest/v4/clusters/9935410/,RA; 3604; claims; csv,on file with author,7452e4658acff38bb5855634bc9f2632270166988afc3f19a1b5a4fb93a37514
9935747_2021_United States v. THE DORCHESTER OWNERS ASSOCIATION_paed,United States of America v. The Dorchester Owners Association,E.D. Pa.,2021,9935747,https://www.courtlistener.com/api/rest/v4/clusters/9935747/,RA; claims; csv,,
9935821_2022_DEJESUS v. LUCEY_paed,DeJesus v. Lucey,E.D. Pa.,2022,9935821,https://www.courtlistener.com/api/rest/v4/clusters/9935821/,RA; 3604; claims; csv; phase1_patch,on file with author,8621e2a74ea1569577f4be388c72fd9c3887bed195144b59bf829b4b06c3ca21
9935831_2022_DEJESUS v. LUCEY_paed,Alex DeJesus v. Bill Lucey and Martin Garcia,E.D. Pa.,2022,9935831,https://www.courtlistener.com/api/rest/v4/clusters/9935831/,RA; claims; csv; phase1_patch,on file with author,c8ec2edc9d559331624e20be0840407d7d216c0eed1b6a0556c99b2f84f5e50f
9936019_2022_CHICK v. DOMINIC_paed,"Eldon Chick, et al. v. Serrano Acquisitions, et al.",E.D. Pa.,2022,9936019,https://www.courtlistener.com/api/rest/v4/clusters/9936019/,RA; 3604; claims; csv; phase1_patch,on file with author,4e12daf3b56d894af58fd6caf7ca012fa41058163daad403e519aebfddf2793e
9936025_2022_HONKALA v. U.S. DEPARTMENT OF HOUSING _ URBAN DEVELOPMENT_paed,Cheri Honkala et al v. U.S. Department of Housing and Urban Development et al,E.D. Pa.,2022,9936025,https://www.courtlistener.com/api/rest/v4/clusters/9936025/,RA; 3604; claims; csv,on file with author,45855c568f3497678de343e7e16bbc88ec3c15077719ccb54eee01adf1dd6737
9936028_2022_HONKALA v. U.S. DEPARTMENT OF HOUSING _ URBAN DEVELOPMENT_paed,Honkala et al v. U.S. Department of Housing and Urban Development et al.,E.D. Pa.,2022,9936028,https://www.courtlistener.com/api/rest/v4/clusters/9936028/,RA; claims; csv,on file with author,75f6ae5e6258ab3c01795799f7a19d08b5d0b781a266dc5fc3dcb1f06550940d
9936037_2022_HEIMBACH v. HILL_paed,Heimbach v. Hill,E.D. Pa.,2022,9936037,https://www.courtlistener.com/api/rest/v4/clusters/9936037/,RA; claims; csv; phase1_patch,on file with author,6547b5dede0efec32ffc3bb3f4bdb670f76becea36fb3ccca4fe4a5032d4c8f5
9936337_2022_United States v. THE DORCHESTER OWNERS ASSOCIATION_paed,United States v. The Dorchester Owners Association,E.D. Pa.,2022,9936337,https://www.courtlistener.com/api/rest/v4/clusters/9936337/,RA; 3604; claims; csv,,
9936350_2022_MORAN v. ROCKWELL DEVELOPMENT GROUP LLC_paed,"Aimee Moran and Jessica Mazzeo v. Rockwell Development Group, LLC, et al.",E.D. Pa.,2022,9936350,https://www.courtlistener.com/api/rest/v4/clusters/9936350/,RA; 3604; claims; csv,,
9936396_2022_PAYNE v. THE GALMAN GROUP_paed,"Edward Haywood Payne, Jr. v. The Galman Group and Sedgwick Station Apartments",E.D. Pa.,2022,9936396,https://www.courtlistener.com/api/rest/v4/clusters/9936396/,RA; 3604; claims; csv,on file with author,e4b051e4c3076ac3c4bcfb3e0ee7f6b0fbf6494cbe416de2b7efeaf3f3100301
9936771_2022_United States v. ONE BOYERTOWN PROPERTIES LP_paed,"United States of America v. J. Randolph Parry Architects, P.C., et al.",E.D. Pa.,2022,9936771,https://www.courtlistener.com/api/rest/v4/clusters/9936771/,RA; 3604; claims; csv,on file with author,687c38a220f3b1700ec868ee11f4539cfb57e6a069554c9590bc343ccb3deb92
9936917_2022_United States v. ONE BOYERTOWN PROPERTIES LP_paed,"United States of America v. J. Randolph Parry Architects, P.C., et al.",E.D. Pa.,2022,9936917,https://www.courtlistener.com/api/rest/v4/clusters/9936917/,p3ext_20260703,,
"9937109_2022_HORIZON HOUSE, INC. v. EAST NORRITON TOWNSHIP_paed","Horizon House, Inc. v. East Norriton Township",E.D. Pa.,2022,9937109,https://www.courtlistener.com/api/rest/v4/clusters/9937109/,RA; 3604; claims; csv,,
"9937341_2022_ALLENTOWN VICTORY CHURCH v. CITY OF ALLENTOWN, PENNSYLVANIA_paed","Allentown Victory Church v. City of Allentown, Pennsylvania",E.D. Pa.,2022,9937341,https://www.courtlistener.com/api/rest/v4/clusters/9937341/,RA; 3604; claims; csv,,
9937512_2022_WHITE v. PAGOTTO_paed,White v. Pagotto,E.D. Pa.,2022,9937512,https://www.courtlistener.com/api/rest/v4/clusters/9937512/,RA; claims; csv,on file with author,353d27d3fab1230dd36d6164b8d7f5ad370114e90e3e85c6255cd2889b875982
9937562_2022_EQUAL EMPLOYMENT OPPORTUNITY COMMISSION v. GEISINGER HEALTH_paed,,,,9937562,https://www.courtlistener.com/api/rest/v4/clusters/9937562/,RA; claims; csv,,
9937821_2022_ALVAREZ v. HUD_paed,"King Anthony Alvarez v. HUD, et al.",E.D. Pa.,2022,9937821,https://www.courtlistener.com/api/rest/v4/clusters/9937821/,RA; 3604; claims; csv; phase1_patch,on file with author,2709eae9f812a1138b3131c29c88ebdc61ea51513baabff13a26f28f20603493
9938100_2023_United States v. THE DORCHESTER OWNERS ASSOCIATION_paed,United States v. The Dorchester Owners Association,E.D. Pa.,2023,9938100,https://www.courtlistener.com/api/rest/v4/clusters/9938100/,RA; 3604; claims; csv,,
9938217_2023_LEWIS v. DMH INVESTMENTS LLC_paed,Racquel Lewis v. DMH Investments LLC and City of Philadelphia Office of Homeless Services,E.D. Pa.,2023,9938217,https://www.courtlistener.com/api/rest/v4/clusters/9938217/,RA; claims; csv; phase1_patch,on file with author,234d44cc50cf62f7a6f323766ba2bf6e2945b964c56fe25fb77d626b0cad9939
"9938283_2023_MEALY v. CASABLANCA INVESTORS, LLC_paed","Mealy v. Casablanca Investors, LLC",E.D. Pa.,2023,9938283,https://www.courtlistener.com/api/rest/v4/clusters/9938283/,RA; 3604; claims; csv,,
"9938339_2023_LAWTON v. WELLS FARGO BANK, N.A._paed","Lawton v. Wells Fargo Bank, N.A.",E.D. Pa.,2023,9938339,https://www.courtlistener.com/api/rest/v4/clusters/9938339/,RA; claims; csv,on file with author,85525440af11300cffe835a0b684daa71b8b9d1e3cb2ad58fc27552bafa51dfc
9938456_2023_Hawkins v. CNS Cleaning Company_paed,,,,9938456,https://www.courtlistener.com/api/rest/v4/clusters/9938456/,RA; claims; csv,,
"9938752_2023_DB Enterprises Developers-Builders, Inc. v. BOROUGH OF NORWOOD_paed","DB Enterprises Developers-Builders, Inc. v. Borough of Norwood",E.D. Pa.,2023,9938752,https://www.courtlistener.com/api/rest/v4/clusters/9938752/,RA; claims; csv,,
9938953_2023_SAMUEL v. THE DELAWARE COUNTY HOUSING AUTHORITY_paed,Earlando Samuel v. The Delaware County Housing Authority,E.D. Pa.,2023,9938953,https://www.courtlistener.com/api/rest/v4/clusters/9938953/,RA; 3604; claims; csv,on file with author,a1e5aca79bf750d31a28803385816673e0b915c223e1fb6c81c43b98812938ff
9939033_2023_Oross v. KUTZTOWN UNIVERSITY_paed,,,,9939033,https://www.courtlistener.com/api/rest/v4/clusters/9939033/,RA; claims; csv,,
"9939385_2023_THORPE v. TOWNSHIP OF SALISBURY, PENNSYLVANIA_paed","Joe Thorpe v. Township of Salisbury, Pennsylvania",E.D. Pa.,2023,9939385,https://www.courtlistener.com/api/rest/v4/clusters/9939385/,RA; claims; csv,,
"9939426_2023_WISSMAN v. PGM REAL ESTATE LLC, PROPERTY MANAGEMENT_paed","Lauren E. Wissman v. PGM Real Estate LLC, Property Management",E.D. Pa.,2023,9939426,https://www.courtlistener.com/api/rest/v4/clusters/9939426/,RA; claims; csv; phase1_patch,on file with author,6dc8bfb5c6ea1bf2691820f8c3d696e913a37806c5b0306e9f8dbb7ce5d356af
"9939435_2023_WISSMAN v. PGM REAL ESTATE LLC, PROPERTY MANAGEMENT_paed","Lauren E. Wissman v. PGM Real Estate LLC, Property Management, et al.",E.D. Pa.,2023,9939435,https://www.courtlistener.com/api/rest/v4/clusters/9939435/,RA; 3604; claims; csv,on file with author,8dbe5eafc12c791ff1ef30c0b72e5260323500e8ceb6c35034e222cf02e603e0
"9939724_2023_WISSMAN v. PGM REAL ESTATE LLC, PROPERTY MANAGEMENT_paed","Lauren E. Wissman v. PGM Real Estate LLC, Property Management, et al.",E.D. Pa.,2023,9939724,https://www.courtlistener.com/api/rest/v4/clusters/9939724/,RA; claims; csv,on file with author,aff157131b5111ab0e1196d716f079a6e4c3bec521edb8cb68e1d6a1c637edbf
9939841_2023_SAMUEL v. THE DELAWARE COUNTY HOUSING AUTHORITY_paed,Earlando Samuel v. The Delaware County Housing Authority,E.D. Pa.,2023,9939841,https://www.courtlistener.com/api/rest/v4/clusters/9939841/,3604; claims; csv,,
"9939870_2023_BUSHRA v. MAIN LINE HEALTH, INC._paed",,,,9939870,https://www.courtlistener.com/api/rest/v4/clusters/9939870/,RA; claims; csv,,
9940067_2024_EWIDEH v. HOMESITE INSURANCE COMPANY OF THE MIDWEST_paed,,,,9940067,https://www.courtlistener.com/api/rest/v4/clusters/9940067/,RA; claims; csv,,
9940117_2024_EWIDEH v. HOMESITE INSURANCE COMPANY OF THE MIDWEST_paed,Ewideh v. Homesite Insurance Co. of the Midwest,E.D. Pa.,2024,9940117,https://www.courtlistener.com/api/rest/v4/clusters/9940117/,RA; claims; csv; phase1_patch,on file with author,3e1c4d0051a5a5bc53ab4fe97233998451c4628cfe278e7b9c2f23338e32951e
9940146_2024_PAYNE v. MANSION AT BALA_paed,"Edward Haywood Payne, Jr. v. Mansion at Bala",E.D. Pa.,2024,9940146,https://www.courtlistener.com/api/rest/v4/clusters/9940146/,RA; claims; csv; phase1_patch,on file with author,7ced4b14bf089ccec5c10555ca2821baf3a6f5e6306c7434d5962d6579a48b38
9940178_2024_LLOYD v. MANBEL DEVCO I LP_paed,Susan Lloyd v. Manbel Devco I LP et al.,E.D. Pa.,2024,9940178,https://www.courtlistener.com/api/rest/v4/clusters/9940178/,RA; 3604; claims; csv,on file with author,81f8de4892170e28c87c4a99772a3837d58f52bd8d1964b8410f4ab443f855f0
9940379_2024_ROSADO v. WHITCRAFT_paed,"Geronimo F. Rosado, Jr. v. James A. Whitcraft, et al.",E.D. Pa.,2024,9940379,https://www.courtlistener.com/api/rest/v4/clusters/9940379/,RA; claims; csv; phase2_extraction,,
9940444_2024_Gardner v. KUTZTOWN UNIVERSITY_paed,,,,9940444,https://www.courtlistener.com/api/rest/v4/clusters/9940444/,RA; claims; csv,,
9940628_2024_PERRONG v. BRADFORD_paed,,,,9940628,https://www.courtlistener.com/api/rest/v4/clusters/9940628/,RA; claims; csv,,
9940687_2024_ROBINSON v. PATHWAY TO HOUSING_paed,Darlene Robinson v. Pathway to Housing,E.D. Pa.,2024,9940687,https://www.courtlistener.com/api/rest/v4/clusters/9940687/,RA; 3604; claims; csv; phase1_patch,on file with author,ede34d58f56a7102874c7ccf7273a12d67386969818b466fe770c5d659314385
9940740_2024_STEVENS-NUNEZ v. BRISTOL BOROUGH MUNICIPAL ADMINISTRATION_paed,"Karen Marie Stevens-Nunez v. Bristol Borough Municipal Administration, et al.",E.D. Pa.,2024,9940740,https://www.courtlistener.com/api/rest/v4/clusters/9940740/,RA; 3604; claims; csv,on file with author,54ff8d674592cbde6c07d1dbced2ad5831ad0f03079907ad87db5017a2f52d99
9940839_2024_PARKER v. LEE_paed,"Gordon Roy Parker v. Ronald Lee, et al.",E.D. Pa.,2024,9940839,https://www.courtlistener.com/api/rest/v4/clusters/9940839/,RA; 3604; claims; csv,on file with author,3b8e32e3acd8584d1b8a8e9703989226b9a0ba47cb267bc7e0a11c40cb6918ab
9941826_2020_WARTLUFT v. THE MILTON HERSHEY SCHOOL AND SCHOOL TRUST_pamd,Wartluft v. The Milton Hershey School and School Trust,M.D. Pa.,2020,9941826,https://www.courtlistener.com/api/rest/v4/clusters/9941826/,3604; claims; csv,,
9942817_2020_DOE v. University of Scranton_pamd,John Doe v. University of Scranton,M.D. Pa.,2020,9942817,https://www.courtlistener.com/api/rest/v4/clusters/9942817/,3604; claims; csv,,
9943863_2021_Mountainside Manor Real Estate Associates LLC v. Dallas Township_pamd,"Mountainside Manor Real Estate Associates, LLC v. Dallas Township",M.D. Pa.,2021,9943863,https://www.courtlistener.com/api/rest/v4/clusters/9943863/,RA; 3604; claims; csv,on file with author,d2abe638ecf20130932f38d1274376045c52152f3c1a76820fb1430297a0ba6b
9945954_2022_Vasinda v. State Farm Mutual Automobile Insurance Co._pamd,,,,9945954,https://www.courtlistener.com/api/rest/v4/clusters/9945954/,RA; claims; csv,,
9947166_2023_Washington v. Myers_pamd,,,,9947166,https://www.courtlistener.com/api/rest/v4/clusters/9947166/,RA; claims; csv,,
9947618_2024_Cori's Place v. The Zoning Hearing Board of the City of Nanticoke_pamd,Cori's Place v. The Zoning Hearing Board of the City of Nanticoke,M.D. Pa.,2024,9947618,https://www.courtlistener.com/api/rest/v4/clusters/9947618/,RA; 3604; claims; csv,,
9947666_2024_Ewideh v. Homesite Insurance Company of the Midwest_pamd,Ewideh v. Homesite Insurance Company of the Midwest,E.D. Pa.,2024,9947666,https://www.courtlistener.com/api/rest/v4/clusters/9947666/,RA; claims; csv; phase1_patch,,
9949878_2021_THOMPSON v. BROMALL_pawd,"Lynne Thompson v. George C. Bromall, George C. Miller, Hon. Judge Chris Sherer, Leslie J. Schupp, Anthony Cimino",W.D. Pa.,2021,9949878,https://www.courtlistener.com/api/rest/v4/clusters/9949878/,RA; claims; csv; phase1_patch,,
9950171_2021_FUNYAK v. PENNROSE MANAGEMENT COMPANY_pawd,"Gregory Louis Funyak and Sharon Lynn Funyak v. Pennrose Management Company and Monroe Meadows Housing Partnership, LP",W.D. Pa.,2021,9950171,https://www.courtlistener.com/api/rest/v4/clusters/9950171/,RA; claims; csv,on file with author,8aef10fdb5f41b27ddbc9e3fc8b94da86f4139bacbea5d1802c96a7e16da144e
"9950305_2021_BUTLER v. SUNDO CAPITAL, LLC_pawd","Butler v. Sundo Capital, LLC",W.D. Pa.,2021,9950305,https://www.courtlistener.com/api/rest/v4/clusters/9950305/,RA; 3604; claims; csv,,
9950565_2021_MIMS v. CITY OF NEW CASTLE_pawd,James Mims v. City of New Castle,W.D. Pa.,2021,9950565,https://www.courtlistener.com/api/rest/v4/clusters/9950565/,RA; 3604; claims; csv,on file with author,489d5dd3a9f2be6ec700f473df8e1d98bda4c8145856f0fa1f7ccf8fcd7904f3
9950856_2022_PHILLIPS v. CITY OF PITTSBURGH_pawd,,,,9950856,https://www.courtlistener.com/api/rest/v4/clusters/9950856/,RA; claims; csv,,
9951229_2022_MIMS v. CITY OF NEW CASTLE_pawd,James Mims v. City of New Castle,W.D. Pa.,2022,9951229,https://www.courtlistener.com/api/rest/v4/clusters/9951229/,RA; claims; csv; phase1_patch,on file with author,f6f1b0f06ddee79226a9527cd886ca01ad9d61ceaf74662099767a12dd332890
"9951276_2022_United States v. PERRY HOMES, INC._pawd","United States of America v. Perry Homes, Inc., Allyson Whittington, and Robert Whittington",W.D. Pa.,2022,9951276,https://www.courtlistener.com/api/rest/v4/clusters/9951276/,RA; 3604; claims; csv,,
9951280_2022_DAVIS v. QUINN_pawd,,,,9951280,https://www.courtlistener.com/api/rest/v4/clusters/9951280/,RA; claims; csv,,
9951626_2022_United States v. LRG CORPORATION_pawd,"United States of America v. LRG Corporation, Lewis R. Gainfort",W.D. Pa.,2022,9951626,https://www.courtlistener.com/api/rest/v4/clusters/9951626/,RA; 3604; claims; csv,,
9952587_2023_GLAGOLA v. MACFANN_pawd,Glagola v. MacFann,W.D. Pa.,2023,9952587,https://www.courtlistener.com/api/rest/v4/clusters/9952587/,RA; 3604; claims; csv,,
9953316_2020_Del Villar-Rosario v. Fernandez-Ramos_prd,"Euripides Del Villar-Rosario v. Victor Roberto Fernandez-Ramos, et al.",D.P.R.,2020,9953316,https://www.courtlistener.com/api/rest/v4/clusters/9953316/,3604; claims; csv; phase1_patch,on file with author,4b781a33f8be590bdab7cc3b748589bd1fe5ac369958912d522baabb37d9f686
"9953732_2021_Erazo-Santana v. Constructora Del Rio, Inc._prd","Carlos Erazo-Santana v. Constructora Del Río, Inc., et al.",D.P.R.,2021,9953732,https://www.courtlistener.com/api/rest/v4/clusters/9953732/,RA; claims; csv; phase1_patch; phase2_extraction,on file with author,d711d4c657789500b8e0c43d34a432c85a5bf976adb6de67a6e4b7a21e71a6e3
9953766_2021_Rodriguez-Luna v. Finance of America Mortgage LLC_prd,"Francisco A. Rodriguez-Luna v. Finance of America Reverse, et al.",D.P.R.,2021,9953766,https://www.courtlistener.com/api/rest/v4/clusters/9953766/,RA; claims; csv,,
9954131_2022_Rivera-De-Davila v. Mora Development Corporation_prd,Gloria Rivera de Dávila v. Mora Development Corporation,D.P.R.,2022,9954131,https://www.courtlistener.com/api/rest/v4/clusters/9954131/,3604; claims; csv,,
9954334_2023_Rivera-De-Davila v. Mora Development Corporation_prd,Gloria Rivera De Davila v. Mora Development Corporation,D.P.R.,2023,9954334,https://www.courtlistener.com/api/rest/v4/clusters/9954334/,3604; claims; csv,on file with author,b14de719511c5bfb18d57cc9579d4abef92e28046511c138b40eb6341df33c16
9954360_2023_United States v. Menendez_prd,"United States of America v. Maria Trini Menendez, et al.",D.P.R.,2023,9954360,https://www.courtlistener.com/api/rest/v4/clusters/9954360/,3604; claims; csv,,
9954966_2021_Stack v. Kuligowski_rid,Stack v. Kuligowski,D.R.I.,2021,9954966,https://www.courtlistener.com/api/rest/v4/clusters/9954966/,RA; claims; csv,,
9955001_2021_Clinton-Brown v. Hardick_rid,Clinton-Brown v. Hardick,D. Mass.,2021,9955001,https://www.courtlistener.com/api/rest/v4/clusters/9955001/,RA; claims; csv,,
"9955097_2022_Taylor v. Subsidized Properties I, L.P._rid","Trenda Taylor and Rhode Island Commission for Human Rights v. National Investments, Ltd., et al.",D.R.I.,2022,9955097,https://www.courtlistener.com/api/rest/v4/clusters/9955097/,RA; 3604; claims; csv,,
9955146_2022_Jeffreys v. Carson_rid,"Madeliene Y. Jeffreys v. Marcia L. Fudge, Secretary of U.S. Housing & Urban Development, et al.",D.R.I.,2022,9955146,https://www.courtlistener.com/api/rest/v4/clusters/9955146/,RA; claims; csv,on file with author,fa9127cc547cb79d11da3eb39b02a8178fc99b6e48502c5727bd16674314a2ae
9955449_2023_Ellis v. Alvarez_rid,"Scott Ellis, Jr. v. Jackie Alvarez",D. Rhode Island,2023,9955449,https://www.courtlistener.com/api/rest/v4/clusters/9955449/,RA; 3604; claims; csv,,
9956516_2019_Childress v. Roberts_scd,"Little Tom Childress, Jr. v. Rebecca Roberts, Babbie M. Jaco, and Boyd Management LTD",D.S.C.,2019,9956516,https://www.courtlistener.com/api/rest/v4/clusters/9956516/,3604; claims; csv,,
"9956870_2020_United States v. Irmo South Carolina, Town of_scd","United States of America v. Town of Irmo, South Carolina",D.S.C.,2020,9956870,https://www.courtlistener.com/api/rest/v4/clusters/9956870/,3604; claims; csv; phase1_patch,,
"9957341_2020_United States v. Irmo South Carolina, Town of_scd","United States of America v. Town of Irmo, South Carolina",D.S.C.,2020,9957341,https://www.courtlistener.com/api/rest/v4/clusters/9957341/,3604; claims; csv,,
9958680_2021_Hawkins v. Court of Common Pleas_scd,Flordeliza A. Hawkins v. Court of Common Pleas of Anderson South Carolina,D.S.C.,2021,9958680,https://www.courtlistener.com/api/rest/v4/clusters/9958680/,RA; claims; csv,on file with author,79d7faef6855de20ede616f2ccff6f734a16a7c42600d1dea302c1c461f98493
9960251_2021_Reaves v. Evans_scd,Reaves v. Evans,D.S.C.,2021,9960251,https://www.courtlistener.com/api/rest/v4/clusters/9960251/,RA; claims; csv,on file with author,07608a28e3ca2044d91f45c87cc5eb5bcc9f59f4c4d138f647c6997363b49007
"9960803_2022_Buchanan v. JUMPSTART, INC._scd",Stewart R. Buchanan a/k/a Daphne Renee' Stewart v. JumpStart South Carolina; Michael Scharff; Daniel Sulton; Bob Caldwell; Sharon McDowell; Chris Phillips; Chuck Fields; Tommy Holt; Mike Kiriakides; Chris Urban; Tommy Moore; Casey Sanders; David Johnson; NFN Beard; Bryan Stirling; Larry Epps; Charles Williams; Willie Davis,D.S.C.,2022,9960803,https://www.courtlistener.com/api/rest/v4/clusters/9960803/,RA; claims; csv,,
9962351_2023_South Carolina State Conference of NAACP v. South Carolina Department of Juvenile Justice_scd,,,,9962351,https://www.courtlistener.com/api/rest/v4/clusters/9962351/,RA; 3604; claims; csv,,
9963465_2023_South Carolina State Conference of the NAACP v. Georgetown County_scd,South Carolina State Conference of the NAACP v. Georgetown County,D. S.C.,2023,9963465,https://www.courtlistener.com/api/rest/v4/clusters/9963465/,RA; 3604; claims; csv,,
9963512_2023_Powers Properties v. Partee_scd,Powers Properties v. Partee,D.S.C.,2023,9963512,https://www.courtlistener.com/api/rest/v4/clusters/9963512/,RA; claims; csv,,
9964575_2024_Partee v. Powers Properties_scd,Shasta Partee v. Power Properties,D.S.C.,2024,9964575,https://www.courtlistener.com/api/rest/v4/clusters/9964575/,RA; claims; csv,on file with author,4102a9689b9d711adaaf5e498a570c449ed38fa49ef37d2f424092a24ba88dff
9964824_2018_Noble v. American National Property _ Casualty Insurance Co._sdd,"Marty Noble and Holli Telford v. American National Property & Casualty Insurance Co.; Boardwalk Property Management Co.; Kevin West; Lehi Oasis, LLC; David L. Parker; Austin B. Cales; Jared Eldridge; Larry Deiter; Robert J. Poulsen and Poulsen & Skousen",D.S.D.,2018,9964824,https://www.courtlistener.com/api/rest/v4/clusters/9964824/,3604; claims; csv,on file with author,afcc00cecc7dac31fed9f8682169bf8d269314bb2991595c7f016ad935efa9a9
9965467_2020_Lundahl v. Gross_sdd,Lundahl v. Gross,D.S.D.,2020,9965467,https://www.courtlistener.com/api/rest/v4/clusters/9965467/,3604; claims; csv,on file with author,ecc4868aede0ef9696f48a5293499879720e0b27a5f722d800a24e57369104ce
9966558_2024_Black Hills Clean Water Alliance v. United States Forest Service_sdd,,,,9966558,https://www.courtlistener.com/api/rest/v4/clusters/9966558/,RA; claims; csv,,
9966597_2024_Black Hills Clean Water Alliance v. U.S. Forest Service_sdd,,,,9966597,https://www.courtlistener.com/api/rest/v4/clusters/9966597/,RA; claims; csv,,
9968844_2023_Thompson v. Millennia Housing Management_tned,,,,9968844,https://www.courtlistener.com/api/rest/v4/clusters/9968844/,RA; claims; csv,,
9968964_2023_Debity v. Vintage Village Homeowners Association_tned,"Joshua A. Debity and Leah D. Debity, individually and as next friends for G.D., a minor v. Vintage Village Homeowners Association",E.D. Tenn.,2023,9968964,https://www.courtlistener.com/api/rest/v4/clusters/9968964/,RA; 3604; claims; csv,,
9969034_2023_Debity v. Vintage Village Homeowners Association_tned,"Joshua A. Debity and Leah D. Debity, individually and as next friends for G.D., a minor v. Vintage Village Homeowners Association",E.D. Tenn.,2023,9969034,https://www.courtlistener.com/api/rest/v4/clusters/9969034/,RA; claims; csv,,
"9969114_2023_United States v. City of Chattanooga, Tennessee_tned","United States of America v. City of Chattanooga, Tennessee",E.D. Tenn.,2023,9969114,https://www.courtlistener.com/api/rest/v4/clusters/9969114/,RA; 3604; claims; csv; phase2_extraction,,
9969203_2024_Be the Bush Recovery Ministries v. Coffee County Tennessee_tned,"Be the Bush Recovery Ministries v. Coffee County, Tennessee",E.D. Tenn.,2024,9969203,https://www.courtlistener.com/api/rest/v4/clusters/9969203/,RA; claims; csv; phase1_patch,,
"9969209_2024_Covenant Life International, Inc. v. City of Norris, Tennessee_tned",,,,9969209,https://www.courtlistener.com/api/rest/v4/clusters/9969209/,RA; claims; csv,,
9970186_2020_Norris v. Murfreesboro Leased Housing Associates_tnmd,"April Tenille Norris v. Murfreesboro Leased Housing Associates I, LP d/b/a Chariot Pointe Apartments, et al.",M.D. Tenn.,2020,9970186,https://www.courtlistener.com/api/rest/v4/clusters/9970186/,3604; claims; csv,on file with author,bd070e53aae65c167075bdc16b4395600411829b40cdff07e7c848d26ef17b43
9970531_2021_Norris v. Murfreesboro Leased Housing Associates_tnmd,"April Tenille Norris v. Murfreesboro Leased Housing Associates I, LLLP d/b/a Chariot Pointe Apartments et al.",M.D. Tenn.,2021,9970531,https://www.courtlistener.com/api/rest/v4/clusters/9970531/,RA; claims; csv; phase1_patch,,
9970707_2021_McGuire v. Highmark Holdings_tnmd,McGuire v. Highmark Holdings et al.,M.D. Tenn.,2021,9970707,https://www.courtlistener.com/api/rest/v4/clusters/9970707/,RA; 3604; claims; csv,,
9970760_2021_McGuire v. Highmark Holdings_tnmd,Cassandra McGuire v. Highmark Holdings et al.,M.D. Tenn.,2021,9970760,https://www.courtlistener.com/api/rest/v4/clusters/9970760/,RA; claims; csv; phase1_patch,,
9970962_2021_McDonald v. Madison Flats_tnmd,Samantha McDonald v. Madison Flats and Crystal Snyder,M.D. Tenn.,2021,9970962,https://www.courtlistener.com/api/rest/v4/clusters/9970962/,RA; 3604; claims; csv,,
9971145_2022_McGuire v. Highmark Holdings_tnmd,Cassandra McGuire v. Highmark Holdings et al.,M.D. Tenn.,2022,9971145,https://www.courtlistener.com/api/rest/v4/clusters/9971145/,RA; claims; csv; phase1_patch,,
9971239_2022_McDonald v. Madison Flats_tnmd,"Samantha McDonald v. Madison Flats, et al.",M.D. Tenn.,2022,9971239,https://www.courtlistener.com/api/rest/v4/clusters/9971239/,RA; 3604; claims; csv; phase1_patch; phase2_extraction,,
9971566_2022_McGuire v. Highmark Holdings_tnmd,Cassandra McGuire v. Highmark Holdings et al.,M.D. Tenn.,2022,9971566,https://www.courtlistener.com/api/rest/v4/clusters/9971566/,RA; claims; csv; phase1_patch,,
9971704_2022_Sallaj v. The Summit Apartments_tnmd,Lisa Sallaj v. Calvin L. Tate and Schatten Properties,M.D. Tenn.,2022,9971704,https://www.courtlistener.com/api/rest/v4/clusters/9971704/,RA; 3604; claims; csv,,
9971725_2022_Du Preez v. Benchmark Maid LLC_tnmd,,,,9971725,https://www.courtlistener.com/api/rest/v4/clusters/9971725/,RA; claims; csv,,
9972169_2023_Du Preez v. Benchmark Maid LLC_tnmd,,,,9972169,https://www.courtlistener.com/api/rest/v4/clusters/9972169/,RA; claims; csv,,
"9972436_2023_George v. Wynwood Apartments, LLC_tnmd","Cynthia George v. Wynwood Apartments, LLC, Belew Construction, LLC, and William L. Belew, Jr.",M.D. Tenn.,2023,9972436,https://www.courtlistener.com/api/rest/v4/clusters/9972436/,RA; claims; csv,,
9972551_2024_Ashe v. Hargett_tnmd,,,,9972551,https://www.courtlistener.com/api/rest/v4/clusters/9972551/,RA; claims; csv,,
9972603_2024_Mitchell v. Citizens Bank_tnmd,"Dwight Mitchell, et al. v. Citizen's Bank",M.D. Tenn.,2024,9972603,https://www.courtlistener.com/api/rest/v4/clusters/9972603/,RA; claims; csv,,
9972814_2019_U.S. Department of Justice v. Ables d_b_a Pops Cove_tnwd,United States of America v. Chad David Ables d/b/a Pops Cove,W.D. Tenn.,2019,9972814,https://www.courtlistener.com/api/rest/v4/clusters/9972814/,3604; claims; csv; phase1_patch,,
9972949_2019_U.S. Department of Justice v. Ables d_b_a Pops Cove_tnwd,United States of America v. Chad David Ables d/b/a Pops Cove,W.D. Tenn.,2019,9972949,https://www.courtlistener.com/api/rest/v4/clusters/9972949/,3604; claims; csv,,
"9972972_2019_Alexander v. Lexington Associates II, L.P._tnwd","Alexander v. Lexington Associates II, L.P.",W.D. Tenn.,2019,9972972,https://www.courtlistener.com/api/rest/v4/clusters/9972972/,3604; claims; csv,on file with author,6f3e4bd9a81bf9405a73c690c10abae1eb5f19330069b103f41d36837a196e93
"9974030_2021_Shumway v. Shree Shastriji, LLC_tnwd",,,,9974030,https://www.courtlistener.com/api/rest/v4/clusters/9974030/,RA; claims,,
9974086_2021_Terzneh v. Federal National Mortgage Association_tnwd,Messeret Terzneh v. Federal National Mortgage Association,W.D. Tenn.,2021,9974086,https://www.courtlistener.com/api/rest/v4/clusters/9974086/,RA; claims; csv; phase1_patch,,
9974137_2021_Terzneh v. Federal National Mortgage Association_tnwd,Messeret Terzneh v. Federal National Mortgage Association,W.D. Tenn.,2021,9974137,https://www.courtlistener.com/api/rest/v4/clusters/9974137/,RA; 3604; claims; csv,,
9974247_2021_Shumway v. Neil Hospitality Inc._tnwd,,,,9974247,https://www.courtlistener.com/api/rest/v4/clusters/9974247/,RA; 3604; claims,,
"9974682_2023_Chapman v. Olymbec USA, LLC._tnwd",,,,9974682,https://www.courtlistener.com/api/rest/v4/clusters/9974682/,RA; claims; csv,,
"9976437_2020_Eastwood v. Willow Bend Lakes Homeowners Association, Inc._txed","Eastwood v. Willow Bend Lakes Homeowners Association, Inc.",E.D. Tex.,2020,9976437,https://www.courtlistener.com/api/rest/v4/clusters/9976437/,3604; claims; csv,,
"9976921_2020_Women's Elevated Sober Living LLC v. City of Plano, Texas_txed","Constance Swanson, Women's Elevated Sober Living LLC, and Shannon Jones v. City of Plano, Texas",E.D. Tex.,2020,9976921,https://www.courtlistener.com/api/rest/v4/clusters/9976921/,3604; claims; csv,,
"9977026_2021_Women's Elevated Sober Living LLC v. City of Plano, Texas_txed","Constance Swanston, Women's Elevated Sober Living LLC, and Shannon Jones v. City of Plano, Texas",E.D. Tex.,2020,9977026,https://www.courtlistener.com/api/rest/v4/clusters/9977026/,RA; claims; csv,,
"9977076_2021_Women's Elevated Sober Living LLC v. City of Plano, Texas_txed","Constance Swanston, Women's Elevated Sober Living LLC, and Shannon Jones v. City of Plano, Texas",E.D. Tex.,2021,9977076,https://www.courtlistener.com/api/rest/v4/clusters/9977076/,RA; claims; csv,,
9977166_2021_Terkel v. Centers for Disease Control and Prevention_txed,,,,9977166,https://www.courtlistener.com/api/rest/v4/clusters/9977166/,3604; claims,,
"9977271_2021_Rickey v. GVD Hyde Park, LLC_txed","Geonna Rickey v. GVD Hyde Park, LLC",E.D. Tex.,2021,9977271,https://www.courtlistener.com/api/rest/v4/clusters/9977271/,RA; claims; csv,,
"9977284_2021_Rickey v. GVD Hyde Park, LLC_txed","Geonna Rickey v. GVD Hyde Park, LLC",E.D. Tex.,2021,9977284,https://www.courtlistener.com/api/rest/v4/clusters/9977284/,RA; claims; csv,,
9977700_2021_Coots v. Tankersley_txed,Jamie Ray Coots and Shannon Lee Brown v. Victoria Tankersley et al.,E.D. Tex.,2021,9977700,https://www.courtlistener.com/api/rest/v4/clusters/9977700/,RA; claims; csv,,
"9977769_2021_Mitchell v. CIT Bank, N.A._txed",,,,9977769,https://www.courtlistener.com/api/rest/v4/clusters/9977769/,RA; claims,,
"9977919_2021_Women's Elevated Sober Living LLC v. City of Plano, Texas_txed","Swanston v. City of Plano, Texas",E.D. Tex.,2021,9977919,https://www.courtlistener.com/api/rest/v4/clusters/9977919/,RA; 3604; claims; csv,,
"9978404_2022_Canadian Real Estate Holdings, LP v. Karen F. Newton Revocable Trust_txed","Canadian Real Estate Holdings, LP v. Karen F. Newton Revocable Trust",E.D. Tex.,2022,9978404,https://www.courtlistener.com/api/rest/v4/clusters/9978404/,RA; 3604; claims; csv,,
"9978827_2022_Women's Elevated Sober Living LLC v. City of Plano, Texas_txed","Women's Elevated Sober Living LLC v. City of Plano, Texas",E.D. Tex.,2022,9978827,https://www.courtlistener.com/api/rest/v4/clusters/9978827/,RA; 3604; claims; csv,,
9979014_2022_Thompson v. Gainesville Housing Authority_txed,Lynda Thompson v. Gainesville Housing Authority,E.D. Tex.,2022,9979014,https://www.courtlistener.com/api/rest/v4/clusters/9979014/,RA; claims; csv; phase1_patch,on file with author,51080dafba3589303f49fd1e42796e518704de3c720b9fa744a96a343ba00214
"9979051_2022_Women's Elevated Sober Living LLC v. City of Plano, Texas_txed","Women's Elevated Sober Living LLC v. City of Plano, Texas",E.D. Tex.,2022,9979051,https://www.courtlistener.com/api/rest/v4/clusters/9979051/,RA; claims; csv,,
"9979087_2022_Turentine v. FC Lebanon II, LLC_txed","Bernice Turentine v. FC Lebanon II, LLC, et al.",N.D. Tex.,2022,9979087,https://www.courtlistener.com/api/rest/v4/clusters/9979087/,RA; claims; csv; phase1_patch,on file with author,f2d85b580ce9194d045e7c83cf77f15c0e50f74ec52aba0ec8253b2b83e675f5
"9979478_2023_Canadian Real Estate Holdings, LP v. Karen F. Newton Revocable Trust_txed","Canadian Real Estate Holdings, LP v. Karen F. Newton Revocable Trust",E.D. Tex.,2022,9979478,https://www.courtlistener.com/api/rest/v4/clusters/9979478/,RA; 3604; claims; csv,,
"9979655_2023_Turentine v. FC Lebanon II, LLC_txed","Bernice Turentine v. FC Lebanon II, LLC d/b/a Alaqua at Frisco Garden Rise Apartments a/k/a FL. Capital Real Estate PTRS 26 LTD, and DayRise Residential LLC",E.D. Tex.,2023,9979655,https://www.courtlistener.com/api/rest/v4/clusters/9979655/,RA; claims; csv,,
9979930_2023_Seals v. Itex Group LLC_txed,"J W Seals, Jr., Vergie Seals, and Marie L. Pace v. Itex Group LLC",E.D. Tex.,2023,9979930,https://www.courtlistener.com/api/rest/v4/clusters/9979930/,RA; 3604; claims; csv,on file with author,5285467cab91de8664336f4006108e3eb7f8d9cb566c6703f3df12a528b6cfe1
9980001_2023_Chamber of Commerce of the United States of America v. Consumer Financial Protection Bureau_txed,,,,9980001,https://www.courtlistener.com/api/rest/v4/clusters/9980001/,3604; claims,,
9980353_2023_Brady v. The Evangelical Lutheran Good Samaritan Society_txed,Mary Brady v. The Evangelical Lutheran Good Samaritan Society,E.D. Tex.,2023,9980353,https://www.courtlistener.com/api/rest/v4/clusters/9980353/,RA; 3604; claims; csv,on file with author,2ffd9238e0ed94ab619d8729f31b42bf52d57980b0e9db61ebdb6febf0175bbc
9981050_2019_The Inclusive Communities Project Inc v. Heartland Community Association Inc_txnd,"The Inclusive Communities Project, Inc. v. Heartland Community Association, Inc.",N.D. Tex.,2019,9981050,https://www.courtlistener.com/api/rest/v4/clusters/9981050/,3604; claims; csv,,
9981922_2020_Jackson v. City of Grand Prairie Texas_txnd,"Cleveland Jackson, Jr. v. City of Grand Prairie Texas",N.D. Tex.,2020,9981922,https://www.courtlistener.com/api/rest/v4/clusters/9981922/,3604; claims; csv,on file with author,ff8ee903192adddc0c97e0baa66b8a3d1f603204e807627d4d52824ca07920e4
9984976_2022_Nuran Inc v. City of Dallas_txnd,Nuran Inc. v. City of Dallas,N.D. Tex.,2022,9984976,https://www.courtlistener.com/api/rest/v4/clusters/9984976/,RA; claims; csv,,
9985480_2022_Turentine v. FC Lebanon II_txnd,Bernice Turentine v. FC Lebanon II LLC,N.D. Tex.,2022,9985480,https://www.courtlistener.com/api/rest/v4/clusters/9985480/,RA; claims; csv; phase1_patch,on file with author,f2d85b580ce9194d045e7c83cf77f15c0e50f74ec52aba0ec8253b2b83e675f5
9985811_2023_Nuran Inc v. City of Dallas_txnd,Nuran Inc. v. City of Dallas,N.D. Tex.,2023,9985811,https://www.courtlistener.com/api/rest/v4/clusters/9985811/,RA; claims; csv,on file with author,55296272a4187641b69b9963f84350e5f2bfc66ebd0fc9dd60792b52b4a4664a
9986102_2021_Shumway v. Mira and Jenshu LLC_tnwd,,,,9986102,https://www.courtlistener.com/api/rest/v4/clusters/9986102/,RA; claims,,
9986840_2024_Tenn.Conference of the NAACP v. William Lee_ca6,,,,9986840,https://www.courtlistener.com/api/rest/v4/clusters/9986840/,RA; claims; csv,,
9986902_2024_Association of Washington Business v. U.S. Environmental Protection Agency_dcd,,,,9986902,https://www.courtlistener.com/api/rest/v4/clusters/9986902/,RA; claims; csv,,
9987715_2024_Gerald Bollfrass v. City of Phoenix_ca9,Gerald Bollfrass v. City of Phoenix,9th Cir.,2024,9987715,https://www.courtlistener.com/api/rest/v4/clusters/9987715/,RA; claims; csv,,
"9990293_2022_Shibley v. National Bank of Commerce, DBA, Private Bank of Bu_ganb",In re Jon Michael Hayes Shibley,Bankr. N.D. Ga.,2022,9990293,https://www.courtlistener.com/api/rest/v4/clusters/9990293/,p3ext_20260703,,
9994141_2022_Ditech Holding Corporation_nysb,"In re Ditech Holding Corporation, et al.",S.D.N.Y.,2022,9994141,https://www.courtlistener.com/api/rest/v4/clusters/9994141/,p3ext_20260703,on file with author,24c83882aab495d5b8a0baef96fa172e8e33685cede939ce1bd52ffe05b5d9d4
9994368_2023_Ditech Holding Corporation_nysb,"In re: Ditech Holding Corporation, et al.",S.D.N.Y.,2023,9994368,https://www.courtlistener.com/api/rest/v4/clusters/9994368/,p3ext_20260703,,
"9994844_2022_Robinson v. Wilburton Village Apartments, LP_okeb","Lisa Nicole Robinson v. Wilburton Village Apartments, LP",Bankr. E.D. Okla.,2022,9994844,https://www.courtlistener.com/api/rest/v4/clusters/9994844/,p3ext_20260703,,
9997813_2024_Sandpiper Residents Association v. HUD_cadc,Sandpiper Residents Association v. United States Department of Housing & Urban Development,D.C. Cir.,2024,9997813,https://www.courtlistener.com/api/rest/v4/clusters/9997813/,RA; claims; csv,,
9999651_2024_Emory Christian v. Rancho Grande Manufactured Home Community_ca9,Emory D. Christian v. Rancho Grande Manufactured Home Community,9th Cir.,2024,9999651,https://www.courtlistener.com/api/rest/v4/clusters/9999651/,RA; 3604; claims; csv,on file with author,53b1a3b039ea0af57ac591e0e8e9d99ae054a87fda045491030dde41ace35c7b
ABDELRASOUL v. Trustees of Boston University,Abdelrasoul v. Trustees of Boston University,D. Mass.,2024,,,3604; claims; csv,,
Alvarez v. City of Philadelphia,"King Anthony Alvarez v. City of Philadelphia, et al.",E.D. Pa.,2024,,,3604; claims; csv; dates_resolved,on file with author,1696a9228a9c9e922c18442a5db38f2220d7f0034c7317e5ca3dad1df03023a6
Amber Reineck House v City of Howell Michigan,,,,,,3604; claims,,
Avenue 6E Investments LLC v City of Yuma Arizona,,,,,,3604; claims,,
BOARD OF COUNTY COMMISSIONERS OF JOHNSON COUNTY v. Jorgensen,BOARD OF COUNTY COMMISSIONERS OF JOHNSON COUNTY v. Jorgensen,Kan. App.,2024,,,3604; claims; dates_resolved,,
"Bailey v. THE QUEEN'S LANDING COUNCIL OF UNIT OWNERS, INC.","Bailey v. The Queen's Landing Council of Unit Owners, Inc.",D. Md.,2024,,,3604; claims; csv,,
Banks v. Ross,Banks v. Ross,M.D.N.C.,2025,,,3604; claims; csv,on file with author,176ad79ec9a934d6d95102e98bd783a8d79ae4eb8f5086d205825e7dedf734b0
Banks v. Ross (1),Rickey Banks v. Ryan Ross et al.,M.D.N.C.,2025,,,3604; claims; csv,on file with author,00ab28fca545a93a5e182061895d3454a8e6ba5f859ee9300ead03e6df024cb5
Black v. ROYAL AMERICAN MANAGEMENT,"Latonia Black v. Royal American Management, et al.",S.D. Ala.,2025,,,3604; claims; csv,,
Boyce v. ST. VINCENT DEPAUL,"Sonja Marie Boyce v. St. Vincent DePaul (Lane County), GBM Garder Beckley Meadows",D. Or.,2024,,,3604; claims; csv; dates_resolved,on file with author,149574c7476241779ff28beafa07a95bfae944ff0b5317b492b7051d617627c8
Brandt v Village of Chebanse Ill,,,,,,3604; claims,,
CORI'S PLACE v. THE ZONING HEARING BOARD OF THE CITY OF NANTICOKE,Cori's Place v. The Zoning Hearing Board of the City of Nanticoke,M.D. Pa.,2024,,,3604; claims; csv,,
"CYMBALSKY v. 522 SHORE ROAD OWNERS, INC.","Gerald Cymbalsky v. 522 Shore Road Owners, Inc.",E.D.N.Y.,2025,,,3604; claims; csv,on file with author,79832f2d89269c43cadf43773a6458259e3c8859b4c53b6e4f7ed5f3ad56a8c3
Candlehouse Inc v Town of Vestal NY,,,,,,3604; claims,,
Caron Foundation of Florida Inc v City of Delray Beach,,,,,,3604; claims,,
Chapman v. Davis,Chapman v. Davis,S.D. Ohio,2024,,,3604; claims; csv,on file with author,6ba3d744a3b584e323d2e2a3a37c0c5e5f83f4914ce9cc31d9825ec58413299f
City of Grants Pass Oregon v Johnson,,,,,,3604; claims,,
City of Phoenix v Fehlner,,,,,,3604; claims,,
City of Tempe v State,,,,,,3604; claims,,
"DELAWARE HUMAN AND CIVIL RIGHTS COMMISSION EX REL. MILLAR v. GREENBRIER CONDOS, LLC","Delaware Human and Civil Rights Commission ex rel. Millar v. Greenbrier Condos, L.L.C.",Superior Court of Delaware,2024,,,3604; claims; dates_resolved,,
Dews v Town of Sunnyvale Tex,,,,,,3604; claims,,
Dunn v. Manuel,Dunn v. Manuel,N.D. Ala.,2024,,,3604; claims; csv,on file with author,20b373e3532ba4e7400cb3fc6b178539d1ae064030ef839d12636655f7b1b35a
"EIGHT IS ENOUGH, LLC v. OHLIG","Eight Is Enough, LLC v. Ohlig",Wash. Ct. App. Div. One,2024,,,3604; claims; dates_resolved,,
EWIDEH v. HOMESITE INS. CO. OF THE MIDWEST,EWIDEH v. HOMESITE INS. CO. OF THE MIDWEST,M.D. Pa.,2024,,,3604; claims; csv; dates_resolved,on file with author,1d9961cfd9e6ac0347d8dd8a8045729d1ceb19f09bb984211b584f238719819a
Eppler v Cleveland,,,,,,3604; claims,,
"FAIR HOUS. JUST. CTR., INC. v. PELICAN MGMT., INC.","Fair Housing Justice Center, Inc. v. Pelican Management, Inc.",2d Cir.,2025,,,3604; claims; csv,,
"FAIR HOUSING JUSTICE CENTER, INC. v. BRUCKNER TOWER LLC","Fair Housing Justice Center, Inc. v. Bruckner Tower LLC",S.D.N.Y.,2024,,,3604; claims; csv; phase2_extraction; dates_resolved,,
"FAIR HOUSING JUSTICE CENTER, INC. v. BRUCKNER TOWER, LLC","Fair Housing Justice Center, Inc. v. Bruckner Tower, LLC",S.D.N.Y.,2024,,,3604; claims; csv; phase2_extraction; dates_resolved,,
"George v. OVERALL CREEK APARTMENTS, LLC","Cynthia George v. Overall Creek Apartments, LLC et al.",M.D. Tenn.,2024,,,3604; claims; csv; dates_resolved,,
"George v. OVERALL CREEK APARTMENTS, LLC (1)","George v. Overall Creek Apartments, LLC",M.D. Tenn.,2024,,,3604; claims; csv,,
Greater New Orleans Fair Housing Action Center v St Bernard Parish,,,,,,3604; claims,,
Hartley v. UNITED STUDENT RENTALS,"Michael S. Hartley v. United Student Rentals, et al.",N.D.N.Y.,2025,,,3604; claims; csv,on file with author,f18790fc914373b481423c67ff2b65796bdf5da1ee8154f67b0867e052f23283
Hispanics United of DuPage County v Village of Addison Ill,,,,,,3604; claims,,
Humphries v. US DEPARTMENT OF HOUSING & URBAN DEVELOPMENT,Humphries v. U.S. Department of Housing & Urban Development,E.D. Pa.,2024,,,3604; claims; csv; dates_resolved,on file with author,e56a2e9bdc19130303e7e4ec6e201e9cac50c0c1bfbd2011837916f85cd1a61a
Huntington Branch NAACP v Town of Huntington,,,,,,3604; claims,,
Jackson v City of Auburn Ala,,,,,,3604; claims,,
James v. METZGER MANAGEMENT COMPANY,Anthony Alexander James v. Metzger Management Company,E.D. Cal.,2024,,,3604; claims; csv; phase1_patch; dates_resolved,on file with author,6742089451707ac14fa5406de1aab890c87153069f0e4769ff42c77f34a418d8
"Jones v. BLUE OCEAN REALTY, LLC","Travis R. Jones v. Blue Ocean Realty, LLC",D. Md.,2024,,,3604; claims; csv; dates_resolved,on file with author,ec451b70ecf28ac90980c6a3a6c6c270a20efc32d31c6c730f570028c8a38e3c
KRASZYNSKI v. ROB ROY COUNTRY CLUB VILLAGE ASSOCIATION,,,,,,3604; claims,,
LABOR COMMISSION v. FCS COMMUNITY MGMT.,Labor Commission v. FCS Community Management,Utah Ct. App.,2024,,,3604; claims; dates_resolved,,
Lax v. ADOBE SERVICES,Lax v. Adobe Services,E.D. Cal.,2024,,,3604; claims; csv; dates_resolved,on file with author,6954f68f21692594b348b57d3e9440596a510adbdb9a0cca1132d50384fe9f7b
LeBlanc-Sternberg v Fletcher,,,,,,3604; claims,,
MALAVE-SYKES v. GEODIS SCO USA LLC,,,,,,3604; claims,,
MHANY Management Inc v Incorporated Village of Garden City,,,,,,3604; claims,,
May v. MARTIN FEIN INTEREST LTD.,May v. Martin Fein Interest Ltd.,E.D.N.C.,2024,,,3604; claims; csv,,
McFARLAND FARM PROPERTY OWNERS'ASSOCIATION v. Ryan,,,,,,3604; claims,,
"McGinn v. Broadmead, Inc.","McGinn v. Broadmead, Inc.",D. Md.,2024,,,3604; claims; csv,,
Miller v. GEORGIA DEPARTMENT OF COMMUNITY SUPERVISION,"Tracy A. Miller v. Georgia Department of Community Supervision, et al.",M.D. Ga.,2024,,,3604; claims; csv; dates_resolved,on file with author,d1d9f4a89d11fc927755ca85ac474951f93cb5b7d50ba554c9f9bc02e1afaf08
Morris v. City of Baltimore,Deborah Morris v. City of Baltimore,D. Md.,2025,,,3604; claims; csv,on file with author,bc7676cdd2312ca5c78b866d572569fec3cbf5ec841a7bbe0e5fa098f7114606
Nelson v. HOUSING AUTHORITY OF SOUTH BEND,Nelson v. Housing Authority of South Bend,Court of Appeals of Indiana,2024,,,3604; claims; dates_resolved,,
OCEANVIEW HOME INC. v. Zucker,"Matter of Oceanview Home for Adults, Inc. v. Zucker",NY Court of Appeals,2025,,,3604; claims,,
Oakwood at Madison Inc v Madison Tp,,,,,,3604; claims,,
Oconomowoc Residential Programs Inc v City of Greenfield,,,,,,3604; claims,,
Open Homes Fellowship Inc v Orange County Fla,,,,,,3604; claims,,
Ortiz v. Mull,"Henry Ortiz v. Doug V. Mull, et al.",E.D. Cal.,2026,,,3604; claims; csv,on file with author,ddab1f7c4ddd98a4b77fd2bc965b857093b9f8d3b04556509557da49d49fa535
Ortiz v. Mull (1),"Henry Ortiz v. Doug V. Mull, et al.",E.D. Cal.,2025,,,3604; claims; csv,on file with author,eb0d92053e1aa82a74b31545472a9c03d47da03b5217365a5c8752962727897b
Ortiz v. VALASEK,Ortiz v. Valasek,D. Neb.,2024,,,3604; claims; csv,on file with author,07887924fdfc71810e17ca24dba32592c9e549186803532dc8efdf51d9ce3127
"Oxford House, Inc. v. TP. OF NORTH BERGEN","Oxford House, Inc. v. Township of North Bergen",3d Cir.,2025,,,3604; claims; csv,,
"Oxford House, Inc. v. Township of North Bergen","Oxford House, Inc. v. Township of North Bergen",D.N.J.,2024,,,3604; claims; csv,on file with author,b0201502340e2440617bd55485b968e813f198496a4af24f46efb6751a4c9b63
PLAYERS PLACE II CONDO. v. KP,"Players Place II Condominium Association, Inc. v. K.P. and B.F.",Supreme Court of New Jersey,2024,,,3604; claims; dates_resolved,,
"PLAYERS PLACE II CONDOMINIUM ASSOCIATION, INC. v. KP","Players Place II Condominium Association, Inc. v. K.P.",Supreme Court of New Jersey,2024,,,3604; claims; dates_resolved,,
"PRJ CAPITAL, LLC v. Moran","PRJ Capital, LLC v. Moran",Mich. Ct. App.,2024,,,3604; claims; dates_resolved,on file with author,351fe17127a08fb951b2e6f022d89720c7685497473742f2a9994c8e90746cae
Pinnacle Treatment Centers Inc v City of Crown Point Indiana,,,,,,3604; claims,,
"Portnoy v. MEI CONDOMINIUM ASSOCIATION, INC.","Eli Portnoy v. MEI Condominium Association, Inc.",S.D. Fla.,2024,,,3604; claims; csv; dates_resolved,,
Prince v. Michigan,,,,,,3604; claims,,
RAClassification_Summary,,,,,,3604; claims,,
RAClassification_Summary_v2,,,,,,3604; claims,,
Rehabilitation Support Services Inc v City of Albany New York,,,,,,3604; claims,,
Roberts v. SACRAMENTO HOUSING AND REDEVELOPMENT AGENCY,Sydney Brooke Roberts and David Tyrone Samuel v. Sacramento Housing and Redevelopment Agency,E.D. Cal.,2025,,,3604; claims; csv,,
Rodriguez v. City of Chicago,Rodriguez v. City of Chicago,N.D. Ill.,2025,,,3604; claims; csv,on file with author,c0beb8e7c5ebbab44c818855e77e92474f4773bfbc62e6c3c0fbf66695940e56
SPROAPS v. Brown,Sproaps v. Brown,E.D. Mo.,2024,,,3604; claims; csv,,
South-Suburban Housing Center v Greater South Suburban Bd of Realtors,,,,,,3604; claims,,
Southern Burlington County NAACP v Mount Laurel Tp,,,,,,3604; claims,,
Southwest Fair Housing Council Inc v Maricopa Domestic Water Improvement District,,,,,,3604; claims,,
State Financial Bank National Association v City of South Milwaukee,,,,,,3604; claims,,
Sunlight of Spirit House Inc v Borough of North Wales Pennsylvania,,,,,,3604; claims,,
Support Ministries for Persons With AIDS Inc v Village of Waterford NY,,,,,,3604; claims,,
Surrick v Zoning Hearing Bd of Upper Providence Tp,,,,,,3604; claims,,
"Tanner v. Rochdale Village, Inc.","Walter Tanner v. Rochdale Village, Inc.",E.D.N.Y.,2024,,,3604; claims; csv; dates_resolved,on file with author,fab6e2d3a8441deeb6ceca1ac6a4120e08ce2473d187378978bcfd903b50c9d4
United States v. RUTHERFORD TENANTS CORP.,United States of America v. Rutherford Tenants Corp. and James Ramadei,S.D.N.Y.,2024,,,3604; claims; csv; phase2_extraction; dates_resolved,,
"United States v. TOLL BROTHERS, INC.","United States of America v. Toll Brothers, Inc.",S.D.N.Y.,2024,,,3604; claims; csv; phase2_extraction; dates_resolved,,
"United States v. TOLL BROTHERS, INC. (1)","United States of America v. Toll Brothers, Inc.",S.D.N.Y.,2024,,,3604; claims; csv; phase2_extraction; dates_resolved,,
"WILLOW HAVEN ON 106th STREET, LLC v. NAGIREDDY",,,,,,3604; claims,,
Walker v US Dept of Housing and Urban Development,,,,,,3604; claims,,
Watkins v. HOUSING AUTHORITY OF THE CITY OF HUGO,Watkins v. Housing Authority of the City of Hugo,E.D. Okla.,2025,,,3604; claims; csv; phase1_patch,,
Waynesborough Corp v Easttown Tp Zoning Hearing Bd Easttown Tp,,,,,,3604; claims,,
Willow Haven on 106th Street v. Nagireddy,,,,,,3604; claims,,
Woodfield Equities LLC v Incorporated Village of Patchogue,,,,,,3604; claims,,
Yates Real Estate Inc v Plainfield Zoning Board of Adjustment,,,,,,3604; claims,,
Zang v. Peroutka,,,,,,3604; claims,,
_existing_cases,Robinson v. District of Columbia,UNDETERMINED,,,,3604; claims; csv; phase2_extraction,,
duplicate_analysis,,,,,,3604; claims,,
~$ANY Management Inc v Incorporated Village of Garden City,,,,,,3604; claims,,
~$andt v Village of Chebanse Ill,,,,,,3604; claims,,
